{"type":"FeatureCollection","features":[{"type":"Feature","properties":{"layer":"habitat","species":"Ocmulgee skullcap","status":"Endangered","source":"USFWS"},"geometry":{"type":"MultiPolygon","coordinates":[[[[-81.74659,33.14496],[-81.74615,33.14315],[-81.74485,33.14208],[-81.73839,33.1386],[-81.72879,33.13255],[-81.72121,33.12556],[-81.71889,33.12416],[-81.71211,33.12149],[-81.70554,33.11618],[-81.7039,33.1158],[-81.69858,33.11637],[-81.67976,33.1111],[-81.67633,33.10986],[-81.67157,33.10732],[-81.66177,33.10402],[-81.65931,33.10227],[-81.65879,33.10139],[-81.65947,33.10056],[-81.66041,33.10061],[-81.66259,33.10206],[-81.66672,33.10301],[-81.668,33.10273],[-81.66864,33.10192],[-81.66765,33.09949],[-81.66797,33.09922],[-81.66959,33.10029],[-81.67088,33.10028],[-81.66898,33.10462],[-81.66963,33.10516],[-81.67059,33.10516],[-81.67209,33.10376],[-81.67251,33.10433],[-81.67156,33.10562],[-81.67253,33.10596],[-81.67412,33.10433],[-81.67573,33.10459],[-81.6751,33.10676],[-81.6775,33.10787],[-81.67898,33.10917],[-81.68024,33.10943],[-81.6809,33.1091],[-81.68124,33.1097],[-81.68215,33.10969],[-81.68414,33.11077],[-81.68639,33.11075],[-81.68927,33.10965],[-81.68864,33.11074],[-81.68943,33.11168],[-81.69265,33.1133],[-81.69785,33.11434],[-81.70357,33.11387],[-81.71179,33.11646],[-81.71557,33.11829],[-81.71855,33.12021],[-81.72367,33.12481],[-81.72945,33.13078],[-81.73804,33.13535],[-81.74,33.13886],[-81.74355,33.14046],[-81.74612,33.14045],[-81.74806,33.14098],[-81.75098,33.1442],[-81.75227,33.1442],[-81.75227,33.14501],[-81.75422,33.14635],[-81.75583,33.14661],[-81.75809,33.14822],[-81.7565,33.15067],[-81.75715,33.15147],[-81.76716,33.1552],[-81.76878,33.15627],[-81.7675,33.15751],[-81.76595,33.15782],[-81.76572,33.15898],[-81.76572,33.16076],[-81.76829,33.16481],[-81.77261,33.1671],[-81.77509,33.16981],[-81.7795,33.17299],[-81.78143,33.17546],[-81.78445,33.17817],[-81.79034,33.18228],[-81.79181,33.18421],[-81.79065,33.18498],[-81.78631,33.18243],[-81.78114,33.17853],[-81.76472,33.16323],[-81.76267,33.15658],[-81.75814,33.1539],[-81.75197,33.14718],[-81.74659,33.14496]]],[[[-81.52921,33.03394],[-81.52792,33.03316],[-81.52673,33.03138],[-81.52576,33.02956],[-81.52561,33.02806],[-81.52733,33.02816],[-81.52811,33.03029],[-81.52996,33.03293],[-81.53103,33.0332],[-81.5334,33.03066],[-81.53556,33.02985],[-81.53693,33.0306],[-81.53762,33.03197],[-81.53721,33.03276],[-81.53387,33.03432],[-81.53046,33.03438],[-81.52921,33.03394]]],[[[-81.87738,33.25862],[-81.87054,33.25197],[-81.85973,33.24474],[-81.85741,33.24223],[-81.85673,33.24042],[-81.85481,33.23777],[-81.85044,33.23353],[-81.84306,33.23091],[-81.83927,33.22834],[-81.83688,33.22855],[-81.83499,33.22948],[-81.82965,33.22956],[-81.828,33.22787],[-81.82574,33.22779],[-81.82349,33.22709],[-81.82089,33.22521],[-81.82056,33.22413],[-81.81601,33.21956],[-81.81278,33.21877],[-81.81213,33.21742],[-81.80921,33.21474],[-81.8079,33.21231],[-81.80595,33.21124],[-81.80659,33.21015],[-81.80852,33.21068],[-81.81079,33.21229],[-81.81307,33.21498],[-81.81891,33.21954],[-81.82215,33.2225],[-81.82379,33.22492],[-81.82541,33.22599],[-81.83154,33.22768],[-81.83306,33.22758],[-81.83411,33.22675],[-81.8354,33.22701],[-81.83829,33.22618],[-81.83958,33.22644],[-81.84281,33.22893],[-81.84945,33.23123],[-81.85171,33.23273],[-81.85401,33.23548],[-81.85615,33.23688],[-81.8576,33.24005],[-81.85995,33.24271],[-81.86617,33.2466],[-81.86929,33.24777],[-81.87342,33.2508],[-81.8775,33.25441],[-81.87949,33.25726],[-81.8801,33.2575],[-81.88074,33.25702],[-81.88102,33.25619],[-81.8827,33.25479],[-81.88406,33.2546],[-81.88483,33.25514],[-81.88501,33.25593],[-81.8834,33.25879],[-81.88197,33.25926],[-81.87738,33.25862]]],[[[-81.91046,33.29383],[-81.90901,33.29056],[-81.90651,33.28688],[-81.89619,33.27803],[-81.89405,33.27496],[-81.89347,33.27241],[-81.89323,33.26638],[-81.8939,33.26611],[-81.89466,33.26808],[-81.89635,33.27607],[-81.89804,33.27627],[-81.89997,33.27773],[-81.90305,33.27772],[-81.90567,33.27999],[-81.90943,33.28425],[-81.91034,33.28592],[-81.91098,33.28768],[-81.9115,33.29274],[-81.91195,33.29334],[-81.91366,33.29324],[-81.91956,33.29714],[-81.92136,33.3012],[-81.92242,33.30219],[-81.92455,33.30771],[-81.9314,33.31124],[-81.92855,33.31295],[-81.92426,33.31371],[-81.92426,33.31209],[-81.9256,33.31028],[-81.9216,33.30733],[-81.92144,33.30526],[-81.91859,33.29977],[-81.91579,33.29695],[-81.9121,33.2953],[-81.91046,33.29383]]],[[[-81.99843,33.52935],[-81.99875,33.52891],[-81.99662,33.52674],[-82.00267,33.52236],[-82.0037,33.52327],[-82.00544,33.52381],[-82.00496,33.52456],[-82.00407,33.52414],[-82.00296,33.52579],[-82.00385,33.52622],[-82.00084,33.53071],[-81.99891,33.52905],[-81.99686,33.53144],[-81.99843,33.52935]]],[[[-82.02631,33.52791],[-82.0281,33.52771],[-82.03278,33.52939],[-82.03222,33.53182],[-82.03167,33.53247],[-82.02896,33.53304],[-82.02643,33.53428],[-82.02549,33.53403],[-82.0223,33.53092],[-82.02294,33.52886],[-82.02631,33.52791]]],[[[-81.99424,33.54493],[-81.99634,33.53947],[-81.99841,33.53826],[-82.00245,33.53685],[-82.00385,33.5372],[-82.00631,33.53643],[-82.00836,33.5365],[-82.00972,33.53759],[-82.01019,33.539],[-82.00992,33.54073],[-82.00939,33.54307],[-82.00802,33.54579],[-82.00343,33.54761],[-82.00145,33.54572],[-81.99704,33.54421],[-81.99724,33.54653],[-81.9965,33.5491],[-81.99388,33.55327],[-81.99293,33.55298],[-81.99371,33.55269],[-81.9938,33.55176],[-81.99526,33.55027],[-81.99557,33.54872],[-81.99424,33.54493]]],[[[-82.04243,33.55284],[-82.04081,33.55205],[-82.03671,33.54763],[-82.03405,33.54323],[-82.03651,33.54549],[-82.04065,33.54731],[-82.04453,33.55153],[-82.04373,33.55264],[-82.04531,33.55254],[-82.04599,33.55309],[-82.0489,33.55749],[-82.04829,33.55821],[-82.04734,33.55821],[-82.04507,33.55688],[-82.04538,33.55607],[-82.04471,33.55418],[-82.04243,33.55284]]]]}},{"type":"Feature","properties":{"layer":"habitat","species":"Frosted Flatwoods salamander","status":"Threatened","source":"USFWS"},"geometry":{"type":"MultiPolygon","coordinates":[[[[-81.10974,32.30253],[-81.1063,32.30045],[-81.10575,32.29823],[-81.10602,32.2968],[-81.10714,32.29524],[-81.10873,32.29416],[-81.11266,32.29396],[-81.11398,32.29467],[-81.11512,32.29601],[-81.11594,32.29916],[-81.11575,32.29987],[-81.11384,32.30218],[-81.10974,32.30253]]],[[[-81.0165,32.2333],[-81.01657,32.23262],[-81.01577,32.23217],[-81.01629,32.23119],[-81.01754,32.23064],[-81.01865,32.23323],[-81.02024,32.23242],[-81.02193,32.22975],[-81.02388,32.23027],[-81.0254,32.22989],[-81.02714,32.23109],[-81.02744,32.23493],[-81.02661,32.23665],[-81.02526,32.23784],[-81.0227,32.23788],[-81.02131,32.23762],[-81.02134,32.23673],[-81.0165,32.2333]]]]}},{"type":"Feature","properties":{"layer":"habitat","species":"Carolina heelsplitter","status":"Endangered","source":"USFWS"},"geometry":{"type":"MultiPolygon","coordinates":[[[[-82.05602,33.81368],[-82.05553,33.81348],[-82.05643,33.81344],[-82.05668,33.81277],[-82.0589,33.81173],[-82.06155,33.81202],[-82.06179,33.8112],[-82.06321,33.81038],[-82.06537,33.81086],[-82.06746,33.81333],[-82.06865,33.81333],[-82.0696,33.81287],[-82.06966,33.81172],[-82.0683,33.81032],[-82.06848,33.80957],[-82.07183,33.81048],[-82.07297,33.81008],[-82.07324,33.80902],[-82.07404,33.80871],[-82.07364,33.8079],[-82.07557,33.80735],[-82.07651,33.80626],[-82.07865,33.80503],[-82.07886,33.80433],[-82.08326,33.80361],[-82.085,33.80477],[-82.08579,33.80428],[-82.086,33.80307],[-82.0884,33.80131],[-82.0903,33.80092],[-82.09079,33.8002],[-82.09322,33.79903],[-82.09399,33.79792],[-82.09879,33.79735],[-82.10148,33.79891],[-82.10117,33.79729],[-82.1018,33.79639],[-82.10365,33.7971],[-82.10789,33.7969],[-82.10771,33.79567],[-82.1093,33.79407],[-82.11078,33.79426],[-82.11725,33.79774],[-82.11924,33.79983],[-82.11942,33.8011],[-82.12021,33.80154],[-82.12174,33.8012],[-82.12332,33.7996],[-82.12669,33.79841],[-82.12788,33.80104],[-82.12937,33.80121],[-82.13076,33.80297],[-82.13328,33.8047],[-82.13379,33.80399],[-82.13163,33.80075],[-82.1317,33.79996],[-82.13477,33.79916],[-82.1384,33.8025],[-82.13822,33.80166],[-82.14123,33.79838],[-82.14285,33.79527],[-82.14444,33.79441],[-82.14464,33.79486],[-82.14305,33.79563],[-82.14197,33.7981],[-82.13899,33.8016],[-82.13951,33.8028],[-82.14113,33.80425],[-82.14155,33.80613],[-82.13423,33.81011],[-82.13716,33.81449],[-82.13973,33.81684],[-82.13988,33.81763],[-82.13787,33.8193],[-82.13448,33.81914],[-82.13289,33.81797],[-82.13037,33.8187],[-82.12949,33.82083],[-82.12486,33.82606],[-82.12437,33.82765],[-82.12206,33.8283],[-82.11649,33.82797],[-82.11422,33.82906],[-82.11402,33.83021],[-82.11564,33.83303],[-82.11545,33.8341],[-82.11289,33.83426],[-82.11067,33.83383],[-82.10848,33.83486],[-82.10986,33.8373],[-82.10997,33.83882],[-82.10917,33.8393],[-82.10456,33.83977],[-82.10196,33.84646],[-82.09712,33.84904],[-82.09582,33.8493],[-82.09498,33.84837],[-82.09634,33.84603],[-82.09383,33.84388],[-82.09305,33.84378],[-82.09226,33.84432],[-82.09369,33.84523],[-82.09387,33.84668],[-82.08903,33.84893],[-82.08675,33.84845],[-82.0851,33.84893],[-82.08456,33.85219],[-82.08388,33.85309],[-82.07848,33.85172],[-82.07708,33.85075],[-82.07783,33.85439],[-82.0755,33.85725],[-82.07174,33.85963],[-82.07021,33.86142],[-82.06878,33.86149],[-82.06747,33.86083],[-82.06649,33.86104],[-82.06813,33.86381],[-82.06749,33.86501],[-82.06558,33.86529],[-82.0628,33.86427],[-82.06203,33.86447],[-82.06006,33.86739],[-82.05628,33.86875],[-82.0521,33.87137],[-82.05056,33.87325],[-82.05027,33.87506],[-82.0506,33.87572],[-82.05011,33.87638],[-82.04861,33.87682],[-82.04729,33.8743],[-82.04638,33.87381],[-82.04359,33.87542],[-82.04474,33.87696],[-82.04377,33.87927],[-82.03982,33.87974],[-82.03723,33.8808],[-82.03537,33.88081],[-82.03283,33.88265],[-82.03128,33.88598],[-82.03032,33.88684],[-82.0288,33.8871],[-82.02689,33.88581],[-82.0263,33.8859],[-82.02498,33.8893],[-82.02403,33.89014],[-82.02239,33.89004],[-82.02098,33.88912],[-82.01832,33.89035],[-82.02293,33.89296],[-82.02247,33.89364],[-82.01946,33.89506],[-82.02095,33.89586],[-82.01886,33.8981],[-82.01892,33.89857],[-82.02077,33.90071],[-82.01726,33.90248],[-82.0185,33.90436],[-82.02142,33.90578],[-82.02272,33.90608],[-82.02505,33.90557],[-82.02642,33.90641],[-82.02569,33.90729],[-82.02174,33.9089],[-82.02049,33.91045],[-82.02258,33.91073],[-82.02254,33.91234],[-82.01959,33.91275],[-82.01913,33.91415],[-82.02116,33.91707],[-82.02325,33.917],[-82.02417,33.91757],[-82.02345,33.92001],[-82.0239,33.92077],[-82.02311,33.92164],[-82.02409,33.9232],[-82.02628,33.92363],[-82.02456,33.92562],[-82.02678,33.92759],[-82.02649,33.92805],[-82.02504,33.92781],[-82.02465,33.92825],[-82.02669,33.92988],[-82.02716,33.93084],[-82.02863,33.93106],[-82.02839,33.93236],[-82.02939,33.93284],[-82.02937,33.93518],[-82.02907,33.9358],[-82.02741,33.93621],[-82.02757,33.93818],[-82.02556,33.93909],[-82.02507,33.94229],[-82.023,33.94423],[-82.0237,33.94654],[-82.0203,33.94661],[-82.01887,33.9489],[-82.01693,33.94982],[-82.01659,33.94939],[-82.01823,33.94894],[-82.01886,33.9483],[-82.02015,33.94587],[-82.02353,33.94638],[-82.02268,33.94437],[-82.02488,33.94201],[-82.02552,33.94014],[-82.02525,33.93919],[-82.02732,33.93815],[-82.02721,33.93594],[-82.02915,33.93536],[-82.02904,33.93303],[-82.0281,33.93255],[-82.02834,33.93136],[-82.027,33.93108],[-82.0244,33.92854],[-82.02459,33.92766],[-82.02652,33.92758],[-82.02428,33.92562],[-82.02598,33.92375],[-82.02383,33.9234],[-82.02363,33.92251],[-82.0228,33.92177],[-82.02369,33.92089],[-82.0232,33.92002],[-82.02389,33.9177],[-82.02088,33.91732],[-82.01881,33.91422],[-82.01929,33.91257],[-82.0223,33.91231],[-82.02214,33.91089],[-82.02104,33.91108],[-82.02017,33.91041],[-82.02149,33.9088],[-82.0258,33.907],[-82.02609,33.90643],[-82.02507,33.90585],[-82.023,33.90628],[-82.02092,33.90594],[-82.01824,33.90452],[-82.01695,33.9025],[-82.01702,33.902],[-82.02038,33.90074],[-82.01836,33.89824],[-82.02051,33.8963],[-82.0192,33.8949],[-82.02234,33.89343],[-82.02263,33.89284],[-82.02158,33.89278],[-82.01796,33.89054],[-82.0188,33.88969],[-82.02083,33.88885],[-82.02063,33.88652],[-82.01685,33.88756],[-82.01256,33.88605],[-82.01157,33.88616],[-82.01154,33.88676],[-82.01349,33.88819],[-82.01437,33.89119],[-82.01093,33.89317],[-82.00881,33.89259],[-82.00413,33.88836],[-82.00343,33.88827],[-82.00221,33.88936],[-82.00186,33.88906],[-82.00387,33.88781],[-82.00886,33.89213],[-82.01115,33.89284],[-82.01401,33.89118],[-82.01308,33.88844],[-82.01108,33.88658],[-82.0114,33.88583],[-82.01247,33.88558],[-82.01707,33.88725],[-82.02058,33.88616],[-82.02131,33.88662],[-82.02098,33.88778],[-82.02129,33.88896],[-82.0229,33.8899],[-82.02419,33.88976],[-82.02588,33.88586],[-82.02694,33.88542],[-82.02859,33.88653],[-82.0305,33.88635],[-82.03214,33.88293],[-82.03502,33.88057],[-82.03745,33.88034],[-82.03977,33.87939],[-82.04361,33.879],[-82.04436,33.87712],[-82.04334,33.87597],[-82.04328,33.87505],[-82.04635,33.87334],[-82.04745,33.87384],[-82.04876,33.87643],[-82.05008,33.87605],[-82.05028,33.87307],[-82.05183,33.87128],[-82.05649,33.86822],[-82.05956,33.86731],[-82.06173,33.86415],[-82.06303,33.86396],[-82.06545,33.86498],[-82.06747,33.86461],[-82.06777,33.86368],[-82.06628,33.86163],[-82.06618,33.86078],[-82.06743,33.86042],[-82.06977,33.86127],[-82.0717,33.85924],[-82.07442,33.85784],[-82.07581,33.85653],[-82.07747,33.8543],[-82.0766,33.85051],[-82.07771,33.85037],[-82.07923,33.8515],[-82.08375,33.85264],[-82.08437,33.85136],[-82.08434,33.84949],[-82.08491,33.8486],[-82.08702,33.848],[-82.08802,33.84861],[-82.08906,33.84856],[-82.09346,33.84661],[-82.0933,33.84552],[-82.09188,33.8445],[-82.09196,33.84383],[-82.09271,33.84341],[-82.09422,33.84365],[-82.09639,33.84549],[-82.09668,33.84643],[-82.09551,33.84819],[-82.09634,33.84889],[-82.09725,33.84865],[-82.10209,33.84585],[-82.10351,33.84072],[-82.10449,33.83928],[-82.10955,33.83873],[-82.10939,33.83735],[-82.10793,33.83553],[-82.10823,33.83451],[-82.11009,33.83333],[-82.11315,33.83387],[-82.11522,33.83372],[-82.11521,33.83277],[-82.1136,33.82995],[-82.1137,33.82912],[-82.11433,33.82857],[-82.11703,33.82755],[-82.12163,33.82798],[-82.12365,33.82764],[-82.12698,33.82282],[-82.12928,33.82064],[-82.13012,33.81842],[-82.13312,33.81758],[-82.13523,33.8189],[-82.13795,33.81894],[-82.13959,33.81732],[-82.13583,33.81361],[-82.13373,33.81034],[-82.13444,33.80918],[-82.14119,33.80583],[-82.14088,33.80474],[-82.13875,33.80215],[-82.13853,33.80279],[-82.13744,33.80251],[-82.13439,33.79948],[-82.1321,33.80015],[-82.132,33.80078],[-82.13393,33.80379],[-82.13377,33.80471],[-82.13304,33.80484],[-82.13047,33.80305],[-82.12926,33.80151],[-82.12827,33.80156],[-82.1274,33.801],[-82.12633,33.79876],[-82.12335,33.7998],[-82.12183,33.80142],[-82.12018,33.80178],[-82.11931,33.80126],[-82.11826,33.79901],[-82.11724,33.79824],[-82.10955,33.79428],[-82.10809,33.79591],[-82.10815,33.79707],[-82.10376,33.79738],[-82.1018,33.79686],[-82.10149,33.79732],[-82.10189,33.79874],[-82.10149,33.79932],[-82.09885,33.79771],[-82.09421,33.79821],[-82.09357,33.79928],[-82.09111,33.80025],[-82.09039,33.80122],[-82.08847,33.80154],[-82.08657,33.80303],[-82.08623,33.80417],[-82.0851,33.80497],[-82.0831,33.80384],[-82.07914,33.80442],[-82.07809,33.8059],[-82.07688,33.80634],[-82.07602,33.80735],[-82.07403,33.80791],[-82.07444,33.80844],[-82.07315,33.81023],[-82.07171,33.81071],[-82.06868,33.80992],[-82.06857,33.81038],[-82.06987,33.81151],[-82.06959,33.81313],[-82.06735,33.81339],[-82.06565,33.81123],[-82.06336,33.81049],[-82.06198,33.81138],[-82.06181,33.81214],[-82.059,33.81199],[-82.05723,33.81283],[-82.05674,33.81362],[-82.05602,33.81368]]],[[[-82.08578,34.00784],[-82.08707,34.00765],[-82.08967,34.00821],[-82.09036,34.0078],[-82.0946,34.00084],[-82.09314,33.99994],[-82.0964,33.9928],[-82.09877,33.98972],[-82.10073,33.98872],[-82.10185,33.98718],[-82.10307,33.98698],[-82.10426,33.98467],[-82.1082,33.98234],[-82.10887,33.98075],[-82.10845,33.97932],[-82.10874,33.97848],[-82.11156,33.97716],[-82.11373,33.97471],[-82.11777,33.97199],[-82.1185,33.97181],[-82.11926,33.97239],[-82.12011,33.972],[-82.11907,33.96853],[-82.11977,33.96799],[-82.12156,33.96861],[-82.12233,33.96794],[-82.12251,33.96699],[-82.1219,33.96653],[-82.12179,33.96475],[-82.12753,33.96393],[-82.12973,33.96301],[-82.13211,33.96401],[-82.13308,33.96396],[-82.1326,33.96314],[-82.13552,33.96052],[-82.1346,33.96055],[-82.1335,33.95989],[-82.13333,33.9592],[-82.1342,33.9586],[-82.13268,33.95859],[-82.13272,33.95699],[-82.1319,33.95671],[-82.13183,33.95551],[-82.13099,33.95514],[-82.13116,33.95464],[-82.13497,33.95279],[-82.1382,33.95225],[-82.14028,33.95128],[-82.14407,33.95185],[-82.14457,33.95058],[-82.14664,33.95053],[-82.14709,33.94971],[-82.14611,33.94904],[-82.14824,33.94732],[-82.14684,33.94704],[-82.1467,33.94663],[-82.14965,33.94392],[-82.14988,33.94306],[-82.1516,33.94213],[-82.15203,33.94135],[-82.15571,33.94144],[-82.15714,33.93951],[-82.15837,33.9395],[-82.16103,33.9382],[-82.16153,33.93775],[-82.16133,33.93642],[-82.16231,33.93573],[-82.16082,33.93446],[-82.16085,33.93377],[-82.1646,33.93225],[-82.1656,33.93315],[-82.16664,33.93223],[-82.1688,33.93204],[-82.16773,33.9305],[-82.168,33.92987],[-82.16914,33.92997],[-82.173,33.9278],[-82.17466,33.92852],[-82.17507,33.92763],[-82.17625,33.92732],[-82.17508,33.9258],[-82.17524,33.92528],[-82.17655,33.92722],[-82.17515,33.92788],[-82.17486,33.92868],[-82.1731,33.92803],[-82.16938,33.93013],[-82.16815,33.93024],[-82.16925,33.93193],[-82.16901,33.93224],[-82.1665,33.93249],[-82.16576,33.93332],[-82.16497,33.93327],[-82.16456,33.93268],[-82.16119,33.93397],[-82.16267,33.93586],[-82.16142,33.93676],[-82.16174,33.93779],[-82.16131,33.93836],[-82.15705,33.93998],[-82.15584,33.94172],[-82.15204,33.94164],[-82.15195,33.94228],[-82.15015,33.9431],[-82.14982,33.94403],[-82.14774,33.94593],[-82.14779,33.94637],[-82.14696,33.94669],[-82.1485,33.94723],[-82.14804,33.94815],[-82.14709,33.94824],[-82.14642,33.94894],[-82.14741,33.9497],[-82.14678,33.95069],[-82.14456,33.95085],[-82.14439,33.95187],[-82.14385,33.95211],[-82.14016,33.95153],[-82.13766,33.95262],[-82.135,33.95305],[-82.13154,33.95473],[-82.13239,33.95531],[-82.13198,33.95586],[-82.13216,33.95661],[-82.13292,33.95684],[-82.13285,33.95826],[-82.13328,33.95849],[-82.13391,33.95804],[-82.13449,33.95853],[-82.13364,33.9592],[-82.13377,33.95973],[-82.13596,33.96022],[-82.133,33.96315],[-82.13361,33.964],[-82.13215,33.96428],[-82.12993,33.96339],[-82.12799,33.96411],[-82.12212,33.96475],[-82.12208,33.96636],[-82.12276,33.96724],[-82.12239,33.96834],[-82.12144,33.96895],[-82.11926,33.96885],[-82.1204,33.97125],[-82.12029,33.97219],[-82.11953,33.97281],[-82.11839,33.97206],[-82.11774,33.97226],[-82.11393,33.975],[-82.11229,33.97708],[-82.10891,33.97883],[-82.10932,33.9806],[-82.10855,33.98248],[-82.10423,33.98498],[-82.10311,33.98736],[-82.10184,33.98744],[-82.10092,33.98888],[-82.09912,33.98974],[-82.09657,33.99303],[-82.09402,33.9982],[-82.09366,33.99983],[-82.09475,34.00054],[-82.09473,34.00103],[-82.0921,34.00633],[-82.09112,34.0068],[-82.08983,34.00845],[-82.0864,34.00785],[-82.08466,34.00849],[-82.08495,34.0094],[-82.08463,34.00945],[-82.08429,34.00853],[-82.08578,34.00784]]]]}},{"type":"Feature","properties":{"layer":"habitat","species":"Loggerhead sea turtle","status":"Threatened","source":"USFWS"},"geometry":{"type":"MultiPolygon","coordinates":[[[[-81.26002,31.4],[-81.25761,31.40633],[-81.25466,31.41116],[-81.25161,31.42213],[-81.252,31.41876],[-81.25441,31.41108],[-81.25736,31.40625],[-81.25966,31.4],[-81.26002,31.4]]],[[[-81.24934,31.42145],[-81.24998,31.42126],[-81.2457,31.4266],[-81.236,31.43595],[-81.23567,31.43771],[-81.23691,31.44063],[-81.23724,31.4428],[-81.23602,31.44682],[-81.23696,31.44279],[-81.23665,31.4407],[-81.23539,31.43773],[-81.23575,31.43585],[-81.24548,31.42645],[-81.24934,31.42145]]],[[[-81.19977,31.53678],[-81.19497,31.53536],[-81.1878,31.53034],[-81.18143,31.52343],[-81.17641,31.51634],[-81.18271,31.51106],[-81.19002,31.50309],[-81.19601,31.49303],[-81.20501,31.47473],[-81.20886,31.46911],[-81.23092,31.44487],[-81.23332,31.44434],[-81.23445,31.44537],[-81.23322,31.44457],[-81.23111,31.44504],[-81.20909,31.46925],[-81.20525,31.47484],[-81.19626,31.49313],[-81.19026,31.50321],[-81.18292,31.51122],[-81.17676,31.5164],[-81.18165,31.52331],[-81.18528,31.52746],[-81.19013,31.53196],[-81.19511,31.53516],[-81.19832,31.53633],[-81.20266,31.5364],[-81.20476,31.53564],[-81.207,31.5325],[-81.20494,31.53581],[-81.20273,31.53662],[-81.19977,31.53678]]],[[[-81.13443,31.63398],[-81.1307,31.63244],[-81.13029,31.63189],[-81.13058,31.63042],[-81.14243,31.61007],[-81.15908,31.57535],[-81.16346,31.56772],[-81.16527,31.56541],[-81.16936,31.56182],[-81.17396,31.55925],[-81.17826,31.55813],[-81.18129,31.55932],[-81.18305,31.5607],[-81.18467,31.56411],[-81.18206,31.56011],[-81.17917,31.55861],[-81.17699,31.55845],[-81.17408,31.55946],[-81.16954,31.562],[-81.16548,31.56556],[-81.1637,31.56784],[-81.15933,31.57545],[-81.14268,31.61017],[-81.13084,31.6305],[-81.13057,31.63183],[-81.13155,31.6327],[-81.13448,31.63376],[-81.13674,31.63376],[-81.13443,31.63398]]],[[[-81.13707,31.63829],[-81.13787,31.63813],[-81.13594,31.63953],[-81.13533,31.64265],[-81.13597,31.65089],[-81.13504,31.65708],[-81.13531,31.65805],[-81.13474,31.65746],[-81.13567,31.65252],[-81.13505,31.64265],[-81.13569,31.63941],[-81.13707,31.63829]]],[[[-81.14179,31.69925],[-81.13826,31.69861],[-81.13415,31.69699],[-81.13134,31.69561],[-81.13001,31.69402],[-81.13051,31.69135],[-81.13586,31.68291],[-81.13695,31.67943],[-81.13779,31.67277],[-81.13765,31.67072],[-81.13634,31.66456],[-81.13512,31.6618],[-81.13521,31.66084],[-81.1366,31.66451],[-81.13792,31.67072],[-81.13806,31.6728],[-81.13723,31.67947],[-81.13611,31.68301],[-81.13077,31.69143],[-81.13028,31.69399],[-81.13151,31.69544],[-81.13835,31.6984],[-81.1427,31.69912],[-81.14757,31.6982],[-81.14448,31.69916],[-81.14179,31.69925]]],[[[-81.04418,31.8248],[-81.04178,31.82401],[-81.0389,31.82206],[-81.03623,31.81892],[-81.03547,31.81725],[-81.0358,31.81556],[-81.03933,31.8074],[-81.04099,31.80473],[-81.04956,31.79779],[-81.05172,31.79536],[-81.071,31.7714],[-81.07452,31.76804],[-81.07585,31.76745],[-81.07697,31.76609],[-81.07997,31.76409],[-81.09175,31.75184],[-81.10319,31.74161],[-81.10888,31.73837],[-81.12158,31.73349],[-81.12789,31.72655],[-81.13027,31.72469],[-81.13693,31.72105],[-81.13784,31.72072],[-81.13929,31.7211],[-81.14361,31.72944],[-81.14471,31.7329],[-81.13911,31.72128],[-81.13789,31.72095],[-81.13306,31.7232],[-81.12809,31.72671],[-81.12175,31.73368],[-81.10901,31.73858],[-81.10337,31.74179],[-81.09195,31.752],[-81.08016,31.76426],[-81.07467,31.76824],[-81.07121,31.77154],[-81.05194,31.7955],[-81.04975,31.79796],[-81.04121,31.80488],[-81.03958,31.80749],[-81.03574,31.81722],[-81.03812,31.82095],[-81.04077,31.82321],[-81.04423,31.82457],[-81.04774,31.82423],[-81.04678,31.82485],[-81.04418,31.8248]]],[[[-80.99742,31.85771],[-80.99999,31.85702],[-81.00173,31.85736],[-81.00311,31.85924],[-81.00304,31.8615],[-81.0005,31.8645],[-81.00279,31.86141],[-81.00303,31.86003],[-81.00157,31.85756],[-81.00001,31.85726],[-80.99755,31.85793],[-80.98803,31.86401],[-80.98357,31.86729],[-80.96917,31.8799],[-80.9481,31.89595],[-80.93481,31.90827],[-80.93441,31.90908],[-80.94296,31.91316],[-80.9342,31.90925],[-80.93461,31.90811],[-80.94791,31.89578],[-80.96899,31.87972],[-80.98338,31.86711],[-80.99742,31.85771]]],[[[-80.92373,31.94097],[-80.9273,31.94083],[-80.92887,31.94141],[-80.92916,31.942],[-80.92812,31.94126],[-80.9251,31.94092],[-80.9189,31.94247],[-80.91246,31.9453],[-80.90715,31.95085],[-80.90853,31.94864],[-80.91229,31.94511],[-80.91878,31.94226],[-80.92373,31.94097]]],[[[-80.90177,31.94613],[-80.90427,31.94599],[-80.90534,31.94637],[-80.90619,31.94738],[-80.90519,31.94657],[-80.90296,31.94613],[-80.90057,31.9468],[-80.89826,31.94809],[-80.88136,31.95956],[-80.87794,31.96392],[-80.88139,31.95922],[-80.89501,31.94987],[-80.90177,31.94613]]],[[[-80.87105,31.96703],[-80.87267,31.96653],[-80.87357,31.967],[-80.87216,31.96685],[-80.86573,31.96996],[-80.86154,31.97451],[-80.86156,31.97586],[-80.86088,31.97701],[-80.86111,31.98018],[-80.86302,31.98272],[-80.86182,31.98587],[-80.86182,31.98473],[-80.86275,31.98271],[-80.86084,31.98023],[-80.8606,31.977],[-80.86129,31.97581],[-80.86127,31.97445],[-80.86553,31.96979],[-80.87105,31.96703]]],[[[-80.62368,32.25775],[-80.63068,32.25722],[-80.63594,32.25756],[-80.64,32.25922],[-80.64379,32.26003],[-80.64522,32.26218],[-80.64567,32.26411],[-80.64362,32.26023],[-80.6399,32.25944],[-80.63585,32.25778],[-80.63257,32.25744],[-80.62446,32.25769],[-80.62389,32.25792],[-80.6233,32.25997],[-80.62231,32.26124],[-80.6182,32.264],[-80.60974,32.26772],[-80.60869,32.27019],[-80.60955,32.26755],[-80.61807,32.26379],[-80.62213,32.26106],[-80.62304,32.25989],[-80.62368,32.25775]]],[[[-80.56651,32.2775],[-80.56776,32.27716],[-80.56941,32.27755],[-80.5724,32.2759],[-80.58135,32.27414],[-80.58492,32.27471],[-80.5863,32.2765],[-80.58618,32.27733],[-80.58547,32.27791],[-80.58264,32.2781],[-80.58573,32.27752],[-80.58603,32.27652],[-80.58552,32.27544],[-80.58271,32.27438],[-80.5794,32.27461],[-80.5725,32.27612],[-80.56948,32.27777],[-80.56704,32.27755],[-80.55959,32.28066],[-80.55428,32.28218],[-80.56651,32.2775]]],[[[-80.60657,32.27203],[-80.60752,32.27148],[-80.60783,32.27184],[-80.60716,32.2718],[-80.6054,32.27367],[-80.59726,32.27864],[-80.59542,32.27886],[-80.59378,32.28076],[-80.58789,32.28314],[-80.58851,32.28245],[-80.59077,32.282],[-80.59363,32.28057],[-80.59529,32.27864],[-80.5971,32.27845],[-80.60522,32.2735],[-80.60657,32.27203]]],[[[-80.54887,32.28456],[-80.55094,32.28409],[-80.55131,32.28454],[-80.54898,32.28478],[-80.54624,32.28639],[-80.54483,32.28828],[-80.54459,32.29009],[-80.54487,32.28756],[-80.5468,32.28564],[-80.54887,32.28456]]],[[[-80.43768,32.4132],[-80.43582,32.41253],[-80.43351,32.41077],[-80.43016,32.40649],[-80.42654,32.40401],[-80.42588,32.40273],[-80.42776,32.4018],[-80.43287,32.39788],[-80.43187,32.3991],[-80.42619,32.40284],[-80.42676,32.40386],[-80.43038,32.40636],[-80.43373,32.41063],[-80.43598,32.41235],[-80.43969,32.41312],[-80.44133,32.41255],[-80.44289,32.4113],[-80.4407,32.4131],[-80.43768,32.4132]]],[[[-80.40884,32.47102],[-80.4131,32.47066],[-80.41572,32.47147],[-80.41738,32.47316],[-80.41949,32.47824],[-80.41715,32.47328],[-80.41557,32.47167],[-80.41307,32.4709],[-80.4089,32.47125],[-80.39618,32.47455],[-80.39176,32.47634],[-80.39024,32.47797],[-80.38956,32.48076],[-80.38841,32.48233],[-80.38847,32.48476],[-80.388,32.48268],[-80.3893,32.48068],[-80.38999,32.47787],[-80.39159,32.47616],[-80.39609,32.47433],[-80.40884,32.47102]]],[[[-80.36751,32.49265],[-80.36847,32.49266],[-80.36411,32.49544],[-80.36184,32.49761],[-80.36085,32.49932],[-80.36082,32.50047],[-80.36058,32.49924],[-80.36161,32.49748],[-80.36751,32.49265]]],[[[-80.33267,32.47823],[-80.33636,32.47778],[-80.34014,32.47999],[-80.3416,32.48282],[-80.3434,32.48827],[-80.34643,32.49405],[-80.34636,32.495],[-80.34506,32.49656],[-80.34617,32.49412],[-80.34316,32.48836],[-80.34134,32.48289],[-80.33993,32.48014],[-80.3363,32.47801],[-80.33277,32.47845],[-80.32877,32.48046],[-80.32349,32.48446],[-80.31733,32.48829],[-80.29643,32.50324],[-80.28862,32.50955],[-80.27905,32.51618],[-80.27826,32.51735],[-80.27885,32.51602],[-80.28844,32.50938],[-80.29625,32.50307],[-80.3286,32.48028],[-80.33267,32.47823]]],[[[-80.27597,32.51794],[-80.27702,32.51737],[-80.27757,32.51772],[-80.27676,32.51774],[-80.25518,32.53045],[-80.25468,32.53093],[-80.2552,32.5318],[-80.25451,32.53132],[-80.25501,32.53027],[-80.27597,32.51794]]],[[[-80.25111,32.53255],[-80.25292,32.53244],[-80.25345,32.5332],[-80.25277,32.53264],[-80.25124,32.53276],[-80.24689,32.53544],[-80.24647,32.53637],[-80.24628,32.53565],[-80.24671,32.53527],[-80.25111,32.53255]]],[[[-80.24502,32.53725],[-80.24618,32.53733],[-80.24177,32.53833],[-80.23263,32.54374],[-80.21974,32.55043],[-80.19529,32.56041],[-80.19439,32.56133],[-80.1942,32.56237],[-80.19646,32.56735],[-80.19774,32.56844],[-80.20228,32.56989],[-80.19759,32.56863],[-80.19563,32.56659],[-80.19393,32.56242],[-80.19414,32.56123],[-80.19512,32.56023],[-80.2196,32.55023],[-80.23247,32.54355],[-80.24164,32.53812],[-80.24502,32.53725]]],[[[-80.17558,32.55958],[-80.16622,32.5602],[-80.1633,32.56106],[-80.15749,32.56711],[-80.15123,32.57133],[-80.15059,32.57228],[-80.15132,32.57463],[-80.15085,32.57587],[-80.15105,32.57463],[-80.15031,32.57222],[-80.151,32.57119],[-80.15731,32.56694],[-80.16314,32.56087],[-80.16618,32.55996],[-80.17458,32.55927],[-80.17789,32.55961],[-80.17956,32.56063],[-80.18213,32.56506],[-80.18767,32.57118],[-80.19065,32.57325],[-80.19381,32.57472],[-80.19512,32.57592],[-80.1949,32.57644],[-80.19365,32.57491],[-80.19049,32.57343],[-80.18746,32.57132],[-80.1819,32.56518],[-80.17934,32.56077],[-80.1778,32.55983],[-80.17558,32.55958]]],[[[-80.01814,32.61052],[-80.0139,32.60975],[-80.00936,32.60803],[-80.01397,32.60953],[-80.01818,32.61029],[-80.03186,32.61005],[-80.07914,32.60248],[-80.09615,32.59867],[-80.11324,32.5934],[-80.12495,32.5883],[-80.13446,32.58295],[-80.14543,32.57593],[-80.14808,32.57572],[-80.14936,32.57658],[-80.148,32.57594],[-80.14555,32.57615],[-80.13462,32.58314],[-80.12508,32.58851],[-80.11335,32.59361],[-80.09623,32.5989],[-80.0792,32.60271],[-80.03843,32.6095],[-80.02713,32.61062],[-80.01814,32.61052]]],[[[-80.00283,32.60377],[-80.00378,32.60396],[-80.0,32.60535],[-80.0,32.62876],[-80.00091,32.62933],[-80.0,32.62885],[-80.0,32.60505],[-80.00283,32.60377]]]]}},{"type":"Feature","properties":{"layer":"habitat","species":"Altamaha Spinymussel","status":"Endangered","source":"USFWS"},"geometry":{"type":"MultiPolygon","coordinates":[[[[-82.47555,31.97125],[-82.47086,31.96916],[-82.45573,31.96441],[-82.45204,31.96517],[-82.44363,31.96826],[-82.43811,31.96804],[-82.42991,31.9668],[-82.4249,31.96545],[-82.4167,31.9598],[-82.41171,31.95857],[-82.40707,31.95627],[-82.40649,31.95669],[-82.40568,31.95877],[-82.40406,31.96054],[-82.40254,31.96117],[-82.40021,31.96122],[-82.39733,31.95975],[-82.3917,31.95545],[-82.39028,31.95287],[-82.39066,31.95026],[-82.38838,31.94904],[-82.38636,31.94964],[-82.38598,31.95155],[-82.38954,31.95621],[-82.38933,31.95894],[-82.38722,31.96124],[-82.38424,31.96138],[-82.38228,31.96012],[-82.3809,31.9572],[-82.37922,31.95564],[-82.37831,31.95553],[-82.37745,31.95607],[-82.37517,31.95519],[-82.37247,31.95521],[-82.37057,31.9538],[-82.37058,31.95211],[-82.37109,31.95122],[-82.37303,31.94964],[-82.37586,31.94832],[-82.37778,31.94661],[-82.37849,31.9449],[-82.37799,31.94408],[-82.37502,31.94257],[-82.37044,31.94258],[-82.36988,31.9432],[-82.36877,31.94295],[-82.36673,31.94374],[-82.36497,31.94504],[-82.36094,31.94472],[-82.35852,31.94325],[-82.35825,31.94152],[-82.35774,31.94096],[-82.35607,31.94012],[-82.35468,31.94025],[-82.35483,31.93931],[-82.35842,31.93919],[-82.36181,31.94321],[-82.36316,31.94362],[-82.36826,31.9417],[-82.37085,31.94178],[-82.37378,31.94101],[-82.3755,31.94148],[-82.37838,31.94135],[-82.37956,31.94307],[-82.37945,31.94671],[-82.38035,31.9482],[-82.38505,31.94808],[-82.38755,31.94702],[-82.39016,31.94742],[-82.39232,31.94934],[-82.39402,31.95574],[-82.39981,31.95939],[-82.40153,31.95936],[-82.40401,31.95786],[-82.40402,31.95682],[-82.40221,31.95552],[-82.4011,31.95355],[-82.40096,31.95193],[-82.40141,31.95068],[-82.40317,31.94893],[-82.4067,31.94839],[-82.40827,31.94895],[-82.40979,31.95062],[-82.41216,31.95198],[-82.41104,31.95156],[-82.41039,31.95198],[-82.40972,31.95124],[-82.40909,31.95159],[-82.40871,31.95435],[-82.40978,31.95592],[-82.41372,31.95676],[-82.41788,31.95829],[-82.4241,31.9629],[-82.42838,31.96445],[-82.43948,31.96701],[-82.44797,31.96546],[-82.4565,31.96289],[-82.46833,31.96664],[-82.47736,31.97111],[-82.47926,31.97065],[-82.48321,31.96823],[-82.48558,31.96748],[-82.48905,31.96838],[-82.49296,31.96787],[-82.49633,31.96521],[-82.49919,31.96023],[-82.49909,31.95832],[-82.49477,31.95993],[-82.49123,31.95954],[-82.48785,31.95778],[-82.48241,31.95902],[-82.4809,31.95861],[-82.479,31.95709],[-82.48005,31.9542],[-82.48404,31.9509],[-82.48897,31.94867],[-82.49242,31.9478],[-82.5029,31.94886],[-82.51014,31.95194],[-82.51714,31.95691],[-82.52834,31.95815],[-82.533,31.96108],[-82.53396,31.96078],[-82.53448,31.95833],[-82.53706,31.95668],[-82.54039,31.95699],[-82.54402,31.95879],[-82.54348,31.95627],[-82.54492,31.95497],[-82.54715,31.95518],[-82.549,31.95634],[-82.55146,31.95668],[-82.55422,31.95899],[-82.55504,31.95841],[-82.554,31.95684],[-82.55407,31.95607],[-82.55611,31.95485],[-82.55834,31.95494],[-82.56012,31.9565],[-82.56149,31.957],[-82.56475,31.95687],[-82.56956,31.95426],[-82.57641,31.94875],[-82.57863,31.9455],[-82.57902,31.94314],[-82.58056,31.94151],[-82.58347,31.94034],[-82.58461,31.94042],[-82.58573,31.93964],[-82.58653,31.93819],[-82.5858,31.93731],[-82.58598,31.93583],[-82.58864,31.93489],[-82.59032,31.93554],[-82.59115,31.9365],[-82.59262,31.93641],[-82.59247,31.93472],[-82.59317,31.93225],[-82.59456,31.93135],[-82.59623,31.93142],[-82.59745,31.93234],[-82.5978,31.93479],[-82.5992,31.9372],[-82.60112,31.93806],[-82.60278,31.93789],[-82.60401,31.9368],[-82.60548,31.93394],[-82.60863,31.93177],[-82.60962,31.93034],[-82.61254,31.92891],[-82.6133,31.92726],[-82.61455,31.92645],[-82.61726,31.92686],[-82.61928,31.92662],[-82.62066,31.92715],[-82.62154,31.92866],[-82.62262,31.92875],[-82.62313,31.92842],[-82.62203,31.92628],[-82.6238,31.92351],[-82.62526,31.92311],[-82.6266,31.92333],[-82.62759,31.92256],[-82.62897,31.92272],[-82.63114,31.92392],[-82.63101,31.92425],[-82.62996,31.92375],[-82.6307,31.92532],[-82.63257,31.92463],[-82.63573,31.92443],[-82.63776,31.92154],[-82.63977,31.92079],[-82.64198,31.92112],[-82.64398,31.91766],[-82.64471,31.91765],[-82.64414,31.91857],[-82.64638,31.91861],[-82.64782,31.91651],[-82.64951,31.91566],[-82.65088,31.91602],[-82.65179,31.91701],[-82.65133,31.91952],[-82.6516,31.92054],[-82.6524,31.9209],[-82.65429,31.91999],[-82.65618,31.91995],[-82.65738,31.92105],[-82.65718,31.92261],[-82.65812,31.92319],[-82.65863,31.92291],[-82.65932,31.92037],[-82.66109,31.91946],[-82.66298,31.91953],[-82.66538,31.92072],[-82.66835,31.92112],[-82.67189,31.92039],[-82.67454,31.91924],[-82.67648,31.91916],[-82.68175,31.92072],[-82.68244,31.91944],[-82.68229,31.91717],[-82.68155,31.91671],[-82.67914,31.91678],[-82.67607,31.9142],[-82.67556,31.91195],[-82.67665,31.91004],[-82.67907,31.90887],[-82.68384,31.90851],[-82.68428,31.90666],[-82.68499,31.9058],[-82.68667,31.90526],[-82.68717,31.90459],[-82.68845,31.90454],[-82.68829,31.90251],[-82.68911,31.90133],[-82.69389,31.89803],[-82.69558,31.89799],[-82.69674,31.89873],[-82.69714,31.89967],[-82.69649,31.90058],[-82.69686,31.90202],[-82.69806,31.90315],[-82.69893,31.90327],[-82.70085,31.89952],[-82.70278,31.89865],[-82.70568,31.89847],[-82.70672,31.89326],[-82.70793,31.89155],[-82.70879,31.89125],[-82.70874,31.89033],[-82.70931,31.88943],[-82.7117,31.88866],[-82.71434,31.88937],[-82.71511,31.88886],[-82.71502,31.88656],[-82.71588,31.8854],[-82.71807,31.88539],[-82.72055,31.88683],[-82.72186,31.88438],[-82.72515,31.8818],[-82.72714,31.88155],[-82.7304,31.88276],[-82.73169,31.87969],[-82.73346,31.87946],[-82.73672,31.87718],[-82.74036,31.87696],[-82.74222,31.87605],[-82.7442,31.87421],[-82.74465,31.87298],[-82.75017,31.8699],[-82.75223,31.86765],[-82.75247,31.86639],[-82.75397,31.86563],[-82.75284,31.86338],[-82.75281,31.86158],[-82.75324,31.86067],[-82.75606,31.85916],[-82.75678,31.85694],[-82.75847,31.85673],[-82.76212,31.85725],[-82.76388,31.85859],[-82.76283,31.85911],[-82.76329,31.86013],[-82.76525,31.86025],[-82.76738,31.86135],[-82.76871,31.8615],[-82.76962,31.86114],[-82.76978,31.86016],[-82.76767,31.85818],[-82.76734,31.8569],[-82.76804,31.85572],[-82.76924,31.85519],[-82.77002,31.85535],[-82.77344,31.85782],[-82.77364,31.85869],[-82.77278,31.86062],[-82.77303,31.86184],[-82.77503,31.86256],[-82.77625,31.86222],[-82.77661,31.86162],[-82.77503,31.86042],[-82.77482,31.85919],[-82.77593,31.85795],[-82.77835,31.85789],[-82.78038,31.85634],[-82.78109,31.85527],[-82.78059,31.8539],[-82.78126,31.85253],[-82.78411,31.85185],[-82.78611,31.85349],[-82.78896,31.85369],[-82.78982,31.85331],[-82.79169,31.84719],[-82.79009,31.84426],[-82.78847,31.84354],[-82.78579,31.84324],[-82.78446,31.84229],[-82.78403,31.83925],[-82.78528,31.83746],[-82.78736,31.83607],[-82.78991,31.83519],[-82.79182,31.83361],[-82.79549,31.83512],[-82.79895,31.83169],[-82.80193,31.8297],[-82.80261,31.82858],[-82.80379,31.82864],[-82.80478,31.82943],[-82.80403,31.83031],[-82.80453,31.83105],[-82.80555,31.82984],[-82.80948,31.82718],[-82.80663,31.82559],[-82.80646,31.82434],[-82.80733,31.82293],[-82.81002,31.82236],[-82.81309,31.82017],[-82.81381,31.81853],[-82.81548,31.81821],[-82.8159,31.81772],[-82.81718,31.81772],[-82.81729,31.81806],[-82.81603,31.81862],[-82.81709,31.81962],[-82.8183,31.81974],[-82.81941,31.8172],[-82.82351,31.81509],[-82.82372,31.8138],[-82.82448,31.81324],[-82.8263,31.8131],[-82.8281,31.81409],[-82.82861,31.81555],[-82.82716,31.81646],[-82.82702,31.81711],[-82.82973,31.8181],[-82.83158,31.81795],[-82.83601,31.8158],[-82.83788,31.81586],[-82.83894,31.81504],[-82.83889,31.81436],[-82.83638,31.81255],[-82.83624,31.81057],[-82.83804,31.81039],[-82.84061,31.81215],[-82.84119,31.81204],[-82.84099,31.8114],[-82.84162,31.81125],[-82.84008,31.80915],[-82.83825,31.80841],[-82.83831,31.8071],[-82.83998,31.80596],[-82.84041,31.80665],[-82.84143,31.8066],[-82.84123,31.80543],[-82.84204,31.8045],[-82.84398,31.80477],[-82.8448,31.80272],[-82.84616,31.80117],[-82.84817,31.80053],[-82.84951,31.79763],[-82.85043,31.79725],[-82.85162,31.79751],[-82.85293,31.79863],[-82.85554,31.79797],[-82.85575,31.79448],[-82.85838,31.79292],[-82.85706,31.79189],[-82.85704,31.79026],[-82.858,31.78844],[-82.85906,31.78782],[-82.85899,31.78878],[-82.86044,31.78845],[-82.86209,31.78683],[-82.86138,31.78524],[-82.86143,31.78377],[-82.86193,31.78304],[-82.86347,31.78256],[-82.86606,31.78313],[-82.86544,31.78344],[-82.86616,31.7845],[-82.86853,31.7855],[-82.86889,31.7849],[-82.86717,31.78335],[-82.86768,31.78202],[-82.86988,31.782],[-82.87171,31.78309],[-82.87459,31.78091],[-82.87842,31.78072],[-82.87927,31.78014],[-82.87961,31.77898],[-82.88257,31.77947],[-82.88317,31.78011],[-82.88322,31.7816],[-82.88379,31.78181],[-82.88607,31.78153],[-82.88627,31.77972],[-82.88747,31.77912],[-82.88841,31.77933],[-82.88845,31.77966],[-82.88761,31.77954],[-82.88867,31.78004],[-82.89087,31.77998],[-82.892,31.78063],[-82.89156,31.78083],[-82.89236,31.78196],[-82.89475,31.78239],[-82.89654,31.78327],[-82.8983,31.78236],[-82.89945,31.78248],[-82.90027,31.78365],[-82.8991,31.78548],[-82.90009,31.7863],[-82.90011,31.78728],[-82.89763,31.78902],[-82.8972,31.79008],[-82.89847,31.7912],[-82.90338,31.78801],[-82.90422,31.78701],[-82.90613,31.78635],[-82.90728,31.7846],[-82.90816,31.78429],[-82.91024,31.78466],[-82.91247,31.78369],[-82.91471,31.78378],[-82.9162,31.78275],[-82.9173,31.78352],[-82.91843,31.78352],[-82.91902,31.78429],[-82.92429,31.78442],[-82.9267,31.78532],[-82.92952,31.7855],[-82.93077,31.78617],[-82.93403,31.78553],[-82.93456,31.78594],[-82.93489,31.78736],[-82.9366,31.786],[-82.94051,31.78724],[-82.94081,31.78696],[-82.94039,31.78555],[-82.9408,31.78449],[-82.9416,31.78388],[-82.94297,31.78381],[-82.94399,31.78488],[-82.94472,31.78705],[-82.94605,31.78752],[-82.9466,31.78722],[-82.94654,31.78655],[-82.94502,31.78477],[-82.946,31.78327],[-82.94792,31.78337],[-82.94932,31.78491],[-82.95085,31.78368],[-82.95218,31.78327],[-82.95699,31.78273],[-82.95844,31.7832],[-82.96022,31.78563],[-82.96098,31.7855],[-82.96258,31.78407],[-82.96385,31.78402],[-82.9662,31.78574],[-82.9655,31.78589],[-82.96641,31.7879],[-82.96816,31.78754],[-82.97009,31.78805],[-82.97054,31.78965],[-82.9695,31.79034],[-82.96912,31.79124],[-82.96984,31.79247],[-82.97101,31.7924],[-82.97211,31.79086],[-82.97347,31.79048],[-82.9744,31.79091],[-82.97534,31.79235],[-82.97755,31.79314],[-82.98289,31.78955],[-82.98294,31.78855],[-82.98206,31.78728],[-82.98139,31.78489],[-82.98237,31.78343],[-82.98363,31.78334],[-82.98454,31.78395],[-82.98496,31.78655],[-82.98712,31.78682],[-82.98879,31.78761],[-82.99003,31.78718],[-82.99151,31.78361],[-82.99138,31.78177],[-82.98988,31.78018],[-82.98924,31.77725],[-82.99055,31.77611],[-82.9922,31.77638],[-82.99278,31.77861],[-82.99368,31.77942],[-82.99804,31.78113],[-82.99929,31.78051],[-82.9999,31.77685],[-83.00263,31.77498],[-83.00555,31.77394],[-83.0081,31.77511],[-83.00978,31.77687],[-83.01503,31.77885],[-83.02217,31.77881],[-83.02758,31.77765],[-83.03264,31.77953],[-83.03311,31.78117],[-83.03179,31.78193],[-83.0312,31.78306],[-83.03464,31.78477],[-83.03526,31.78584],[-83.03647,31.78614],[-83.03908,31.78535],[-83.04026,31.78559],[-83.04072,31.78738],[-83.03895,31.7886],[-83.03865,31.78931],[-83.03897,31.79014],[-83.04168,31.7903],[-83.04561,31.79135],[-83.04613,31.79109],[-83.04569,31.78956],[-83.04635,31.78857],[-83.04811,31.78835],[-83.05023,31.78995],[-83.05167,31.78896],[-83.05295,31.78878],[-83.05434,31.78943],[-83.056,31.792],[-83.05832,31.79074],[-83.05955,31.79079],[-83.06022,31.79178],[-83.05988,31.79309],[-83.06082,31.79384],[-83.06425,31.79408],[-83.06633,31.79279],[-83.06797,31.79267],[-83.06836,31.79307],[-83.06817,31.79469],[-83.06592,31.79568],[-83.06588,31.79623],[-83.0683,31.79563],[-83.07063,31.79625],[-83.07217,31.79945],[-83.07269,31.79973],[-83.07567,31.79915],[-83.0762,31.7988],[-83.07639,31.79766],[-83.07717,31.79741],[-83.08017,31.79773],[-83.08163,31.79908],[-83.08113,31.8001],[-83.08515,31.80358],[-83.08484,31.80537],[-83.08601,31.80606],[-83.08638,31.8072],[-83.08482,31.81002],[-83.08578,31.81197],[-83.08662,31.81263],[-83.08823,31.81244],[-83.08879,31.81193],[-83.08831,31.8097],[-83.08971,31.80709],[-83.09139,31.80756],[-83.09142,31.80845],[-83.0929,31.8075],[-83.09485,31.80712],[-83.09686,31.80801],[-83.09895,31.8075],[-83.10134,31.80895],[-83.1009,31.80961],[-83.10122,31.8111],[-83.10343,31.81352],[-83.10664,31.81339],[-83.10798,31.81404],[-83.10792,31.81562],[-83.10682,31.81609],[-83.10566,31.81753],[-83.10585,31.81822],[-83.10684,31.81888],[-83.11037,31.81715],[-83.11147,31.81557],[-83.11239,31.81298],[-83.11218,31.81247],[-83.11155,31.81232],[-83.11028,31.81379],[-83.10885,31.81391],[-83.10744,31.81282],[-83.10707,31.81139],[-83.1078,31.81005],[-83.10946,31.80964],[-83.11101,31.80859],[-83.11213,31.80858],[-83.11392,31.8098],[-83.1147,31.81132],[-83.11646,31.81153],[-83.12284,31.81126],[-83.12847,31.80972],[-83.13025,31.80984],[-83.13336,31.81205],[-83.13927,31.81463],[-83.14142,31.81813],[-83.14094,31.81887],[-83.13964,31.81902],[-83.13729,31.81734],[-83.13709,31.81638],[-83.13502,31.81635],[-83.13364,31.81537],[-83.13302,31.81544],[-83.13437,31.8175],[-83.13313,31.81971],[-83.13308,31.82081],[-83.13548,31.82445],[-83.13764,31.82524],[-83.14152,31.82506],[-83.14606,31.82391],[-83.14775,31.82298],[-83.14829,31.8245],[-83.15031,31.82402],[-83.15259,31.82496],[-83.15391,31.82697],[-83.15207,31.8274],[-83.15118,31.82836],[-83.1511,31.82975],[-83.15197,31.83114],[-83.15702,31.83221],[-83.16126,31.8347],[-83.16176,31.83532],[-83.16091,31.8368],[-83.16144,31.83749],[-83.16729,31.83865],[-83.16961,31.83976],[-83.17362,31.84309],[-83.17768,31.8476],[-83.17701,31.84792],[-83.16877,31.84008],[-83.16403,31.83847],[-83.16316,31.83888],[-83.16034,31.83755],[-83.15986,31.83669],[-83.16052,31.83528],[-83.16028,31.83474],[-83.15646,31.83261],[-83.15266,31.83221],[-83.15094,31.83126],[-83.15022,31.83003],[-83.15048,31.82829],[-83.15126,31.82727],[-83.15292,31.82631],[-83.15084,31.82469],[-83.14914,31.82518],[-83.14576,31.82458],[-83.14307,31.82558],[-83.14088,31.82574],[-83.14062,31.82617],[-83.1369,31.82591],[-83.13455,31.82491],[-83.13214,31.82106],[-83.13212,31.81967],[-83.13322,31.81787],[-83.13257,31.81671],[-83.13165,31.81651],[-83.13177,31.81547],[-83.13222,31.81466],[-83.13344,31.81455],[-83.13501,31.81556],[-83.13601,31.81562],[-83.13644,31.81408],[-83.13291,31.81255],[-83.13017,31.81047],[-83.12865,31.81007],[-83.12415,31.81166],[-83.11606,31.8122],[-83.11381,31.81166],[-83.11284,31.81077],[-83.11231,31.80947],[-83.11111,31.80943],[-83.1084,31.81067],[-83.10774,31.81183],[-83.10825,31.81288],[-83.10939,31.81314],[-83.11168,31.81163],[-83.1127,31.81174],[-83.11321,31.81298],[-83.11204,31.81626],[-83.11118,31.81757],[-83.10725,31.81948],[-83.1057,31.81927],[-83.10504,31.81812],[-83.10554,31.81663],[-83.10703,31.81532],[-83.10699,31.81473],[-83.10602,31.81421],[-83.10402,31.81444],[-83.10251,31.81403],[-83.10025,31.81082],[-83.0998,31.80937],[-83.0986,31.80851],[-83.09441,31.80814],[-83.09224,31.80961],[-83.09193,31.81158],[-83.09025,31.81133],[-83.08834,31.81313],[-83.08622,31.81327],[-83.08531,31.8126],[-83.08411,31.81031],[-83.084,31.80958],[-83.08557,31.8074],[-83.08383,31.80542],[-83.08292,31.80243],[-83.07973,31.8007],[-83.0792,31.80261],[-83.07836,31.80318],[-83.07696,31.80279],[-83.07624,31.80184],[-83.07212,31.80206],[-83.07112,31.80109],[-83.07143,31.79946],[-83.07106,31.79842],[-83.06967,31.79664],[-83.06648,31.7973],[-83.06539,31.79706],[-83.06421,31.7947],[-83.06068,31.79437],[-83.05769,31.79234],[-83.05695,31.79272],[-83.05496,31.79241],[-83.05428,31.79168],[-83.05411,31.79017],[-83.05289,31.78932],[-83.05201,31.78952],[-83.05133,31.79032],[-83.05006,31.79049],[-83.04697,31.78912],[-83.04661,31.79009],[-83.04735,31.79007],[-83.04707,31.7911],[-83.04617,31.79188],[-83.03879,31.79068],[-83.0379,31.79006],[-83.03783,31.78913],[-83.03833,31.78808],[-83.03994,31.78699],[-83.03978,31.78649],[-83.03914,31.78616],[-83.03724,31.78664],[-83.03519,31.78642],[-83.03293,31.78458],[-83.03108,31.78424],[-83.03011,31.78303],[-83.03026,31.78067],[-83.02744,31.77827],[-83.02162,31.7795],[-83.01519,31.77989],[-83.00954,31.77785],[-83.00662,31.77526],[-83.00494,31.77497],[-83.00134,31.77704],[-83.00074,31.77809],[-83.00036,31.78128],[-82.99938,31.7823],[-82.99846,31.78241],[-82.99559,31.78164],[-82.99273,31.77983],[-82.99161,31.77873],[-82.99122,31.77706],[-82.99061,31.77693],[-82.99009,31.77751],[-82.99025,31.77952],[-82.99167,31.78082],[-82.99231,31.78252],[-82.99214,31.78443],[-82.99137,31.78588],[-82.9918,31.7866],[-82.99143,31.78758],[-82.98877,31.78858],[-82.98656,31.78736],[-82.98478,31.78759],[-82.98355,31.7869],[-82.98369,31.78436],[-82.98251,31.78418],[-82.98218,31.78549],[-82.98358,31.78851],[-82.98348,31.7898],[-82.98237,31.79084],[-82.98066,31.79149],[-82.98021,31.79283],[-82.98048,31.79322],[-82.97856,31.79387],[-82.97561,31.79328],[-82.97356,31.79132],[-82.97268,31.79174],[-82.97196,31.79278],[-82.9728,31.79232],[-82.97216,31.79307],[-82.96908,31.79306],[-82.9681,31.79184],[-82.9683,31.79057],[-82.96939,31.78927],[-82.96854,31.78833],[-82.96682,31.78852],[-82.96527,31.788],[-82.96456,31.78682],[-82.96455,31.78569],[-82.96378,31.78501],[-82.96247,31.78508],[-82.96133,31.78629],[-82.95941,31.78631],[-82.95853,31.78548],[-82.95825,31.78398],[-82.95612,31.78329],[-82.95144,31.78433],[-82.94928,31.7862],[-82.94786,31.78542],[-82.94671,31.78397],[-82.94626,31.78448],[-82.94749,31.78713],[-82.94692,31.78794],[-82.94564,31.78829],[-82.94424,31.7876],[-82.94308,31.78472],[-82.94231,31.78441],[-82.94136,31.7853],[-82.9415,31.78667],[-82.94193,31.78684],[-82.941,31.788],[-82.93986,31.78825],[-82.93721,31.78663],[-82.93526,31.78795],[-82.9343,31.78805],[-82.93371,31.78756],[-82.93391,31.78641],[-82.93347,31.78611],[-82.93062,31.78676],[-82.92848,31.78577],[-82.92677,31.78599],[-82.92226,31.78486],[-82.91869,31.78501],[-82.91663,31.7837],[-82.91542,31.78443],[-82.91316,31.78442],[-82.91059,31.78544],[-82.90806,31.78523],[-82.90719,31.78654],[-82.90208,31.78966],[-82.90072,31.79152],[-82.89979,31.79199],[-82.89673,31.79138],[-82.89595,31.79007],[-82.89663,31.78888],[-82.89917,31.78737],[-82.89937,31.7866],[-82.89832,31.7851],[-82.8988,31.78327],[-82.89803,31.78324],[-82.89712,31.784],[-82.89588,31.784],[-82.89419,31.78301],[-82.89174,31.78276],[-82.89038,31.78083],[-82.8881,31.78069],[-82.88697,31.78011],[-82.88688,31.78157],[-82.88611,31.78219],[-82.88186,31.78238],[-82.88095,31.78279],[-82.88102,31.78375],[-82.88264,31.78457],[-82.88285,31.78568],[-82.88011,31.78619],[-82.87816,31.78539],[-82.87739,31.78653],[-82.87785,31.78683],[-82.87642,31.78763],[-82.87321,31.78469],[-82.87385,31.78382],[-82.87592,31.78342],[-82.87776,31.78208],[-82.87736,31.78142],[-82.87553,31.78119],[-82.87367,31.782],[-82.87311,31.783],[-82.87197,31.7836],[-82.87003,31.78369],[-82.86841,31.7828],[-82.86833,31.78356],[-82.86972,31.78407],[-82.86989,31.78472],[-82.8689,31.78615],[-82.86696,31.78619],[-82.86401,31.78344],[-82.86287,31.78385],[-82.86252,31.78466],[-82.86272,31.78742],[-82.86175,31.78832],[-82.86178,31.7893],[-82.85806,31.79074],[-82.85934,31.79266],[-82.85914,31.79412],[-82.85643,31.79473],[-82.85698,31.79689],[-82.85596,31.7991],[-82.85297,31.79956],[-82.85029,31.79823],[-82.84945,31.80043],[-82.84589,31.80291],[-82.84604,31.80436],[-82.84767,31.80298],[-82.84741,31.80438],[-82.84464,31.80603],[-82.842,31.80885],[-82.84273,31.81124],[-82.8419,31.81275],[-82.83975,31.81264],[-82.83831,31.81114],[-82.83665,31.81089],[-82.83708,31.81245],[-82.83978,31.81409],[-82.83904,31.81648],[-82.83632,31.81661],[-82.83066,31.81891],[-82.82724,31.81819],[-82.82639,31.81973],[-82.82742,31.81975],[-82.8275,31.82015],[-82.82476,31.82052],[-82.82391,31.81948],[-82.82406,31.81883],[-82.82584,31.8167],[-82.82786,31.81544],[-82.82697,31.81404],[-82.82484,31.81379],[-82.82433,31.81524],[-82.82093,31.81694],[-82.81967,31.81837],[-82.81945,31.8205],[-82.81722,31.82106],[-82.81465,31.81907],[-82.81257,31.82156],[-82.80775,31.82397],[-82.80793,31.8247],[-82.81033,31.8263],[-82.81051,31.82736],[-82.81011,31.82821],[-82.80722,31.82964],[-82.80542,31.83155],[-82.8039,31.83198],[-82.803,31.83048],[-82.80321,31.82957],[-82.80275,31.82945],[-82.79595,31.83594],[-82.79413,31.83642],[-82.79129,31.83465],[-82.79011,31.83611],[-82.78631,31.83773],[-82.78512,31.83972],[-82.78598,31.84211],[-82.79083,31.84381],[-82.79265,31.84585],[-82.79247,31.8488],[-82.79129,31.85084],[-82.79099,31.85413],[-82.79059,31.85449],[-82.78853,31.85495],[-82.78238,31.85304],[-82.78188,31.85421],[-82.78208,31.85577],[-82.78161,31.85649],[-82.7785,31.8585],[-82.77637,31.85904],[-82.77652,31.8603],[-82.77776,31.86118],[-82.7776,31.86241],[-82.77634,31.86333],[-82.77479,31.86357],[-82.77242,31.86292],[-82.77234,31.86366],[-82.77017,31.86328],[-82.76952,31.86236],[-82.76732,31.86239],[-82.76548,31.86111],[-82.76397,31.86176],[-82.7622,31.86134],[-82.7616,31.86058],[-82.76176,31.85852],[-82.75733,31.85738],[-82.75649,31.85937],[-82.75357,31.86145],[-82.75473,31.86534],[-82.754,31.86692],[-82.75207,31.86884],[-82.75217,31.86987],[-82.74647,31.87311],[-82.74537,31.87407],[-82.74469,31.87566],[-82.74298,31.87694],[-82.74027,31.8782],[-82.73643,31.87856],[-82.73447,31.88067],[-82.73229,31.88143],[-82.73191,31.88282],[-82.73045,31.88372],[-82.72909,31.88349],[-82.72746,31.8823],[-82.72651,31.88238],[-82.72344,31.88401],[-82.72202,31.88696],[-82.72135,31.88736],[-82.71896,31.88767],[-82.71706,31.88621],[-82.71608,31.88701],[-82.71639,31.88877],[-82.71523,31.88968],[-82.71359,31.89],[-82.7108,31.88967],[-82.70918,31.89217],[-82.70795,31.893],[-82.70692,31.89543],[-82.70736,31.89693],[-82.7067,31.89858],[-82.70551,31.89943],[-82.70174,31.89994],[-82.70013,31.90391],[-82.69865,31.90433],[-82.69735,31.90387],[-82.69581,31.90206],[-82.69564,31.89919],[-82.69394,31.89905],[-82.68963,31.90184],[-82.6895,31.90425],[-82.68899,31.90535],[-82.68791,31.90606],[-82.68553,31.90642],[-82.68506,31.90849],[-82.68442,31.90901],[-82.68145,31.90971],[-82.67919,31.90969],[-82.67739,31.9106],[-82.67653,31.91229],[-82.67714,31.91401],[-82.67945,31.91616],[-82.68173,31.91597],[-82.68302,31.91672],[-82.6832,31.9199],[-82.68202,31.92114],[-82.67886,31.9201],[-82.67619,31.91988],[-82.67095,31.92175],[-82.66755,31.92208],[-82.66228,31.92047],[-82.66008,31.92228],[-82.65983,31.92368],[-82.6579,31.92433],[-82.65629,31.92354],[-82.65633,31.92113],[-82.65569,31.92071],[-82.65189,31.92174],[-82.65049,31.92119],[-82.65015,31.91972],[-82.65085,31.91744],[-82.6499,31.91668],[-82.64827,31.91727],[-82.64678,31.91915],[-82.64378,31.91933],[-82.64318,31.9212],[-82.64253,31.92163],[-82.63861,31.922],[-82.63785,31.92256],[-82.63727,31.92399],[-82.63493,31.92553],[-82.63325,31.92522],[-82.63108,31.92629],[-82.62957,31.92556],[-82.6287,31.92348],[-82.627,31.92401],[-82.62447,31.92399],[-82.62304,31.92592],[-82.62311,31.92679],[-82.62416,31.92824],[-82.62368,31.92926],[-82.62294,31.92962],[-82.62115,31.92945],[-82.6193,31.92725],[-82.61388,31.92762],[-82.61371,31.92827],[-82.61456,31.92833],[-82.61016,31.93098],[-82.60677,31.93408],[-82.60428,31.93805],[-82.60258,31.93902],[-82.60074,31.93913],[-82.59871,31.93827],[-82.5977,31.93698],[-82.59625,31.93242],[-82.5946,31.93215],[-82.59373,31.93312],[-82.59389,31.93589],[-82.59302,31.93716],[-82.5911,31.93752],[-82.58848,31.93553],[-82.58706,31.93613],[-82.58676,31.93702],[-82.58717,31.93855],[-82.58674,31.93996],[-82.58705,31.94023],[-82.58775,31.93986],[-82.58764,31.94023],[-82.584,31.94094],[-82.58104,31.9422],[-82.57966,31.94551],[-82.57754,31.9487],[-82.57175,31.95393],[-82.56723,31.9566],[-82.56745,31.95724],[-82.56701,31.95764],[-82.56492,31.95844],[-82.56416,31.95797],[-82.56086,31.9579],[-82.55699,31.95603],[-82.55574,31.95677],[-82.55585,31.95733],[-82.55687,31.95791],[-82.55631,31.95934],[-82.55477,31.96019],[-82.55266,31.95966],[-82.55166,31.95813],[-82.54594,31.95609],[-82.54508,31.95663],[-82.54519,31.95857],[-82.54438,31.95999],[-82.53767,31.95804],[-82.53627,31.95921],[-82.53588,31.96128],[-82.53412,31.96243],[-82.53247,31.96258],[-82.52745,31.95948],[-82.51883,31.95896],[-82.51589,31.95816],[-82.51021,31.9543],[-82.503,31.95067],[-82.49541,31.94944],[-82.49097,31.94935],[-82.48485,31.95189],[-82.48337,31.95317],[-82.48319,31.95421],[-82.48546,31.95696],[-82.48939,31.95691],[-82.49302,31.95878],[-82.49445,31.95862],[-82.49748,31.95716],[-82.49668,31.95667],[-82.49746,31.95677],[-82.49784,31.95625],[-82.4997,31.95673],[-82.50067,31.95802],[-82.50077,31.95944],[-82.49727,31.96583],[-82.49497,31.96814],[-82.49286,31.96915],[-82.48381,31.96919],[-82.48082,31.97177],[-82.47932,31.97226],[-82.4771,31.97214],[-82.47555,31.97125]],[[-82.48501,31.95745],[-82.48291,31.95489],[-82.48268,31.95355],[-82.4811,31.95529],[-82.48079,31.9567],[-82.48186,31.95773],[-82.48501,31.95745]],[[-82.55163,31.95806],[-82.55163,31.95768],[-82.55085,31.95762],[-82.55163,31.95806]],[[-82.56658,31.95739],[-82.5667,31.95767],[-82.56689,31.95705],[-82.56658,31.95739]],[[-82.56636,31.95748],[-82.56546,31.95759],[-82.56503,31.95802],[-82.56636,31.95748]],[[-82.76986,31.86221],[-82.77044,31.8631],[-82.77201,31.86285],[-82.77161,31.86175],[-82.77029,31.86164],[-82.76986,31.86221]],[[-82.77165,31.86316],[-82.77171,31.86339],[-82.77213,31.86328],[-82.77165,31.86316]],[[-82.82496,31.82024],[-82.82562,31.81968],[-82.82566,31.81863],[-82.82634,31.81763],[-82.82605,31.81721],[-82.82427,31.81907],[-82.82496,31.82024]],[[-82.82605,31.81947],[-82.82683,31.8181],[-82.82591,31.8184],[-82.82605,31.81947]],[[-82.84202,31.80807],[-82.84373,31.80616],[-82.84284,31.80507],[-82.84173,31.80609],[-82.84165,31.80716],[-82.8392,31.80718],[-82.83883,31.80789],[-82.83915,31.80867],[-82.8406,31.80922],[-82.84106,31.81016],[-82.84202,31.80807]],[[-82.87827,31.78134],[-82.87799,31.78227],[-82.8764,31.78347],[-82.8739,31.78445],[-82.87624,31.78699],[-82.87687,31.7868],[-82.87685,31.78552],[-82.87738,31.78486],[-82.87885,31.78484],[-82.88092,31.78581],[-82.88229,31.78518],[-82.88014,31.78374],[-82.88034,31.78259],[-82.88273,31.7815],[-82.88183,31.77943],[-82.88042,31.77962],[-82.87827,31.78134]],[[-82.8803,31.77934],[-82.87963,31.77918],[-82.87956,31.77967],[-82.8803,31.77934]],[[-83.03142,31.78147],[-83.03256,31.78096],[-83.03223,31.7795],[-83.02893,31.77884],[-83.03064,31.77996],[-83.03142,31.78147]],[[-83.03119,31.78269],[-83.03152,31.78251],[-83.03159,31.78182],[-83.03119,31.78269]],[[-83.05871,31.79231],[-83.05942,31.79208],[-83.05924,31.79128],[-83.05768,31.79154],[-83.05871,31.79231]],[[-83.06477,31.79429],[-83.06581,31.79532],[-83.06802,31.79431],[-83.06817,31.79367],[-83.06763,31.79287],[-83.06691,31.79274],[-83.06477,31.79429]],[[-83.07408,31.79989],[-83.07215,31.79989],[-83.07196,31.80076],[-83.07252,31.8013],[-83.07604,31.80136],[-83.07709,31.80077],[-83.07805,31.79901],[-83.07923,31.79914],[-83.08042,31.80006],[-83.08136,31.799],[-83.07951,31.79778],[-83.07741,31.79749],[-83.07679,31.79773],[-83.07619,31.79906],[-83.07408,31.79989]],[[-83.07891,31.79959],[-83.07815,31.80002],[-83.07793,31.8009],[-83.07646,31.80174],[-83.07737,31.80276],[-83.07863,31.80267],[-83.07918,31.80213],[-83.07917,31.80073],[-83.07965,31.80033],[-83.07891,31.79959]],[[-83.08971,31.81129],[-83.09045,31.81077],[-83.09152,31.81131],[-83.09189,31.81107],[-83.09178,31.80967],[-83.09042,31.80892],[-83.09029,31.80771],[-83.08891,31.80965],[-83.08937,31.81139],[-83.08971,31.81129]],[[-83.09339,31.8085],[-83.09392,31.80815],[-83.09347,31.80826],[-83.09339,31.8085]],[[-83.13652,31.8154],[-83.13774,31.81588],[-83.1385,31.8175],[-83.14012,31.81822],[-83.14072,31.81793],[-83.13907,31.81496],[-83.13714,31.81418],[-83.13652,31.8154]],[[-83.17305,31.84349],[-83.17315,31.84316],[-83.17244,31.84277],[-83.17305,31.84349]],[[-83.17354,31.84404],[-83.17366,31.84392],[-83.17331,31.84362],[-83.17354,31.84404]],[[-82.76961,31.85629],[-82.76862,31.85658],[-82.76816,31.85778],[-82.77016,31.8594],[-82.77057,31.86123],[-82.77221,31.8614],[-82.7731,31.85823],[-82.76961,31.85629]],[[-82.40736,31.95128],[-82.40705,31.94996],[-82.40547,31.94909],[-82.40399,31.94994],[-82.40288,31.95195],[-82.40316,31.95416],[-82.40489,31.95595],[-82.40652,31.95517],[-82.40634,31.95324],[-82.40736,31.95128]],[[-82.38202,31.94856],[-82.38091,31.94902],[-82.37983,31.9484],[-82.37895,31.94704],[-82.37605,31.94953],[-82.37273,31.95131],[-82.37259,31.95301],[-82.37341,31.95368],[-82.37658,31.95325],[-82.37891,31.95402],[-82.38151,31.9558],[-82.38386,31.95955],[-82.38543,31.95956],[-82.38746,31.95838],[-82.3884,31.95691],[-82.38778,31.95562],[-82.38429,31.95292],[-82.38395,31.94922],[-82.38202,31.94856]],[[-82.37718,31.95535],[-82.37645,31.95543],[-82.37717,31.95549],[-82.37718,31.95535]],[[-82.37746,31.94301],[-82.37627,31.94282],[-82.37803,31.94393],[-82.37746,31.94301]],[[-82.3769,31.94199],[-82.37569,31.94222],[-82.37703,31.94238],[-82.3769,31.94199]]],[[[-82.13492,31.97611],[-82.13744,31.97565],[-82.13761,31.97461],[-82.13341,31.97468],[-82.12981,31.97277],[-82.13044,31.97149],[-82.12945,31.97025],[-82.12986,31.96895],[-82.1286,31.96694],[-82.12954,31.96476],[-82.13068,31.96391],[-82.12906,31.96394],[-82.12861,31.96341],[-82.13078,31.96109],[-82.132,31.96097],[-82.13205,31.96032],[-82.13103,31.95751],[-82.12766,31.95493],[-82.12753,31.95352],[-82.12884,31.95323],[-82.12911,31.95218],[-82.12803,31.95142],[-82.12414,31.95081],[-82.12415,31.94981],[-82.12624,31.94891],[-82.12661,31.94819],[-82.12586,31.9462],[-82.12582,31.94316],[-82.1243,31.94187],[-82.12475,31.94048],[-82.12577,31.94018],[-82.12592,31.93848],[-82.12523,31.93654],[-82.12403,31.93622],[-82.12162,31.93652],[-82.1207,31.93525],[-82.121,31.93413],[-82.12207,31.93397],[-82.12313,31.93441],[-82.12342,31.93403],[-82.12222,31.93258],[-82.12277,31.9315],[-82.12158,31.93097],[-82.12216,31.92874],[-82.12027,31.92831],[-82.12071,31.92744],[-82.12,31.92487],[-82.12038,31.92426],[-82.11804,31.92295],[-82.11708,31.92183],[-82.11639,31.92167],[-82.11455,31.92255],[-82.11247,31.92073],[-82.11313,31.9191],[-82.11481,31.91893],[-82.11527,31.9184],[-82.11455,31.918],[-82.11271,31.91835],[-82.11232,31.91799],[-82.11263,31.91733],[-82.11621,31.916],[-82.11679,31.91368],[-82.11584,31.91155],[-82.11649,31.91015],[-82.11637,31.90796],[-82.11862,31.90678],[-82.11968,31.90743],[-82.1218,31.90685],[-82.12223,31.90601],[-82.12317,31.90578],[-82.1193,31.90387],[-82.11679,31.90553],[-82.11568,31.90532],[-82.11536,31.9046],[-82.11619,31.90339],[-82.11536,31.90201],[-82.11227,31.9013],[-82.11066,31.90007],[-82.10974,31.89826],[-82.10967,31.89633],[-82.11174,31.89225],[-82.11176,31.89087],[-82.1102,31.8899],[-82.10786,31.88737],[-82.10642,31.88372],[-82.10791,31.88013],[-82.1092,31.87842],[-82.10825,31.87253],[-82.10845,31.87015],[-82.11013,31.86738],[-82.11532,31.86568],[-82.11546,31.8648],[-82.11482,31.86386],[-82.11366,31.86339],[-82.10948,31.86485],[-82.10591,31.86454],[-82.10227,31.8616],[-82.10022,31.86122],[-82.09567,31.858],[-82.0941,31.85616],[-82.09292,31.85348],[-82.08799,31.85202],[-82.0826,31.84828],[-82.08147,31.84664],[-82.08036,31.84311],[-82.0677,31.84013],[-82.05991,31.8353],[-82.05752,31.83265],[-82.04735,31.82791],[-82.04539,31.82594],[-82.04425,31.82307],[-82.04158,31.82122],[-82.03878,31.82089],[-82.03433,31.82163],[-82.03203,31.82127],[-82.02911,31.81984],[-82.02714,31.81614],[-82.02595,31.81579],[-82.02345,31.81665],[-82.02186,31.81811],[-82.02216,31.82255],[-82.02125,31.82421],[-82.01991,31.82516],[-82.01813,31.82563],[-82.01505,31.82475],[-82.01372,31.82241],[-82.01294,31.81789],[-82.01332,31.81677],[-82.01243,31.81473],[-82.01187,31.81131],[-82.00938,31.80985],[-82.00739,31.80947],[-82.00502,31.80728],[-82.00484,31.8061],[-82.00589,31.80386],[-82.00609,31.8004],[-82.00347,31.80005],[-82.00072,31.80132],[-81.99911,31.80155],[-81.99608,31.80065],[-81.99486,31.79935],[-81.99487,31.79721],[-81.99629,31.7958],[-81.99868,31.79474],[-81.99833,31.79404],[-81.98863,31.78921],[-81.98337,31.78573],[-81.9759,31.7831],[-81.96872,31.78607],[-81.96471,31.78829],[-81.96383,31.78967],[-81.96302,31.78992],[-81.95493,31.79066],[-81.9507,31.78871],[-81.94935,31.78733],[-81.94896,31.78619],[-81.95081,31.78107],[-81.95067,31.77759],[-81.94986,31.77424],[-81.95032,31.77094],[-81.94609,31.76861],[-81.94371,31.76802],[-81.94178,31.76642],[-81.94166,31.76293],[-81.94309,31.76092],[-81.94312,31.7599],[-81.9406,31.75978],[-81.9369,31.76285],[-81.93309,31.76319],[-81.93339,31.76369],[-81.93299,31.76398],[-81.93034,31.76224],[-81.92912,31.76079],[-81.92738,31.76185],[-81.92565,31.76214],[-81.92323,31.76015],[-81.92128,31.76073],[-81.91938,31.76039],[-81.91783,31.75927],[-81.91687,31.75763],[-81.91626,31.75734],[-81.91612,31.7578],[-81.91568,31.75703],[-81.91128,31.75423],[-81.90942,31.75189],[-81.90872,31.75013],[-81.90853,31.74729],[-81.90997,31.74469],[-81.91217,31.74326],[-81.9126,31.73973],[-81.91198,31.73808],[-81.90973,31.7367],[-81.90844,31.73454],[-81.90826,31.73375],[-81.90923,31.73069],[-81.90752,31.72906],[-81.90422,31.72446],[-81.89749,31.72174],[-81.88981,31.71716],[-81.88259,31.71443],[-81.88169,31.71473],[-81.87592,31.71349],[-81.8745,31.71276],[-81.87307,31.71114],[-81.87289,31.71009],[-81.87363,31.7057],[-81.87338,31.70396],[-81.87232,31.70258],[-81.87014,31.69726],[-81.86893,31.69649],[-81.86548,31.68991],[-81.86428,31.68902],[-81.86011,31.68803],[-81.85742,31.68606],[-81.85544,31.68401],[-81.85363,31.68047],[-81.84927,31.67929],[-81.84622,31.67725],[-81.84633,31.67584],[-81.84718,31.67426],[-81.85161,31.67228],[-81.85211,31.671],[-81.85185,31.66925],[-81.85047,31.66811],[-81.84881,31.66758],[-81.84578,31.66771],[-81.84235,31.66887],[-81.83958,31.66863],[-81.83853,31.66801],[-81.83723,31.66589],[-81.83866,31.66499],[-81.84111,31.66787],[-81.84469,31.66652],[-81.84793,31.66715],[-81.84891,31.6667],[-81.85203,31.66774],[-81.85291,31.66969],[-81.85296,31.67303],[-81.84962,31.67504],[-81.84834,31.67725],[-81.85355,31.67858],[-81.85657,31.68215],[-81.85717,31.68204],[-81.85847,31.68497],[-81.861,31.68669],[-81.8644,31.68796],[-81.86949,31.6918],[-81.86951,31.69413],[-81.8718,31.6973],[-81.87222,31.69951],[-81.87399,31.69981],[-81.87469,31.70075],[-81.87535,31.70652],[-81.87468,31.7093],[-81.8767,31.71252],[-81.88293,31.7133],[-81.89416,31.7177],[-81.89738,31.72005],[-81.89985,31.72091],[-81.90864,31.72629],[-81.9089,31.72836],[-81.91023,31.72949],[-81.91177,31.73273],[-81.91274,31.73691],[-81.91191,31.73613],[-81.9114,31.73629],[-81.91283,31.73749],[-81.91429,31.73995],[-81.91329,31.7437],[-81.91027,31.74616],[-81.90954,31.74763],[-81.91003,31.74972],[-81.91246,31.75376],[-81.91681,31.75623],[-81.91947,31.75923],[-81.92316,31.75921],[-81.92406,31.75797],[-81.92228,31.75535],[-81.9223,31.75351],[-81.92405,31.75158],[-81.92714,31.75122],[-81.92888,31.7521],[-81.92986,31.7532],[-81.93081,31.75609],[-81.93002,31.75728],[-81.92989,31.75939],[-81.93196,31.76147],[-81.93363,31.76183],[-81.93643,31.76148],[-81.93816,31.76039],[-81.93988,31.75851],[-81.94138,31.75779],[-81.9433,31.75794],[-81.94454,31.75904],[-81.94552,31.76096],[-81.94406,31.76302],[-81.94371,31.76642],[-81.94689,31.76706],[-81.94989,31.76836],[-81.95114,31.76948],[-81.95301,31.77311],[-81.95332,31.77436],[-81.95195,31.77634],[-81.9525,31.77979],[-81.95169,31.78316],[-81.95249,31.78677],[-81.95326,31.7879],[-81.95579,31.7884],[-81.9591,31.78673],[-81.96496,31.78695],[-81.97392,31.78248],[-81.97575,31.78215],[-81.97949,31.78268],[-81.98204,31.78416],[-81.98434,31.78472],[-81.9929,31.79013],[-81.99511,31.79089],[-81.99679,31.79233],[-81.99881,31.79286],[-81.99952,31.79351],[-82.00021,31.79484],[-81.99982,31.79588],[-81.99661,31.79729],[-81.99674,31.79938],[-81.99825,31.80027],[-82.00044,31.80027],[-82.00312,31.799],[-82.00476,31.79883],[-82.00715,31.79996],[-82.00796,31.80175],[-82.00757,31.80428],[-82.00705,31.80418],[-82.00657,31.80543],[-82.007,31.80782],[-82.01046,31.80871],[-82.01324,31.8112],[-82.01449,31.81641],[-82.01483,31.82163],[-82.0165,31.82351],[-82.01812,31.82378],[-82.02034,31.82321],[-82.02085,31.81642],[-82.02243,31.81457],[-82.02541,31.81382],[-82.02704,31.81434],[-82.02941,31.81686],[-82.02987,31.81697],[-82.02972,31.8165],[-82.03114,31.8179],[-82.03001,31.81654],[-82.03059,31.81677],[-82.03315,31.8202],[-82.03829,31.8193],[-82.0427,31.82002],[-82.04408,31.82089],[-82.04637,31.82381],[-82.0476,31.82459],[-82.04921,31.82724],[-82.05739,31.83087],[-82.06118,31.83356],[-82.06171,31.83401],[-82.0614,31.83459],[-82.06431,31.83624],[-82.06474,31.83693],[-82.06689,31.83765],[-82.06932,31.83927],[-82.07203,31.83955],[-82.07677,31.84137],[-82.0811,31.84232],[-82.08305,31.84353],[-82.08537,31.84558],[-82.08498,31.8477],[-82.09099,31.85056],[-82.09712,31.85548],[-82.0985,31.8582],[-82.10208,31.85972],[-82.10629,31.863],[-82.10805,31.86368],[-82.11422,31.86183],[-82.11503,31.86184],[-82.11688,31.86294],[-82.11756,31.86354],[-82.11771,31.86455],[-82.11692,31.86649],[-82.11425,31.86879],[-82.10992,31.86993],[-82.10987,31.87183],[-82.11085,31.87601],[-82.11022,31.88051],[-82.1087,31.88245],[-82.10928,31.88606],[-82.11056,31.88798],[-82.11368,31.8887],[-82.11563,31.88658],[-82.11557,31.88613],[-82.11584,31.88642],[-82.11766,31.88509],[-82.11984,31.88503],[-82.12428,31.88677],[-82.12633,31.88921],[-82.13367,31.88933],[-82.13577,31.89028],[-82.13696,31.89212],[-82.13705,31.89506],[-82.13458,31.89773],[-82.13221,31.9024],[-82.13301,31.90447],[-82.13489,31.90649],[-82.13665,31.90683],[-82.13989,31.90483],[-82.14179,31.89872],[-82.14414,31.89736],[-82.14886,31.8978],[-82.15313,31.90121],[-82.15668,31.90272],[-82.15987,31.90329],[-82.16694,31.90218],[-82.17163,31.90203],[-82.1742,31.90106],[-82.1743,31.90145],[-82.18003,31.90128],[-82.1923,31.89975],[-82.19357,31.90058],[-82.19322,31.90283],[-82.19211,31.90278],[-82.19181,31.90433],[-82.19322,31.90599],[-82.19714,31.90519],[-82.19964,31.90519],[-82.20418,31.90717],[-82.20649,31.90941],[-82.21225,31.9085],[-82.21435,31.90931],[-82.21675,31.90827],[-82.21834,31.90843],[-82.21957,31.90904],[-82.22165,31.91113],[-82.22297,31.91316],[-82.22432,31.91288],[-82.22766,31.91097],[-82.22953,31.91106],[-82.23169,31.91263],[-82.2323,31.91678],[-82.2329,31.91767],[-82.23627,31.9198],[-82.23762,31.91969],[-82.23844,31.91804],[-82.24139,31.91465],[-82.24341,31.91396],[-82.24657,31.91421],[-82.24857,31.9155],[-82.24898,31.92146],[-82.25443,31.9267],[-82.25529,31.92868],[-82.25539,31.93091],[-82.25613,31.93182],[-82.25751,31.93223],[-82.25852,31.93199],[-82.25901,31.92946],[-82.26162,31.92725],[-82.26621,31.92765],[-82.26806,31.92869],[-82.26763,31.92935],[-82.27048,31.93549],[-82.27696,31.93643],[-82.28058,31.93822],[-82.28373,31.9408],[-82.28854,31.94217],[-82.29042,31.94214],[-82.29167,31.9415],[-82.29504,31.93749],[-82.29626,31.93409],[-82.29854,31.93263],[-82.30022,31.93249],[-82.30239,31.93311],[-82.30463,31.9347],[-82.30502,31.9358],[-82.30607,31.93587],[-82.3068,31.93319],[-82.30914,31.93124],[-82.312,31.93021],[-82.31498,31.93019],[-82.31651,31.93046],[-82.31924,31.93227],[-82.32299,31.9336],[-82.32604,31.93372],[-82.32593,31.93569],[-82.32027,31.93483],[-82.31708,31.93265],[-82.31584,31.93229],[-82.31417,31.9322],[-82.31098,31.933],[-82.30928,31.93358],[-82.3086,31.9345],[-82.30778,31.93736],[-82.3085,31.93791],[-82.30775,31.93777],[-82.30632,31.93952],[-82.30528,31.93992],[-82.30225,31.93849],[-82.30141,31.93694],[-82.30141,31.93471],[-82.30057,31.93406],[-82.29959,31.93404],[-82.29782,31.93464],[-82.2951,31.94069],[-82.29292,31.94249],[-82.2896,31.94383],[-82.28549,31.94418],[-82.281,31.9411],[-82.27983,31.93953],[-82.27707,31.93807],[-82.27035,31.93739],[-82.26887,31.9366],[-82.26666,31.93434],[-82.26571,31.93025],[-82.26459,31.92912],[-82.26254,31.92892],[-82.26147,31.92953],[-82.26098,31.9306],[-82.2611,31.93274],[-82.26037,31.93342],[-82.25686,31.93401],[-82.25471,31.93313],[-82.2538,31.93169],[-82.25342,31.92804],[-82.25029,31.92412],[-82.2474,31.92214],[-82.24639,31.92043],[-82.24601,31.91895],[-82.2462,31.91677],[-82.2457,31.91586],[-82.24349,31.91563],[-82.24241,31.916],[-82.23963,31.91959],[-82.23785,31.9208],[-82.23423,31.92089],[-82.23237,31.91979],[-82.23046,31.91761],[-82.22987,31.91263],[-82.22837,31.91273],[-82.22427,31.91447],[-82.22252,31.91446],[-82.21989,31.91364],[-82.21779,31.90974],[-82.21456,31.91049],[-82.21085,31.90976],[-82.20773,31.91087],[-82.20302,31.90897],[-82.19993,31.90658],[-82.19328,31.9079],[-82.19065,31.90675],[-82.18907,31.90489],[-82.18914,31.90352],[-82.19115,31.90151],[-82.19074,31.90087],[-82.18699,31.90165],[-82.17115,31.90318],[-82.16403,31.90452],[-82.16037,31.90465],[-82.15632,31.90422],[-82.15291,31.90319],[-82.14752,31.89893],[-82.14483,31.89902],[-82.14342,31.89964],[-82.14243,31.90105],[-82.14181,31.90428],[-82.14047,31.90624],[-82.13755,31.90856],[-82.13328,31.9094],[-82.13086,31.90647],[-82.13009,31.90373],[-82.13094,31.90063],[-82.13258,31.89932],[-82.13337,31.89681],[-82.13507,31.89516],[-82.13546,31.89356],[-82.13504,31.89205],[-82.13271,31.89073],[-82.13108,31.89067],[-82.12946,31.89125],[-82.12448,31.89005],[-82.12194,31.88863],[-82.12056,31.88686],[-82.11962,31.88655],[-82.1178,31.88711],[-82.11619,31.88889],[-82.11765,31.89891],[-82.11733,31.90013],[-82.11538,31.9016],[-82.11655,31.90276],[-82.11631,31.90456],[-82.11678,31.90516],[-82.118,31.90453],[-82.11832,31.90349],[-82.11911,31.90334],[-82.12175,31.90472],[-82.12292,31.9048],[-82.12371,31.90573],[-82.12266,31.9071],[-82.12097,31.90707],[-82.11983,31.90762],[-82.11801,31.90739],[-82.11661,31.90875],[-82.11642,31.91145],[-82.1174,31.91351],[-82.11723,31.91577],[-82.11656,31.91657],[-82.11299,31.91748],[-82.1131,31.91799],[-82.11481,31.91765],[-82.11586,31.91842],[-82.11552,31.91915],[-82.11366,31.91952],[-82.11322,31.92026],[-82.11459,31.92197],[-82.11527,31.922],[-82.11617,31.92118],[-82.11732,31.92126],[-82.11897,31.92304],[-82.12089,31.92371],[-82.12067,31.92801],[-82.12238,31.92856],[-82.12193,31.9306],[-82.12289,31.9312],[-82.12244,31.93268],[-82.12378,31.93437],[-82.12332,31.93484],[-82.12139,31.93439],[-82.12126,31.93546],[-82.12245,31.93621],[-82.12405,31.93549],[-82.12516,31.93584],[-82.1262,31.93816],[-82.12604,31.94032],[-82.12501,31.94146],[-82.12625,31.9429],[-82.12594,31.94481],[-82.127,31.94808],[-82.12665,31.94904],[-82.1252,31.94951],[-82.12492,31.95079],[-82.12907,31.95163],[-82.12948,31.95293],[-82.12827,31.95415],[-82.12813,31.95499],[-82.13141,31.95736],[-82.13144,31.95855],[-82.13245,31.96045],[-82.13222,31.96129],[-82.1305,31.96169],[-82.12901,31.96334],[-82.12939,31.9637],[-82.13047,31.96341],[-82.131,31.96408],[-82.1297,31.96498],[-82.12895,31.96655],[-82.12933,31.96668],[-82.12916,31.96762],[-82.13012,31.96872],[-82.12981,31.97023],[-82.13089,31.97102],[-82.13025,31.9722],[-82.13075,31.97306],[-82.13388,31.97438],[-82.13719,31.97405],[-82.13825,31.97498],[-82.1377,31.97604],[-82.13511,31.97653],[-82.13572,31.97805],[-82.1346,31.97708],[-82.13492,31.97611]],[[-82.1286,31.95348],[-82.12801,31.95389],[-82.12794,31.95492],[-82.1286,31.95348]],[[-82.12449,31.9508],[-82.1245,31.94977],[-82.12415,31.95017],[-82.12449,31.9508]],[[-82.12483,31.94978],[-82.12508,31.94954],[-82.12482,31.94963],[-82.12483,31.94978]],[[-82.12412,31.93597],[-82.12339,31.93612],[-82.12469,31.93624],[-82.12412,31.93597]],[[-82.12064,31.92461],[-82.12034,31.92482],[-82.12065,31.92504],[-82.12064,31.92461]],[[-82.1179,31.92195],[-82.11777,31.92203],[-82.11835,31.92269],[-82.1179,31.92195]],[[-82.12297,31.90619],[-82.12233,31.90658],[-82.12282,31.90649],[-82.12297,31.90619]],[[-82.11281,31.89874],[-82.1115,31.89865],[-82.11065,31.89724],[-82.11141,31.90028],[-82.11346,31.90087],[-82.11491,31.90035],[-82.11502,31.8998],[-82.11281,31.89874]],[[-82.11232,31.89715],[-82.11288,31.89808],[-82.11384,31.89848],[-82.11512,31.89869],[-82.1161,31.89828],[-82.11533,31.89539],[-82.11592,31.89183],[-82.11462,31.8899],[-82.11276,31.89045],[-82.11288,31.89278],[-82.11175,31.89409],[-82.11129,31.89548],[-82.11232,31.89715]],[[-82.1334,31.90702],[-82.134,31.90709],[-82.13388,31.90604],[-82.13189,31.90451],[-82.13226,31.90586],[-82.1334,31.90702]],[[-82.22179,31.91248],[-82.22131,31.91112],[-82.22011,31.91055],[-82.22179,31.91248]],[[-82.30514,31.93607],[-82.30367,31.93635],[-82.30401,31.93755],[-82.3063,31.93757],[-82.30637,31.93669],[-82.30514,31.93607]],[[-82.32456,31.93543],[-82.32486,31.93537],[-82.32436,31.93528],[-82.32456,31.93543]],[[-82.11507,31.86769],[-82.11315,31.86801],[-82.11246,31.86832],[-82.11256,31.86883],[-82.11507,31.86769]],[[-81.95782,31.78822],[-81.9566,31.78882],[-81.95768,31.78921],[-81.96215,31.78903],[-81.96305,31.78822],[-81.95995,31.78712],[-81.95782,31.78822]],[[-81.95245,31.77297],[-81.95231,31.77357],[-81.95263,31.77323],[-81.95245,31.77297]],[[-81.95208,31.77297],[-81.95227,31.7726],[-81.95189,31.77219],[-81.95208,31.77297]],[[-81.92568,31.75188],[-81.92347,31.75278],[-81.92275,31.75371],[-81.92268,31.75501],[-81.9246,31.75773],[-81.9248,31.75851],[-81.92432,31.75971],[-81.92487,31.76071],[-81.92671,31.76117],[-81.92867,31.75956],[-81.92945,31.75536],[-81.92788,31.75279],[-81.92568,31.75188]],[[-81.912,31.73543],[-81.91158,31.73496],[-81.9109,31.73596],[-81.91184,31.73607],[-81.912,31.73543]],[[-81.91167,31.73374],[-81.9112,31.73395],[-81.9114,31.73473],[-81.91167,31.73374]],[[-81.91115,31.73374],[-81.91132,31.73261],[-81.9109,31.73175],[-81.91069,31.73278],[-81.91038,31.73212],[-81.91034,31.73255],[-81.91058,31.7339],[-81.91115,31.73374]],[[-81.87394,31.70168],[-81.87449,31.70156],[-81.87415,31.70005],[-81.87257,31.70002],[-81.87394,31.70168]],[[-81.84892,31.67532],[-81.85051,31.67414],[-81.84955,31.67434],[-81.84892,31.67532]],[[-81.93297,31.76387],[-81.93289,31.76328],[-81.93243,31.76334],[-81.93297,31.76387]]]]}},{"type":"Feature","properties":{"layer":"habitat","species":"Piping Plover","status":"Threatened","source":"USFWS"},"geometry":{"type":"MultiPolygon","coordinates":[[[[-80.8586,31.96867],[-80.86175,31.96687],[-80.86647,31.96243],[-80.87246,31.95803],[-80.88367,31.95251],[-80.8853,31.95031],[-80.88727,31.94966],[-80.91257,31.93656],[-80.91475,31.9373],[-80.91603,31.93844],[-80.91969,31.93527],[-80.92273,31.93337],[-80.92667,31.93313],[-80.92811,31.93388],[-80.9295,31.93556],[-80.93274,31.94287],[-80.93289,31.94433],[-80.93226,31.94609],[-80.93351,31.94763],[-80.934,31.95142],[-80.92607,31.95201],[-80.92282,31.94924],[-80.92243,31.94733],[-80.92122,31.94761],[-80.92237,31.94552],[-80.92067,31.94465],[-80.91795,31.94624],[-80.9122,31.95203],[-80.90996,31.95317],[-80.9068,31.95583],[-80.90089,31.95644],[-80.89865,31.95575],[-80.89376,31.95765],[-80.89017,31.96103],[-80.88356,31.9629],[-80.87447,31.9685],[-80.87151,31.96802],[-80.86667,31.97158],[-80.8636,31.97698],[-80.86353,31.9778],[-80.86522,31.98105],[-80.86454,31.98449],[-80.85599,31.98384],[-80.85498,31.97944],[-80.8557,31.97854],[-80.85551,31.97527],[-80.85689,31.97121],[-80.8586,31.96867]]],[[[-81.03689,31.82307],[-81.0363,31.82202],[-81.03341,31.82036],[-81.03263,31.81868],[-81.03312,31.81158],[-81.03579,31.80581],[-81.037,31.8045],[-81.0393,31.80422],[-81.04206,31.80286],[-81.0468,31.79838],[-81.0522,31.79139],[-81.05725,31.78186],[-81.05974,31.77957],[-81.06775,31.76923],[-81.07246,31.76534],[-81.07936,31.75864],[-81.09888,31.74369],[-81.10486,31.7398],[-81.11102,31.73689],[-81.1118,31.73583],[-81.11365,31.73708],[-81.11538,31.73875],[-81.11353,31.74185],[-81.11208,31.74329],[-81.1085,31.74601],[-81.1058,31.74617],[-81.10289,31.74705],[-81.08831,31.75715],[-81.08558,31.75993],[-81.08261,31.76144],[-81.08004,31.76389],[-81.07726,31.76739],[-81.07587,31.76828],[-81.07532,31.77015],[-81.07163,31.77244],[-81.07118,31.7735],[-81.06709,31.77696],[-81.06503,31.77987],[-81.06503,31.78124],[-81.06369,31.78281],[-81.06381,31.78374],[-81.06325,31.78497],[-81.06224,31.7857],[-81.06099,31.78571],[-81.05454,31.79632],[-81.05138,31.80035],[-81.04585,31.80595],[-81.03974,31.81011],[-81.03867,31.81151],[-81.03749,31.81343],[-81.03723,31.81475],[-81.04133,31.82128],[-81.04352,31.82263],[-81.04758,31.82253],[-81.04921,31.81963],[-81.05266,31.82245],[-81.05104,31.82464],[-81.04796,31.82683],[-81.04395,31.82699],[-81.04019,31.82583],[-81.03689,31.82307]]],[[[-80.0,32.60703],[-80.00043,32.60713],[-80.00296,32.60714],[-80.01167,32.60918],[-80.01791,32.60988],[-80.02528,32.60939],[-80.02637,32.60977],[-80.03147,32.60908],[-80.03124,32.61069],[-80.01851,32.61168],[-80.00834,32.61174],[-80.00623,32.61094],[-80.00042,32.61019],[-80.0,32.61057],[-80.0,32.62801],[-80.00014,32.62814],[-80.0,32.62679],[-80.0,32.61317],[-80.0027,32.61424],[-80.00389,32.61379],[-80.00731,32.61427],[-80.00888,32.6138],[-80.01076,32.61433],[-80.01059,32.61485],[-80.0079,32.61604],[-80.00735,32.6167],[-80.00864,32.61644],[-80.009,32.61716],[-80.00819,32.61863],[-80.00581,32.6202],[-80.0047,32.61995],[-80.00523,32.61851],[-80.00478,32.618],[-80.00396,32.61774],[-80.0021,32.6182],[-80.00168,32.61936],[-80.0021,32.62264],[-80.00305,32.62355],[-80.00405,32.62322],[-80.00496,32.62195],[-80.01352,32.61966],[-80.0146,32.61892],[-80.02347,32.61674],[-80.02659,32.61732],[-80.02712,32.61627],[-80.02893,32.61495],[-80.03013,32.6152],[-80.03094,32.61624],[-80.02964,32.61915],[-80.02725,32.62068],[-80.02583,32.62041],[-80.02496,32.61889],[-80.02395,32.61825],[-80.02431,32.6193],[-80.02349,32.62178],[-80.02356,32.62477],[-80.02048,32.62663],[-80.01782,32.627],[-80.01552,32.62545],[-80.01052,32.62656],[-80.01266,32.62715],[-80.0144,32.62902],[-80.01429,32.63041],[-80.01241,32.63245],[-80.00842,32.63193],[-80.00254,32.63035],[-80.0,32.62931],[-80.0,32.60703]]],[[[-80.53966,32.288],[-80.54047,32.2852],[-80.54348,32.28173],[-80.54587,32.28011],[-80.55063,32.27798],[-80.55966,32.27523],[-80.56376,32.27293],[-80.57021,32.27075],[-80.57364,32.27011],[-80.58118,32.27027],[-80.58658,32.27166],[-80.58953,32.2743],[-80.5894,32.27846],[-80.58658,32.281],[-80.58301,32.28188],[-80.57991,32.28181],[-80.57794,32.28057],[-80.57685,32.27856],[-80.57197,32.28008],[-80.57043,32.27972],[-80.56832,32.28034],[-80.56622,32.2818],[-80.55846,32.28418],[-80.55112,32.28792],[-80.54964,32.288],[-80.54895,32.28891],[-80.54814,32.29215],[-80.54595,32.2937],[-80.5438,32.29385],[-80.54205,32.29319],[-80.54053,32.29134],[-80.53966,32.288]]],[[[-81.13274,31.63972],[-81.13337,31.63864],[-81.13291,31.63828],[-81.12813,31.63795],[-81.1262,31.63626],[-81.12549,31.63503],[-81.12727,31.63286],[-81.12743,31.62975],[-81.12898,31.62923],[-81.13089,31.62675],[-81.13438,31.61824],[-81.13798,31.61844],[-81.13653,31.62143],[-81.13567,31.62564],[-81.13171,31.63143],[-81.13203,31.63173],[-81.13528,31.63007],[-81.13658,31.63027],[-81.13993,31.63568],[-81.13949,31.63696],[-81.14192,31.63704],[-81.14279,31.6381],[-81.14219,31.63932],[-81.1412,31.63982],[-81.1369,31.63951],[-81.1358,31.64172],[-81.13671,31.64805],[-81.1365,31.6532],[-81.1358,31.65653],[-81.13752,31.65943],[-81.13713,31.6609],[-81.13575,31.66163],[-81.13563,31.66242],[-81.13769,31.66864],[-81.13415,31.66934],[-81.13242,31.66582],[-81.13175,31.66322],[-81.13053,31.66171],[-81.13027,31.66018],[-81.13049,31.65793],[-81.13198,31.65621],[-81.13253,31.65348],[-81.13285,31.64884],[-81.13219,31.64227],[-81.13274,31.63972]]],[[[-81.19312,31.53671],[-81.18314,31.52918],[-81.17681,31.52197],[-81.17447,31.51836],[-81.1715,31.51493],[-81.1718,31.51343],[-81.17279,31.51203],[-81.17441,31.51148],[-81.17571,31.51208],[-81.17651,31.51332],[-81.17735,31.51306],[-81.18451,31.50718],[-81.18749,31.50932],[-81.17755,31.5167],[-81.18475,31.52644],[-81.18608,31.52697],[-81.18661,31.52805],[-81.19396,31.53356],[-81.19802,31.5352],[-81.20042,31.53534],[-81.20263,31.53444],[-81.20523,31.53119],[-81.20873,31.53011],[-81.21073,31.5326],[-81.20771,31.5335],[-81.20633,31.53578],[-81.20391,31.53776],[-81.20109,31.53868],[-81.19829,31.53878],[-81.19312,31.53671]]],[[[-80.16701,32.54496],[-80.16611,32.54088],[-80.16499,32.53834],[-80.16519,32.53669],[-80.16613,32.53614],[-80.1691,32.53832],[-80.1723,32.53966],[-80.17505,32.53987],[-80.18239,32.5391],[-80.18563,32.54162],[-80.18634,32.54377],[-80.1861,32.54496],[-80.18541,32.54537],[-80.18264,32.54358],[-80.18172,32.54437],[-80.18047,32.54827],[-80.17895,32.55004],[-80.18091,32.55177],[-80.18073,32.55259],[-80.17984,32.55294],[-80.17286,32.54996],[-80.16797,32.54629],[-80.16701,32.54496]]],[[[-80.93571,31.91301],[-80.92778,31.90945],[-80.92733,31.90862],[-80.92744,31.90613],[-80.92842,31.90437],[-80.9312,31.90296],[-80.93504,31.90405],[-80.94221,31.89888],[-80.94536,31.90071],[-80.94132,31.90449],[-80.93583,31.90871],[-80.94034,31.91099],[-80.94241,31.91075],[-80.94492,31.91212],[-80.94771,31.91162],[-80.94966,31.91372],[-80.94639,31.91597],[-80.94236,31.91527],[-80.93571,31.91301]]],[[[-80.39729,32.47206],[-80.41112,32.46898],[-80.4135,32.4689],[-80.41693,32.46995],[-80.41872,32.47212],[-80.41547,32.47303],[-80.41378,32.47201],[-80.41169,32.47196],[-80.39314,32.47643],[-80.39184,32.47707],[-80.39024,32.47912],[-80.39069,32.48454],[-80.38705,32.48687],[-80.38542,32.48611],[-80.38497,32.4845],[-80.38621,32.47863],[-80.387,32.47684],[-80.39076,32.474],[-80.39729,32.47206]]],[[[-80.1369,32.58056],[-80.14322,32.57563],[-80.14485,32.57352],[-80.14884,32.57062],[-80.15107,32.5702],[-80.15432,32.56707],[-80.15543,32.567],[-80.15764,32.5687],[-80.15618,32.57025],[-80.15324,32.57205],[-80.15239,32.57565],[-80.15279,32.57702],[-80.15069,32.57837],[-80.14935,32.5781],[-80.1463,32.58118],[-80.14518,32.58007],[-80.14369,32.57967],[-80.12828,32.58789],[-80.12649,32.58622],[-80.1369,32.58056]]],[[[-81.17734,31.56002],[-81.17705,31.55931],[-81.17383,31.56025],[-81.16901,31.56418],[-81.16555,31.56123],[-81.17075,31.55699],[-81.17275,31.55597],[-81.17704,31.55508],[-81.17908,31.55527],[-81.181,31.55633],[-81.18188,31.55829],[-81.18336,31.55812],[-81.18451,31.55857],[-81.18681,31.56182],[-81.18714,31.56287],[-81.18684,31.56897],[-81.18199,31.56842],[-81.18164,31.5626],[-81.17924,31.56187],[-81.17734,31.56002]]],[[[-81.00105,31.85955],[-80.99971,31.85891],[-80.99544,31.85896],[-80.99444,31.85935],[-80.99218,31.86102],[-80.98885,31.86473],[-80.98623,31.86246],[-80.98915,31.85887],[-80.99198,31.85671],[-80.99448,31.85561],[-80.99743,31.85582],[-80.99951,31.85528],[-81.00201,31.85603],[-81.00409,31.85774],[-81.005,31.85959],[-81.00496,31.86091],[-81.00406,31.86259],[-81.00089,31.86627],[-80.99942,31.87042],[-80.99647,31.86886],[-80.99807,31.86479],[-81.00143,31.8608],[-81.00105,31.85955]]],[[[-81.12665,31.6999],[-81.12173,31.69924],[-81.11778,31.69665],[-81.1137,31.69193],[-81.11303,31.69062],[-81.11321,31.68921],[-81.11431,31.68844],[-81.11659,31.6886],[-81.12077,31.69266],[-81.12373,31.69095],[-81.12503,31.69115],[-81.13,31.69764],[-81.12896,31.69939],[-81.12665,31.6999]]],[[[-81.24291,31.42628],[-81.24196,31.4256],[-81.24538,31.42117],[-81.24862,31.41398],[-81.25127,31.40993],[-81.25519,31.41368],[-81.25417,31.4161],[-81.2542,31.41713],[-81.2533,31.41846],[-81.25277,31.42152],[-81.25345,31.42227],[-81.25334,31.42327],[-81.25178,31.42412],[-81.25022,31.4238],[-81.24957,31.4231],[-81.24543,31.42809],[-81.24291,31.42628]]],[[[-80.85081,32.03057],[-80.84585,32.02621],[-80.84258,32.02606],[-80.84075,32.02483],[-80.83916,32.01803],[-80.84197,32.01764],[-80.84372,32.02309],[-80.84658,32.02416],[-80.85136,32.02756],[-80.85279,32.02717],[-80.85568,32.02456],[-80.86343,32.02049],[-80.86477,32.02131],[-80.86139,32.02387],[-80.85671,32.02593],[-80.85251,32.03061],[-80.85081,32.03057]]],[[[-80.42469,32.40524],[-80.42391,32.40467],[-80.42377,32.40237],[-80.42429,32.39976],[-80.42505,32.39845],[-80.426,32.39751],[-80.42786,32.39688],[-80.42971,32.39696],[-80.43067,32.39779],[-80.43118,32.39737],[-80.43113,32.39446],[-80.43424,32.39351],[-80.43375,32.40108],[-80.43259,32.40348],[-80.43128,32.40395],[-80.42955,32.40051],[-80.42815,32.40195],[-80.43,32.40352],[-80.43044,32.40414],[-80.4302,32.4047],[-80.42908,32.40519],[-80.42469,32.40524]]],[[[-80.66183,32.20621],[-80.66346,32.20494],[-80.66754,32.20389],[-80.66906,32.20412],[-80.6706,32.2055],[-80.67048,32.20629],[-80.66979,32.2067],[-80.66722,32.2056],[-80.6657,32.2059],[-80.66465,32.20645],[-80.66286,32.2086],[-80.66246,32.21243],[-80.66337,32.21684],[-80.66426,32.21809],[-80.66396,32.21885],[-80.66312,32.21913],[-80.66108,32.21888],[-80.6603,32.21443],[-80.65977,32.20852],[-80.66024,32.20753],[-80.66183,32.20621]]],[[[-80.67456,32.21007],[-80.67608,32.20926],[-80.6767,32.21008],[-80.66784,32.21507],[-80.66974,32.22077],[-80.66882,32.22092],[-80.66732,32.21654],[-80.66626,32.2153],[-80.66699,32.21337],[-80.66895,32.21189],[-80.67456,32.21007]]]]}},{"type":"Feature","properties":{"layer":"habitat","species":"rufa red knot","status":"Threatened","source":"USFWS","stage":"proposed"},"geometry":{"type":"MultiPolygon","coordinates":[[[[-81.11736,31.71595],[-81.13116,31.71537],[-81.13784,31.71755],[-81.1428,31.7241],[-81.14639,31.73172],[-81.14702,31.73778],[-81.15033,31.74278],[-81.15529,31.74763],[-81.16864,31.75359],[-81.17166,31.75733],[-81.17069,31.76077],[-81.16818,31.76659],[-81.16493,31.77222],[-81.15826,31.78221],[-81.16088,31.78725],[-81.16436,31.79026],[-81.17235,31.79161],[-81.17948,31.79205],[-81.18079,31.79297],[-81.18022,31.79564],[-81.17543,31.80563],[-81.17497,31.80979],[-81.17691,31.81629],[-81.17497,31.8175],[-81.1602,31.81915],[-81.15769,31.82817],[-81.15672,31.83403],[-81.15541,31.83771],[-81.14782,31.84217],[-81.14542,31.84527],[-81.13869,31.84954],[-81.13036,31.85278],[-81.12146,31.8539],[-81.10897,31.85419],[-81.09374,31.85201],[-81.09026,31.85114],[-81.08673,31.84406],[-81.05735,31.83417],[-81.04178,31.82691],[-81.0371,31.82555],[-81.02597,31.81871],[-81.02198,31.80955],[-81.04252,31.80015],[-81.05387,31.78943],[-81.0667,31.7745],[-81.07144,31.76596],[-81.08211,31.75845],[-81.09557,31.74351],[-81.10304,31.73628],[-81.0999,31.72759],[-81.10481,31.72148],[-81.11736,31.71595]]],[[[-81.12846,31.70039],[-81.11973,31.70054],[-81.11049,31.69743],[-81.10227,31.69267],[-81.10039,31.68651],[-81.10912,31.68195],[-81.12783,31.67865],[-81.13159,31.66083],[-81.12395,31.63752],[-81.12229,31.63485],[-81.12184,31.62985],[-81.12606,31.62543],[-81.13205,31.62431],[-81.13884,31.61416],[-81.14454,31.60371],[-81.15937,31.57315],[-81.16359,31.5663],[-81.16342,31.5593],[-81.16097,31.54865],[-81.16536,31.54228],[-81.17015,31.54233],[-81.18476,31.5504],[-81.18835,31.55735],[-81.18932,31.57436],[-81.18892,31.57592],[-81.17734,31.59166],[-81.17785,31.59662],[-81.17865,31.59944],[-81.1831,31.60867],[-81.18156,31.61722],[-81.18196,31.61984],[-81.18345,31.62339],[-81.18635,31.62761],[-81.18681,31.63135],[-81.18846,31.63402],[-81.18892,31.63796],[-81.18835,31.63975],[-81.18544,31.64131],[-81.18213,31.64519],[-81.17791,31.64913],[-81.17301,31.65772],[-81.17295,31.66],[-81.17118,31.66117],[-81.17015,31.66068],[-81.16839,31.66112],[-81.16764,31.66258],[-81.16867,31.6634],[-81.16702,31.6651],[-81.16382,31.66549],[-81.16148,31.6669],[-81.15954,31.67122],[-81.15709,31.68122],[-81.15464,31.68816],[-81.15447,31.69447],[-81.15373,31.69651],[-81.15099,31.69894],[-81.14882,31.69952],[-81.145,31.70005],[-81.12846,31.70039]]],[[[-80.0,32.59711],[-80.0053,32.59721],[-80.01756,32.59957],[-80.03722,32.6044],[-80.04321,32.60708],[-80.07168,32.60253],[-80.09238,32.59857],[-80.10567,32.59469],[-80.11677,32.5906],[-80.12823,32.58521],[-80.13728,32.57878],[-80.13949,32.57592],[-80.14092,32.57035],[-80.1427,32.56811],[-80.14444,32.56697],[-80.14641,32.56657],[-80.15489,32.56621],[-80.15901,32.5644],[-80.16041,32.56288],[-80.16186,32.55936],[-80.16343,32.55711],[-80.1654,32.55597],[-80.16849,32.55529],[-80.17391,32.55696],[-80.17897,32.5594],[-80.18116,32.56194],[-80.18254,32.5645],[-80.18945,32.57205],[-80.19359,32.57414],[-80.19582,32.57598],[-80.1958,32.57642],[-80.19473,32.57654],[-80.19271,32.5761],[-80.19307,32.57574],[-80.19159,32.57423],[-80.18803,32.57326],[-80.18035,32.56581],[-80.17888,32.56374],[-80.1789,32.56238],[-80.17751,32.56028],[-80.17655,32.55968],[-80.17301,32.55994],[-80.16923,32.5609],[-80.16742,32.5621],[-80.1649,32.56548],[-80.16573,32.56793],[-80.16409,32.56875],[-80.16362,32.56951],[-80.16395,32.57099],[-80.16136,32.5742],[-80.16172,32.57768],[-80.16143,32.57921],[-80.15929,32.57997],[-80.15751,32.57939],[-80.15732,32.57828],[-80.15789,32.5759],[-80.15753,32.57488],[-80.15584,32.57446],[-80.15402,32.57618],[-80.15311,32.58091],[-80.15216,32.58147],[-80.15014,32.58115],[-80.14712,32.58177],[-80.14341,32.58327],[-80.13362,32.58497],[-80.13243,32.58575],[-80.1316,32.58688],[-80.13186,32.59136],[-80.13094,32.59396],[-80.13105,32.59499],[-80.13338,32.59845],[-80.13324,32.59909],[-80.13122,32.59965],[-80.13072,32.60041],[-80.13258,32.60308],[-80.13246,32.60378],[-80.12984,32.60356],[-80.1292,32.60414],[-80.12915,32.6067],[-80.12723,32.6061],[-80.12571,32.6072],[-80.12575,32.60948],[-80.12492,32.61062],[-80.12523,32.61144],[-80.12126,32.61489],[-80.119,32.61567],[-80.11632,32.61561],[-80.10745,32.61449],[-80.09638,32.61789],[-80.08996,32.61783],[-80.08288,32.61961],[-80.07513,32.62458],[-80.07166,32.62584],[-80.05947,32.63184],[-80.05336,32.63615],[-80.03135,32.63763],[-80.02693,32.63755],[-80.02191,32.63671],[-80.01618,32.63387],[-80.0,32.62985],[-80.0,32.59711]]],[[[-80.45324,32.3169],[-80.4572,32.31075],[-80.46105,32.30804],[-80.46468,32.30677],[-80.46811,32.30822],[-80.47186,32.31188],[-80.47527,32.31247],[-80.4788,32.31157],[-80.4988,32.30406],[-80.50715,32.30234],[-80.51485,32.30008],[-80.53217,32.29249],[-80.54159,32.28725],[-80.55185,32.28227],[-80.56651,32.27658],[-80.57346,32.27477],[-80.57966,32.27404],[-80.58426,32.27522],[-80.58683,32.27875],[-80.5802,32.28661],[-80.56565,32.2971],[-80.56287,32.30063],[-80.56105,32.30506],[-80.55816,32.30885],[-80.55528,32.31166],[-80.53891,32.3206],[-80.53431,32.32431],[-80.5295,32.32702],[-80.5234,32.32838],[-80.52041,32.32964],[-80.51346,32.33705],[-80.5095,32.33904],[-80.50682,32.34248],[-80.50009,32.34491],[-80.48864,32.34546],[-80.48244,32.34763],[-80.4711,32.34103],[-80.46436,32.33796],[-80.46137,32.33299],[-80.45955,32.33226],[-80.45335,32.32585],[-80.45228,32.32024],[-80.45324,32.3169]]],[[[-80.85936,31.99899],[-80.85714,31.99468],[-80.85628,31.99072],[-80.85828,31.98878],[-80.86087,31.98513],[-80.85864,31.98373],[-80.85685,31.98021],[-80.85298,31.97771],[-80.85019,31.97273],[-80.86144,31.9661],[-80.88158,31.95759],[-80.88774,31.95412],[-80.90186,31.94269],[-80.90666,31.9377],[-80.90996,31.93521],[-80.91555,31.9332],[-80.92071,31.93308],[-80.92508,31.93496],[-80.92802,31.93764],[-80.92989,31.94074],[-80.92967,31.94476],[-80.92903,31.94713],[-80.92953,31.95412],[-80.9306,31.95795],[-80.93211,31.96039],[-80.93175,31.9627],[-80.92501,31.9689],[-80.92379,31.97145],[-80.92279,31.97559],[-80.9243,31.98057],[-80.92688,31.98434],[-80.92759,31.98653],[-80.92695,31.99468],[-80.92093,31.99145],[-80.91906,31.98896],[-80.91699,31.98756],[-80.91527,31.98762],[-80.91362,31.98969],[-80.91261,31.99194],[-80.91046,31.99419],[-80.9053,31.99358],[-80.89978,31.99626],[-80.89355,31.99334],[-80.89082,31.99334],[-80.88581,31.99747],[-80.88301,31.99747],[-80.87957,31.99267],[-80.87613,31.99158],[-80.87226,31.99255],[-80.86904,31.99534],[-80.86674,31.99662],[-80.85936,31.99899]]],[[[-80.83749,32.12931],[-80.83906,32.12557],[-80.83925,32.12355],[-80.8388,32.12213],[-80.84004,32.11907],[-80.84907,32.10759],[-80.85399,32.10288],[-80.85653,32.10129],[-80.86392,32.09287],[-80.86746,32.08834],[-80.87129,32.08143],[-80.87405,32.08075],[-80.87662,32.08125],[-80.87745,32.08252],[-80.87778,32.08601],[-80.87937,32.08899],[-80.88058,32.09025],[-80.8831,32.09044],[-80.88786,32.0885],[-80.89054,32.08959],[-80.89537,32.09257],[-80.89765,32.09281],[-80.90283,32.0912],[-80.90312,32.09275],[-80.90219,32.09493],[-80.90022,32.09734],[-80.89596,32.10075],[-80.89401,32.10677],[-80.89432,32.10987],[-80.89713,32.11399],[-80.8986,32.1188],[-80.89808,32.12031],[-80.89646,32.12233],[-80.89549,32.125],[-80.89061,32.12903],[-80.88881,32.12994],[-80.88424,32.12895],[-80.87992,32.12899],[-80.876,32.12975],[-80.87417,32.13064],[-80.86837,32.13533],[-80.86483,32.13956],[-80.8629,32.14078],[-80.85546,32.14386],[-80.85123,32.14509],[-80.84783,32.14686],[-80.84158,32.14773],[-80.83854,32.1474],[-80.83711,32.14648],[-80.83543,32.14475],[-80.83295,32.14028],[-80.83264,32.13776],[-80.83364,32.13632],[-80.83721,32.13326],[-80.83749,32.12931]]],[[[-80.40306,32.53507],[-80.39951,32.53427],[-80.39336,32.53399],[-80.38511,32.53018],[-80.37895,32.52559],[-80.37453,32.52123],[-80.37142,32.51573],[-80.36493,32.50772],[-80.36329,32.50471],[-80.35937,32.49986],[-80.36305,32.49529],[-80.36914,32.48915],[-80.36954,32.48635],[-80.37256,32.48404],[-80.37525,32.48274],[-80.38157,32.48103],[-80.39398,32.47468],[-80.40717,32.47055],[-80.41256,32.46991],[-80.41499,32.47007],[-80.41656,32.47091],[-80.41834,32.47335],[-80.42067,32.47901],[-80.42057,32.48033],[-80.41948,32.4821],[-80.41993,32.48933],[-80.41846,32.49138],[-80.41415,32.49511],[-80.41204,32.49956],[-80.40764,32.50539],[-80.40683,32.51185],[-80.40776,32.52213],[-80.41028,32.53056],[-80.41199,32.53365],[-80.41192,32.53445],[-80.41097,32.53541],[-80.40788,32.5366],[-80.40306,32.53507]]],[[[-81.18511,31.50672],[-81.19058,31.49934],[-81.20527,31.47243],[-81.21254,31.46347],[-81.22076,31.45519],[-81.23155,31.43739],[-81.2335,31.43678],[-81.23697,31.44112],[-81.23716,31.4421],[-81.23517,31.44611],[-81.23165,31.45179],[-81.22951,31.4541],[-81.22747,31.45511],[-81.22509,31.45552],[-81.22361,31.45645],[-81.22214,31.45779],[-81.22076,31.46111],[-81.22133,31.46278],[-81.22846,31.47007],[-81.22338,31.4751],[-81.22143,31.47563],[-81.21957,31.47749],[-81.21858,31.48289],[-81.21905,31.48426],[-81.2182,31.48503],[-81.21069,31.48337],[-81.20802,31.48325],[-81.20641,31.48426],[-81.20679,31.48629],[-81.21492,31.49322],[-81.21725,31.49488],[-81.22323,31.49642],[-81.22438,31.49845],[-81.2267,31.4989],[-81.22708,31.49979],[-81.22609,31.50133],[-81.22457,31.50234],[-81.22276,31.50084],[-81.222,31.50113],[-81.22171,31.50364],[-81.21972,31.504],[-81.21891,31.50526],[-81.21501,31.50708],[-81.21463,31.50871],[-81.21187,31.51195],[-81.21306,31.51284],[-81.2162,31.51385],[-81.21805,31.51892],[-81.21986,31.5222],[-81.21511,31.52568],[-81.21397,31.52844],[-81.20517,31.53679],[-81.20066,31.53804],[-81.19576,31.53719],[-81.17855,31.52933],[-81.16486,31.525],[-81.15478,31.52289],[-81.15906,31.516],[-81.16524,31.51183],[-81.18511,31.50672]]],[[[-80.95927,31.91337],[-80.95132,31.91276],[-80.94766,31.91592],[-80.93813,31.91458],[-80.92924,31.91148],[-80.92157,31.9068],[-80.92659,31.90315],[-80.94652,31.89426],[-80.95082,31.89122],[-80.97117,31.87546],[-80.98543,31.86225],[-80.98837,31.85878],[-80.9926,31.85555],[-80.9964,31.85519],[-81.00013,31.8558],[-81.00285,31.8572],[-81.00464,31.85945],[-81.00393,31.86225],[-80.99927,31.86718],[-80.99769,31.86992],[-80.99712,31.87302],[-80.99174,31.87576],[-80.98486,31.87619],[-80.98336,31.87716],[-80.98285,31.87953],[-80.98357,31.8841],[-80.98278,31.88526],[-80.97941,31.88617],[-80.97511,31.88659],[-80.97303,31.88842],[-80.97454,31.89019],[-80.97698,31.89043],[-80.97827,31.89134],[-80.97741,31.89201],[-80.97483,31.89256],[-80.9711,31.89414],[-80.97354,31.89645],[-80.97368,31.89828],[-80.97633,31.89986],[-80.97303,31.90108],[-80.97798,31.90613],[-80.97733,31.91264],[-80.97518,31.91264],[-80.97339,31.91355],[-80.97332,31.91586],[-80.97167,31.91684],[-80.96931,31.91678],[-80.95927,31.91337]]],[[[-80.43962,32.36654],[-80.44052,32.36198],[-80.44639,32.3523],[-80.44822,32.34829],[-80.44882,32.34501],[-80.4482,32.34146],[-80.44856,32.33807],[-80.45184,32.32696],[-80.4536,32.32931],[-80.45562,32.33337],[-80.46011,32.33893],[-80.46103,32.34122],[-80.46417,32.34307],[-80.47332,32.34708],[-80.47831,32.34843],[-80.48029,32.34953],[-80.48079,32.35096],[-80.48033,32.3528],[-80.47594,32.35252],[-80.4685,32.3571],[-80.46681,32.35881],[-80.45913,32.36164],[-80.45814,32.36254],[-80.4584,32.36563],[-80.45804,32.3666],[-80.45716,32.36722],[-80.4536,32.3664],[-80.45191,32.367],[-80.44972,32.36951],[-80.44939,32.37089],[-80.45027,32.37465],[-80.45017,32.37698],[-80.44226,32.38607],[-80.43869,32.39115],[-80.44425,32.40058],[-80.44554,32.40182],[-80.45017,32.40363],[-80.44559,32.40724],[-80.44444,32.40963],[-80.44423,32.41151],[-80.44328,32.41246],[-80.44026,32.41384],[-80.43824,32.41388],[-80.43406,32.4119],[-80.42864,32.40622],[-80.42099,32.40574],[-80.41818,32.40511],[-80.41514,32.40325],[-80.41314,32.39897],[-80.41319,32.3967],[-80.41388,32.39476],[-80.41533,32.39269],[-80.41823,32.39064],[-80.43289,32.38302],[-80.4347,32.37844],[-80.43508,32.37637],[-80.43451,32.37499],[-80.43529,32.37304],[-80.43922,32.36798],[-80.43962,32.36654]]],[[[-81.07674,31.90932],[-81.07486,31.90932],[-81.07303,31.90511],[-81.07183,31.90424],[-81.06858,31.90424],[-81.06784,31.90492],[-81.06613,31.90506],[-81.06065,31.90269],[-81.06008,31.90162],[-81.06031,31.89959],[-81.06265,31.89547],[-81.06294,31.89373],[-81.06259,31.89087],[-81.06311,31.88777],[-81.06043,31.88622],[-81.05934,31.88394],[-81.04873,31.8821],[-81.04839,31.88157],[-81.04816,31.8821],[-81.04725,31.88167],[-81.04685,31.88239],[-81.04628,31.88138],[-81.04582,31.88191],[-81.04525,31.88152],[-81.04474,31.8821],[-81.04326,31.88235],[-81.04126,31.8821],[-81.03202,31.88017],[-81.02985,31.88036],[-81.02865,31.87944],[-81.02631,31.88017],[-81.0258,31.88084],[-81.02129,31.88181],[-81.01987,31.88143],[-81.01582,31.87842],[-81.01468,31.87808],[-81.01405,31.87876],[-81.01456,31.87992],[-81.01679,31.88215],[-81.01707,31.88472],[-81.01502,31.8854],[-81.01314,31.88457],[-81.01177,31.88293],[-81.0104,31.87978],[-81.00943,31.88104],[-81.00949,31.88327],[-81.00892,31.88487],[-81.00726,31.88516],[-81.00247,31.87915],[-81.00087,31.87644],[-80.99928,31.87309],[-80.99939,31.87043],[-81.00013,31.86927],[-81.00424,31.86835],[-81.01736,31.86869],[-81.02158,31.86636],[-81.02626,31.86534],[-81.03105,31.86767],[-81.03196,31.87164],[-81.0412,31.87605],[-81.04742,31.87653],[-81.04965,31.87605],[-81.05301,31.87649],[-81.05472,31.87745],[-81.06334,31.87813],[-81.0667,31.87702],[-81.07052,31.87682],[-81.07178,31.87804],[-81.0752,31.88327],[-81.08136,31.88903],[-81.08724,31.89552],[-81.08839,31.89769],[-81.0878,31.8993],[-81.08803,31.90183],[-81.08696,31.90475],[-81.08467,31.90462],[-81.08393,31.90511],[-81.0829,31.907],[-81.08073,31.90889],[-81.07879,31.90864],[-81.07674,31.90932]]],[[[-80.91945,32.08011],[-80.91788,32.07729],[-80.91876,32.07228],[-80.92223,32.06531],[-80.9233,32.06164],[-80.92316,32.05898],[-80.92052,32.05542],[-80.9156,32.05189],[-80.90828,32.04883],[-80.89366,32.04571],[-80.8919,32.0448],[-80.89064,32.04313],[-80.88373,32.03952],[-80.88442,32.03902],[-80.88846,32.03859],[-80.88896,32.03773],[-80.89112,32.03698],[-80.90319,32.03912],[-80.91353,32.03948],[-80.91752,32.04043],[-80.92582,32.04555],[-80.9358,32.05451],[-80.93742,32.05761],[-80.93951,32.05971],[-80.9436,32.06303],[-80.94628,32.06458],[-80.94726,32.06593],[-80.94923,32.06718],[-80.95244,32.07024],[-80.959,32.07336],[-80.95952,32.07429],[-80.9576,32.07616],[-80.95318,32.07693],[-80.94638,32.07642],[-80.94388,32.07697],[-80.94132,32.0782],[-80.94034,32.079],[-80.93801,32.08287],[-80.93181,32.08702],[-80.93031,32.0875],[-80.92546,32.08694],[-80.92447,32.08492],[-80.91945,32.08011]]],[[[-81.24709,31.42157],[-81.25291,31.41271],[-81.25736,31.40492],[-81.25911,31.4],[-81.27011,31.4],[-81.27003,31.40035],[-81.26809,31.40001],[-81.26649,31.40161],[-81.26677,31.4041],[-81.26541,31.40634],[-81.26341,31.40814],[-81.2621,31.41155],[-81.25993,31.41223],[-81.2593,31.41296],[-81.26301,31.41447],[-81.26329,31.41573],[-81.26118,31.41578],[-81.25999,31.4171],[-81.26398,31.41997],[-81.26552,31.42055],[-81.26535,31.42157],[-81.26221,31.4206],[-81.26147,31.42148],[-81.26187,31.42245],[-81.2585,31.42352],[-81.25776,31.42323],[-81.25839,31.4224],[-81.25805,31.42143],[-81.25673,31.42211],[-81.2548,31.42508],[-81.25497,31.42664],[-81.2528,31.42824],[-81.24995,31.4315],[-81.25097,31.43262],[-81.24909,31.43277],[-81.24846,31.43326],[-81.24863,31.43399],[-81.24789,31.43486],[-81.24453,31.43608],[-81.24179,31.43992],[-81.2415,31.44348],[-81.23996,31.44518],[-81.24048,31.44761],[-81.24019,31.44917],[-81.23877,31.45005],[-81.23837,31.45224],[-81.23763,31.45331],[-81.2342,31.45691],[-81.23238,31.45764],[-81.22793,31.46547],[-81.22371,31.46382],[-81.22239,31.46265],[-81.2216,31.46046],[-81.22222,31.45846],[-81.22473,31.45608],[-81.23049,31.45467],[-81.23261,31.45306],[-81.23551,31.44805],[-81.2358,31.44571],[-81.23785,31.44211],[-81.237,31.43987],[-81.23386,31.43588],[-81.23415,31.43355],[-81.23745,31.42839],[-81.24247,31.42727],[-81.24709,31.42157]]],[[[-80.84847,31.98264],[-80.85133,31.97899],[-80.85606,31.98203],[-80.85635,31.98452],[-80.85506,31.98744],[-80.8542,31.99109],[-80.8547,31.99498],[-80.85599,31.99857],[-80.86008,32.00106],[-80.8595,32.00258],[-80.86051,32.00489],[-80.86165,32.00616],[-80.86008,32.00726],[-80.85914,32.00878],[-80.86259,32.01133],[-80.86151,32.01175],[-80.86115,32.01467],[-80.86423,32.02117],[-80.85642,32.02543],[-80.85542,32.02658],[-80.85556,32.02828],[-80.85463,32.02968],[-80.85284,32.03078],[-80.85047,32.03053],[-80.84352,32.02628],[-80.84037,32.02494],[-80.83929,32.01625],[-80.83886,32.01133],[-80.83922,32.00446],[-80.84115,31.99844],[-80.84338,31.99358],[-80.84718,31.98781],[-80.84847,31.98264]]],[[[-80.90543,32.07501],[-80.90148,32.07441],[-80.89931,32.07478],[-80.89157,32.07969],[-80.88573,32.08074],[-80.88313,32.08038],[-80.88367,32.07863],[-80.88643,32.07386],[-80.88692,32.07175],[-80.89017,32.06785],[-80.88941,32.06547],[-80.8899,32.06427],[-80.8952,32.06097],[-80.89569,32.06042],[-80.89574,32.05886],[-80.89894,32.0557],[-80.90619,32.05092],[-80.90727,32.05092],[-80.91025,32.0517],[-80.92021,32.05703],[-80.92162,32.05827],[-80.92183,32.06074],[-80.9181,32.06758],[-80.91718,32.07038],[-80.91642,32.07565],[-80.91702,32.07914],[-80.9168,32.08106],[-80.91306,32.08116],[-80.90982,32.07726],[-80.90543,32.07501]]],[[[-80.19188,32.5614],[-80.19171,32.56076],[-80.19261,32.55962],[-80.19917,32.55737],[-80.20512,32.55421],[-80.21446,32.55164],[-80.21961,32.5495],[-80.22755,32.54609],[-80.23732,32.54092],[-80.24552,32.53593],[-80.24925,32.53293],[-80.24989,32.53153],[-80.26057,32.52662],[-80.26839,32.52205],[-80.2739,32.51834],[-80.27523,32.51714],[-80.27585,32.51557],[-80.28027,32.51393],[-80.28864,32.508],[-80.29013,32.50914],[-80.28966,32.51092],[-80.2903,32.51195],[-80.28835,32.51297],[-80.28866,32.51385],[-80.28505,32.51443],[-80.28293,32.51553],[-80.28267,32.51595],[-80.28322,32.5174],[-80.28279,32.51872],[-80.28162,32.51836],[-80.28086,32.5174],[-80.27787,32.51822],[-80.2724,32.52141],[-80.27255,32.52205],[-80.27333,32.52185],[-80.27564,32.52337],[-80.26805,32.5272],[-80.2652,32.52796],[-80.26437,32.52952],[-80.26556,32.53169],[-80.26489,32.53261],[-80.26358,32.53331],[-80.26126,32.53227],[-80.26007,32.53283],[-80.26123,32.53591],[-80.26083,32.53644],[-80.2555,32.53678],[-80.25474,32.53615],[-80.25451,32.53646],[-80.25512,32.53668],[-80.25348,32.53698],[-80.25239,32.53623],[-80.25196,32.53633],[-80.25182,32.53822],[-80.25096,32.53856],[-80.25032,32.53806],[-80.24966,32.53838],[-80.24937,32.5376],[-80.24882,32.53786],[-80.24878,32.53884],[-80.24818,32.5385],[-80.24821,32.538],[-80.24709,32.53806],[-80.24666,32.53844],[-80.24685,32.5393],[-80.24806,32.53902],[-80.24837,32.53962],[-80.24776,32.5407],[-80.24707,32.54046],[-80.2465,32.54112],[-80.24619,32.54217],[-80.24507,32.54247],[-80.24478,32.54323],[-80.24528,32.54361],[-80.2445,32.54463],[-80.24246,32.54383],[-80.24253,32.54453],[-80.242,32.54481],[-80.24167,32.54427],[-80.24203,32.54341],[-80.2412,32.54369],[-80.24091,32.54329],[-80.23994,32.54361],[-80.23965,32.54451],[-80.23647,32.54457],[-80.23751,32.54533],[-80.23654,32.54657],[-80.23587,32.54689],[-80.23537,32.54645],[-80.23525,32.54703],[-80.23468,32.54683],[-80.23411,32.54729],[-80.23437,32.54822],[-80.23378,32.54872],[-80.23183,32.54936],[-80.23145,32.549],[-80.22598,32.55172],[-80.22465,32.55174],[-80.22361,32.5526],[-80.22142,32.55286],[-80.22021,32.55407],[-80.21783,32.55519],[-80.21562,32.55737],[-80.21593,32.55869],[-80.21683,32.55895],[-80.21728,32.56024],[-80.21645,32.5627],[-80.21389,32.56334],[-80.20937,32.56082],[-80.20759,32.56094],[-80.20671,32.56318],[-80.20797,32.56468],[-80.2092,32.56494],[-80.20989,32.56569],[-80.2097,32.56697],[-80.20854,32.56861],[-80.20657,32.56987],[-80.20476,32.57057],[-80.20295,32.57055],[-80.19737,32.56903],[-80.19432,32.56621],[-80.19188,32.5614]]],[[[-80.62676,32.2718],[-80.62611,32.27034],[-80.62492,32.27066],[-80.62145,32.27281],[-80.62032,32.27428],[-80.61777,32.27455],[-80.61658,32.27386],[-80.61452,32.27098],[-80.61382,32.27112],[-80.61317,32.27322],[-80.60754,32.27226],[-80.60337,32.26924],[-80.60305,32.26123],[-80.60348,32.2589],[-80.60635,32.25684],[-80.61122,32.25615],[-80.61848,32.25638],[-80.63488,32.25569],[-80.64289,32.25684],[-80.64473,32.25826],[-80.64587,32.26032],[-80.64581,32.26169],[-80.64744,32.26553],[-80.64489,32.26769],[-80.64289,32.27016],[-80.64127,32.27052],[-80.6378,32.27025],[-80.63466,32.26874],[-80.63315,32.26942],[-80.62925,32.2756],[-80.6279,32.27615],[-80.62681,32.27574],[-80.62638,32.27428],[-80.62676,32.2718]]],[[[-80.67033,32.24343],[-80.66498,32.23615],[-80.65781,32.21782],[-80.67071,32.21239],[-80.67763,32.20802],[-80.68687,32.20104],[-80.6931,32.19495],[-80.6988,32.18823],[-80.70092,32.18998],[-80.70147,32.19107],[-80.70087,32.19101],[-80.69928,32.1923],[-80.69838,32.19209],[-80.69569,32.19388],[-80.68999,32.20012],[-80.68343,32.20589],[-80.67199,32.21398],[-80.66981,32.21635],[-80.66914,32.21886],[-80.67192,32.22715],[-80.6752,32.23292],[-80.67853,32.23676],[-80.68022,32.23565],[-80.67962,32.23473],[-80.68077,32.2344],[-80.68093,32.23382],[-80.6787,32.2327],[-80.67817,32.23185],[-80.67972,32.23215],[-80.68141,32.22767],[-80.68212,32.22771],[-80.68264,32.22662],[-80.685,32.22532],[-80.68516,32.22592],[-80.68193,32.22956],[-80.68226,32.23093],[-80.68331,32.23193],[-80.68457,32.23215],[-80.68775,32.23107],[-80.68811,32.23147],[-80.68678,32.23223],[-80.68616,32.2336],[-80.6873,32.23549],[-80.68573,32.23674],[-80.68516,32.23794],[-80.68433,32.2382],[-80.68435,32.23895],[-80.68362,32.23909],[-80.68345,32.24056],[-80.68578,32.24247],[-80.697,32.24807],[-80.70532,32.25429],[-80.70556,32.25535],[-80.70655,32.25644],[-80.7038,32.25726],[-80.70035,32.2566],[-80.67033,32.24343]]],[[[-81.0817,31.86215],[-81.07845,31.86069],[-81.0772,31.8606],[-81.0748,31.8588],[-81.07092,31.85798],[-81.0675,31.85837],[-81.06208,31.85725],[-81.05877,31.85764],[-81.04497,31.85338],[-81.04263,31.8512],[-81.03687,31.84388],[-81.03441,31.84189],[-81.03527,31.83806],[-81.03767,31.83593],[-81.04097,31.83637],[-81.0578,31.84117],[-81.0586,31.84252],[-81.06322,31.84562],[-81.06647,31.84645],[-81.07292,31.8512],[-81.08176,31.85541],[-81.08313,31.85953],[-81.08279,31.86156],[-81.0817,31.86215]]],[[[-80.18002,32.55329],[-80.17712,32.55176],[-80.17346,32.54898],[-80.17082,32.54898],[-80.16637,32.54683],[-80.16143,32.54112],[-80.15929,32.53722],[-80.15989,32.53339],[-80.16143,32.53207],[-80.16671,32.53411],[-80.17895,32.53682],[-80.18349,32.53926],[-80.19494,32.54393],[-80.19784,32.54639],[-80.19891,32.5489],[-80.19853,32.5503],[-80.1944,32.55587],[-80.18617,32.55741],[-80.18002,32.55329]]],[[[-80.92265,32.03558],[-80.91563,32.03461],[-80.91399,32.0355],[-80.90972,32.03425],[-80.9071,32.03465],[-80.90247,32.03417],[-80.89058,32.03161],[-80.88077,32.03296],[-80.87335,32.03312],[-80.87195,32.03268],[-80.87632,32.03018],[-80.88055,32.02863],[-80.88283,32.02647],[-80.88302,32.02446],[-80.88264,32.02345],[-80.87989,32.02309],[-80.87955,32.02264],[-80.89011,32.02166],[-80.8969,32.02369],[-80.90037,32.02613],[-80.90304,32.0273],[-80.91475,32.03066],[-80.92265,32.03558]]],[[[-80.86767,32.05979],[-80.86758,32.05896],[-80.86885,32.05774],[-80.86899,32.05885],[-80.87037,32.05947],[-80.86865,32.06016],[-80.86767,32.05979]]]]}},{"type":"Feature","properties":{"layer":"habitat","species":"loggerhead sea turtle","status":"Threatened","stage":"final","unit":"LOGG-N-07 Nearshore Reproductive Habitat","source":"NOAA Fisheries"},"geometry":{"type":"MultiPolygon","coordinates":[[[[-80.36058,32.49924],[-80.34636,32.495],[-80.34643,32.49405],[-80.3434,32.48827],[-80.3416,32.48282],[-80.34014,32.47999],[-80.33636,32.47778],[-80.33267,32.47823],[-80.3286,32.48028],[-80.32332,32.48427],[-80.31716,32.4881],[-80.27702,32.51737],[-80.24796,32.53441],[-80.24397,32.53743],[-80.24164,32.53812],[-80.23247,32.54355],[-80.2196,32.55023],[-80.19712,32.55915],[-80.19452,32.5607],[-80.17956,32.56063],[-80.17789,32.55961],[-80.17458,32.55927],[-80.16449,32.56025],[-80.16107,32.56271],[-80.15731,32.56694],[-80.15445,32.5691],[-80.15164,32.5705],[-80.14677,32.5756],[-80.1422,32.57767],[-80.13446,32.58295],[-80.12495,32.5883],[-80.11324,32.5934],[-80.10674,32.59561],[-80.08592,32.60122],[-80.04528,32.6082],[-80.0271,32.61038],[-80.01818,32.61029],[-80.01397,32.60953],[-80.00935,32.60803],[-80.00376,32.60372],[-80.00283,32.60377],[-80.0,32.60525],[-80.0,32.58948],[-80.006,32.58934],[-80.01233,32.59116],[-80.01737,32.5949],[-80.0197,32.59579],[-80.02995,32.59562],[-80.08166,32.58716],[-80.10052,32.58209],[-80.10623,32.58014],[-80.11628,32.57577],[-80.1242,32.57131],[-80.13147,32.56635],[-80.1364,32.56359],[-80.14007,32.5598],[-80.14478,32.55698],[-80.15141,32.55029],[-80.15688,32.54725],[-80.16321,32.54567],[-80.17309,32.54482],[-80.19159,32.54531],[-80.21385,32.53625],[-80.23485,32.5248],[-80.26704,32.50551],[-80.30613,32.477],[-80.31814,32.46879],[-80.32343,32.46588],[-80.32755,32.46438],[-80.33339,32.46333],[-80.33809,32.46334],[-80.34151,32.46394],[-80.34605,32.46563],[-80.34923,32.4674],[-80.35264,32.47007],[-80.35521,32.4731],[-80.35732,32.47441],[-80.36265,32.47561],[-80.36739,32.47165],[-80.37393,32.46976],[-80.37695,32.46829],[-80.38059,32.46504],[-80.38607,32.46213],[-80.40387,32.45713],[-80.41181,32.45613],[-80.41791,32.47411],[-80.41572,32.47147],[-80.41181,32.47064],[-80.4028,32.47254],[-80.39242,32.47568],[-80.38999,32.47787],[-80.3893,32.48068],[-80.38795,32.48313],[-80.38398,32.48652],[-80.37281,32.4874],[-80.37083,32.48792],[-80.36902,32.49119],[-80.36292,32.49608],[-80.36058,32.49924]]]]}},{"type":"Feature","properties":{"layer":"habitat","species":"loggerhead sea turtle","status":"Threatened","stage":"final","unit":"LOGG-N-08 Nearshore Reproductive Habitat","source":"NOAA Fisheries"},"geometry":{"type":"MultiPolygon","coordinates":[[[[-80.41392,32.41382],[-80.4114,32.41077],[-80.4092,32.40597],[-80.40879,32.40209],[-80.40956,32.39836],[-80.41106,32.39547],[-80.41378,32.39247],[-80.42501,32.38499],[-80.43288,32.39788],[-80.42776,32.4018],[-80.42588,32.40273],[-80.42654,32.40401],[-80.43016,32.40649],[-80.43351,32.41077],[-80.43582,32.41253],[-80.43973,32.41334],[-80.44232,32.41206],[-80.43083,32.4266],[-80.42713,32.42503],[-80.42345,32.42271],[-80.42041,32.4201],[-80.41726,32.4162],[-80.41392,32.41382]]]]}},{"type":"Feature","properties":{"layer":"habitat","species":"loggerhead sea turtle","status":"Threatened","stage":"final","unit":"LOGG-N-09 Nearshore Reproductive Habitat","source":"NOAA Fisheries"},"geometry":{"type":"MultiPolygon","coordinates":[[[[-80.58789,32.28314],[-80.58573,32.27529],[-80.58273,32.27414],[-80.57935,32.27438],[-80.5724,32.2759],[-80.56941,32.27755],[-80.56696,32.27733],[-80.55948,32.28045],[-80.55422,32.28195],[-80.55145,32.28434],[-80.55008,32.28414],[-80.54778,32.28499],[-80.54604,32.28623],[-80.54456,32.28823],[-80.54459,32.29009],[-80.53524,32.27495],[-80.53924,32.27242],[-80.54701,32.26879],[-80.55284,32.26705],[-80.56111,32.26369],[-80.57187,32.26094],[-80.57898,32.25977],[-80.58422,32.25969],[-80.58934,32.26057],[-80.5935,32.26217],[-80.59533,32.25949],[-80.59801,32.25685],[-80.60167,32.25455],[-80.60821,32.25161],[-80.61109,32.24794],[-80.61577,32.24489],[-80.62249,32.24304],[-80.63624,32.24293],[-80.64379,32.26003],[-80.63453,32.25737],[-80.62368,32.25775],[-80.62268,32.26048],[-80.62111,32.26177],[-80.61807,32.26379],[-80.60955,32.26755],[-80.60793,32.27162],[-80.607,32.2716],[-80.60522,32.2735],[-80.5971,32.27845],[-80.59529,32.27864],[-80.59363,32.28057],[-80.59077,32.282],[-80.58851,32.28245],[-80.58789,32.28314]]]]}},{"type":"Feature","properties":{"layer":"habitat","species":"loggerhead sea turtle","status":"Threatened","stage":"final","unit":"LOGG-N-10 Nearshore Reproductive Habitat","source":"NOAA Fisheries"},"geometry":{"type":"MultiPolygon","coordinates":[[[[-80.91143,31.94587],[-80.90534,31.94637],[-80.90294,31.9459],[-80.90044,31.94659],[-80.88139,31.95922],[-80.87794,31.96392],[-80.87357,31.967],[-80.87207,31.96662],[-80.86553,31.96979],[-80.86175,31.97362],[-80.8606,31.977],[-80.86084,31.98023],[-80.8627,31.9823],[-80.86182,31.98587],[-80.84482,31.97069],[-80.8478,31.96529],[-80.85403,31.95909],[-80.85823,31.95653],[-80.86537,31.95328],[-80.87012,31.94835],[-80.8879,31.93628],[-80.89247,31.93376],[-80.89595,31.9325],[-80.90071,31.93151],[-80.90595,31.93155],[-80.91552,31.92789],[-80.92823,31.94104],[-80.92506,31.94069],[-80.92016,31.94185],[-80.91331,31.94464],[-80.91143,31.94587]]]]}},{"type":"Feature","properties":{"layer":"habitat","species":"loggerhead sea turtle","status":"Threatened","stage":"final","unit":"LOGG-N-11 Nearshore Reproductive Habitat","source":"NOAA Fisheries"},"geometry":{"type":"MultiPolygon","coordinates":[[[[-80.96636,31.86118],[-80.97745,31.85235],[-80.98648,31.8465],[-80.99164,31.84406],[-81.00173,31.85736],[-80.99999,31.85702],[-80.99742,31.85771],[-80.98338,31.86711],[-80.96899,31.87972],[-80.94791,31.89578],[-80.93461,31.90811],[-80.9342,31.90925],[-80.92157,31.89878],[-80.93658,31.88496],[-80.9572,31.86925],[-80.96636,31.86118]]]]}},{"type":"Feature","properties":{"layer":"habitat","species":"loggerhead sea turtle","status":"Threatened","stage":"final","unit":"LOGG-N-12 Nearshore Reproductive Habitat","source":"NOAA Fisheries"},"geometry":{"type":"MultiPolygon","coordinates":[[[[-81.19977,31.53678],[-81.17926,31.55839],[-81.17693,31.55822],[-81.17131,31.56065],[-81.16527,31.56541],[-81.16346,31.56772],[-81.15908,31.57535],[-81.14243,31.61007],[-81.13032,31.63115],[-81.13029,31.63189],[-81.13141,31.63289],[-81.13443,31.63398],[-81.13674,31.63398],[-81.13772,31.63793],[-81.13569,31.63941],[-81.13519,31.64148],[-81.13567,31.65252],[-81.13474,31.65746],[-81.13531,31.65803],[-81.13512,31.6618],[-81.13634,31.66456],[-81.13765,31.67072],[-81.13731,31.67701],[-81.13586,31.68291],[-81.13096,31.69043],[-81.13001,31.69402],[-81.13134,31.69561],[-81.13512,31.69742],[-81.13826,31.69861],[-81.14269,31.69935],[-81.13784,31.72072],[-81.13291,31.723],[-81.12896,31.72569],[-81.12158,31.73349],[-81.10888,31.73837],[-81.10319,31.74161],[-81.09175,31.75184],[-81.07997,31.76409],[-81.0733,31.76904],[-81.04956,31.79779],[-81.04197,31.80383],[-81.04013,31.80583],[-81.03547,31.81661],[-81.03576,31.81799],[-81.03714,31.8201],[-81.02264,31.80394],[-81.02601,31.79776],[-81.02947,31.794],[-81.03685,31.78808],[-81.05797,31.76208],[-81.06152,31.75859],[-81.06771,31.75387],[-81.07947,31.74181],[-81.09227,31.73049],[-81.10039,31.7258],[-81.11062,31.72169],[-81.11556,31.71656],[-81.12009,31.71307],[-81.12091,31.70706],[-81.1179,31.7046],[-81.11559,31.70194],[-81.11382,31.69838],[-81.1131,31.69528],[-81.11319,31.69161],[-81.11421,31.68731],[-81.11663,31.68244],[-81.12013,31.67737],[-81.12077,31.67251],[-81.1181,31.66219],[-81.1178,31.65663],[-81.11872,31.65112],[-81.1181,31.64216],[-81.1156,31.63915],[-81.11411,31.63625],[-81.11339,31.63315],[-81.11351,31.62916],[-81.11532,31.62396],[-81.12711,31.60381],[-81.1434,31.56985],[-81.14878,31.56046],[-81.15229,31.55608],[-81.15847,31.5507],[-81.16646,31.54623],[-81.17326,31.54405],[-81.17599,31.54074],[-81.16717,31.53128],[-81.16075,31.5219],[-81.15986,31.51948],[-81.15946,31.51634],[-81.15972,31.51382],[-81.16075,31.51079],[-81.16343,31.50701],[-81.17018,31.50129],[-81.17562,31.49542],[-81.18049,31.48721],[-81.18954,31.46881],[-81.19442,31.46154],[-81.21863,31.43488],[-81.21984,31.43088],[-81.22203,31.42727],[-81.2249,31.42405],[-81.23198,31.41767],[-81.2365,31.41198],[-81.23876,31.40555],[-81.24195,31.4],[-81.25974,31.4],[-81.25736,31.40625],[-81.25441,31.41108],[-81.25133,31.42196],[-81.24981,31.42107],[-81.24934,31.42145],[-81.24548,31.42645],[-81.23575,31.43585],[-81.23539,31.43773],[-81.23665,31.4407],[-81.23696,31.44279],[-81.23602,31.44682],[-81.23332,31.44434],[-81.23092,31.44487],[-81.20886,31.46911],[-81.20501,31.47473],[-81.19601,31.49303],[-81.19002,31.50309],[-81.18271,31.51106],[-81.17641,31.51634],[-81.18143,31.52343],[-81.1878,31.53034],[-81.19497,31.53536],[-81.19977,31.53678]]]]}},{"type":"Feature","properties":{"layer":"habitat","species":"North Atlantic right whale","status":"Endangered","stage":"final","unit":"Unit 2 Southeastern U.S. Calving Area","source":"NOAA Fisheries"},"geometry":{"type":"MultiPolygon","coordinates":[[[[-80.0,32.14946],[-80.21736,31.90002],[-80.55,31.51667],[-80.58889,31.4],[-81.25981,31.4],[-81.2566,31.40835],[-81.25268,31.41389],[-81.2509,31.41922],[-81.25085,31.42112],[-81.24876,31.42237],[-81.24261,31.42908],[-81.24226,31.42897],[-81.24406,31.42702],[-81.2333,31.43625],[-81.23297,31.43849],[-81.22362,31.45343],[-81.21865,31.45926],[-81.20885,31.46901],[-81.20522,31.47311],[-81.20172,31.47809],[-81.19078,31.50157],[-81.18589,31.50905],[-81.183,31.51225],[-81.17662,31.51696],[-81.17667,31.55549],[-81.17507,31.55544],[-81.17256,31.55625],[-81.16426,31.5646],[-81.16149,31.5687],[-81.15649,31.57733],[-81.14947,31.59371],[-81.14339,31.60469],[-81.14247,31.60716],[-81.13385,31.62165],[-81.13014,31.62555],[-81.13103,31.62923],[-81.13287,31.63146],[-81.13258,31.64672],[-81.13163,31.65468],[-81.13224,31.65835],[-81.13337,31.65957],[-81.1331,31.66291],[-81.13526,31.66987],[-81.13589,31.67868],[-81.13562,31.68219],[-81.13475,31.68553],[-81.1306,31.69294],[-81.1304,31.69448],[-81.13183,31.69652],[-81.13975,31.69952],[-81.14,31.72139],[-81.13773,31.7207],[-81.13551,31.7208],[-81.13026,31.72249],[-81.1282,31.72411],[-81.11772,31.73563],[-81.11158,31.73964],[-81.1024,31.74739],[-81.09757,31.75228],[-81.09622,31.75189],[-81.09334,31.75334],[-81.08583,31.7587],[-81.08319,31.76008],[-81.08293,31.76085],[-81.08236,31.76034],[-81.08051,31.76028],[-81.07563,31.76182],[-81.07297,31.76355],[-81.06617,31.77],[-81.06421,31.77233],[-81.05929,31.78075],[-81.05936,31.78203],[-81.05989,31.78231],[-81.05799,31.78313],[-81.05166,31.79616],[-81.04592,31.80416],[-81.03789,31.81035],[-81.03678,31.81193],[-80.99026,31.85973],[-80.98757,31.86305],[-80.97361,31.87699],[-80.94648,31.89747],[-80.936,31.90728],[-80.93519,31.90865],[-80.93518,31.90959],[-80.91163,31.94534],[-80.91,31.94922],[-80.90712,31.9508],[-80.90367,31.95368],[-80.90232,31.952],[-80.90125,31.95173],[-80.89885,31.95271],[-80.89814,31.95352],[-80.88907,31.95856],[-80.88837,31.95884],[-80.88691,31.95838],[-80.88401,31.95948],[-80.87893,31.96379],[-80.87312,31.96584],[-80.87186,31.96533],[-80.87056,31.96545],[-80.86289,31.9694],[-80.8586,31.97974],[-80.85817,31.98372],[-80.85206,31.98628],[-80.85077,31.98632],[-80.84862,31.98795],[-80.84715,31.99117],[-80.84629,31.99168],[-80.84662,31.99305],[-80.84555,31.99448],[-80.84383,31.99959],[-80.84146,32.00438],[-80.84101,32.01293],[-80.8418,32.01514],[-80.84213,32.02142],[-80.84312,32.02255],[-80.84358,32.02432],[-80.84522,32.02423],[-80.8453,32.02463],[-80.83953,32.05519],[-80.82275,32.10825],[-80.82287,32.1093],[-80.81871,32.10894],[-80.81235,32.11054],[-80.79286,32.12213],[-80.77755,32.12975],[-80.7426,32.14539],[-80.73031,32.15341],[-80.72946,32.15472],[-80.72409,32.15879],[-80.71536,32.16787],[-80.70712,32.18009],[-80.70082,32.18793],[-80.69818,32.19243],[-80.69562,32.19425],[-80.6868,32.20318],[-80.66991,32.21526],[-80.66889,32.21752],[-80.6,32.22834],[-80.58176,32.27506],[-80.57927,32.27622],[-80.5762,32.27674],[-80.57437,32.2764],[-80.57207,32.27509],[-80.56684,32.27577],[-80.55863,32.27962],[-80.55223,32.28175],[-80.549,32.28464],[-80.54756,32.28501],[-80.54607,32.28661],[-80.54168,32.28818],[-80.54013,32.28816],[-80.52583,32.296],[-80.51811,32.29964],[-80.51297,32.30174],[-80.50753,32.30297],[-80.50659,32.30485],[-80.5045,32.30635],[-80.49997,32.30557],[-80.48001,32.31433],[-80.4633,32.31972],[-80.45341,32.32223],[-80.45381,32.32408],[-80.45559,32.32693],[-80.45645,32.32721],[-80.4577,32.32904],[-80.46176,32.33233],[-80.4624,32.33238],[-80.46322,32.33155],[-80.4637,32.33539],[-80.46468,32.337],[-80.46281,32.34187],[-80.45899,32.33954],[-80.45777,32.33959],[-80.45456,32.34246],[-80.45737,32.33915],[-80.45674,32.33794],[-80.45519,32.33687],[-80.4545,32.33702],[-80.45252,32.33904],[-80.45046,32.34183],[-80.44749,32.34939],[-80.43349,32.37928],[-80.33044,32.47922],[-80.32209,32.48506],[-80.31853,32.48688],[-80.28122,32.5138],[-80.27394,32.51749],[-80.26401,32.52373],[-80.24414,32.53466],[-80.24241,32.53652],[-80.24127,32.53608],[-80.23972,32.5365],[-80.22245,32.54586],[-80.21344,32.55138],[-80.16798,32.55983],[-80.16708,32.56072],[-80.16432,32.56156],[-80.16321,32.56255],[-80.16259,32.56479],[-80.16093,32.5669],[-80.15312,32.57154],[-80.15274,32.5734],[-80.15142,32.57549],[-80.14259,32.57894],[-80.1407,32.58061],[-80.13798,32.58182],[-80.12694,32.58848],[-80.1145,32.59328],[-80.10336,32.59696],[-80.09182,32.60008],[-80.05292,32.60843],[-80.0284,32.61122],[-80.01968,32.6106],[-80.01001,32.61124],[-80.0084,32.61085],[-80.00048,32.61114],[-80.0,32.61165],[-80.0,32.14946]]]]}},{"type":"Feature","properties":{"layer":"habitat","species":"Atlantic sturgeon","status":"Endangered","stage":"final","unit":"Unit 6 Black River","source":"NOAA Fisheries"},"geometry":{"type":"MultiLineString","coordinates":[[[-80.13115,33.83362],[-80.12987,33.83304],[-80.12614,33.83359],[-80.11155,33.81443],[-80.11128,33.81275],[-80.10753,33.81321],[-80.10309,33.80634],[-80.09387,33.80214],[-80.08431,33.79354],[-80.07705,33.789],[-80.07346,33.7858],[-80.07299,33.77881],[-80.07791,33.7762],[-80.06655,33.76236],[-80.06028,33.75672],[-80.05952,33.75518],[-80.05813,33.75413],[-80.05805,33.7532],[-80.0565,33.75083],[-80.05548,33.75025],[-80.05532,33.74916],[-80.05426,33.74807],[-80.05419,33.74697],[-80.05287,33.74566],[-80.05183,33.74069],[-80.05034,33.73841],[-80.04975,33.73476],[-80.04831,33.73307],[-80.04838,33.73117],[-80.04731,33.72916],[-80.04727,33.72624],[-80.04552,33.72428],[-80.04461,33.72399],[-80.04198,33.72158],[-80.0417,33.72095],[-80.04218,33.71994],[-80.04055,33.71899],[-80.03922,33.71629],[-80.03921,33.71532],[-80.03789,33.71427],[-80.03768,33.71073],[-80.03625,33.71005],[-80.03536,33.70876],[-80.03409,33.70827],[-80.034,33.70551],[-80.03329,33.70385],[-80.03058,33.70219],[-80.02751,33.69748],[-80.0263,33.69733],[-80.0223,33.69904],[-80.01623,33.69881],[-80.01594,33.69978],[-80.01506,33.70005],[-80.01263,33.69957],[-80.01199,33.70001],[-80.01068,33.69923],[-80.00726,33.70029],[-80.00691,33.69942],[-80.00599,33.69886],[-80.00401,33.6993],[-80.00316,33.69844],[-80.00207,33.69858],[-80.0009,33.69948],[-80.00072,33.70052],[-80.0,33.70097]]]}},{"type":"Feature","properties":{"layer":"habitat","species":"Atlantic sturgeon","status":"Endangered","stage":"final","unit":"Unit 7 Santee Rivers, Rediversion Canal, Cooper River, W Cooper River, and Tailrace Canal","source":"NOAA Fisheries"},"geometry":{"type":"MultiLineString","coordinates":[[[-80.0,33.50577],[-80.00024,33.50561],[-80.00003,33.50417],[-80.0,33.50414]],[[-80.0,33.49473],[-80.00077,33.49453],[-80.00311,33.49496],[-80.00475,33.4961],[-80.00367,33.50059],[-80.00497,33.5025],[-80.00988,33.50396],[-80.0129,33.50555],[-80.01509,33.50459],[-80.01731,33.4991],[-80.01913,33.49814],[-80.0205,33.49833],[-80.0213,33.49945],[-80.02054,33.50252],[-80.02339,33.50596],[-80.02423,33.50659],[-80.02531,33.50667],[-80.02673,33.50612],[-80.02858,33.50229],[-80.02948,33.5014],[-80.03127,33.50082],[-80.03235,33.50118],[-80.03272,33.50198],[-80.03285,33.50471],[-80.03394,33.50669],[-80.03577,33.50705],[-80.03681,33.50668],[-80.03791,33.50557],[-80.04035,33.50114],[-80.04153,33.50071],[-80.04325,33.50134],[-80.04515,33.50371],[-80.04825,33.50631],[-80.05139,33.50637],[-80.05434,33.50564],[-80.0634,33.50581],[-80.06953,33.50616],[-80.07232,33.50724],[-80.07545,33.50653],[-80.07976,33.50694],[-80.08274,33.5054],[-80.08311,33.50349],[-80.08284,33.50145],[-80.08433,33.49951],[-80.08668,33.49963],[-80.0902,33.50273],[-80.09223,33.50362],[-80.09332,33.50351],[-80.0942,33.50206],[-80.09323,33.49951],[-80.0933,33.49799],[-80.09432,33.49606],[-80.09573,33.49545],[-80.09673,33.49571],[-80.0954,33.49875],[-80.09613,33.4998],[-80.09804,33.49961],[-80.09924,33.49797],[-80.10148,33.49686],[-80.10318,33.49673],[-80.10467,33.49716],[-80.1055,33.49887],[-80.10732,33.50004],[-80.1137,33.49877],[-80.1192,33.50047],[-80.12279,33.5025],[-80.12558,33.50258],[-80.12689,33.50164],[-80.12758,33.50022],[-80.12598,33.49591],[-80.12606,33.49506],[-80.12742,33.49317],[-80.12969,33.4924],[-80.13404,33.49268],[-80.13506,33.49188],[-80.13685,33.48777],[-80.14132,33.48649],[-80.14343,33.48443],[-80.14498,33.48439],[-80.14759,33.48642],[-80.14888,33.4867],[-80.1515,33.48619],[-80.15229,33.48493],[-80.15092,33.48308],[-80.15071,33.48199],[-80.1519,33.47992],[-80.152,33.47854],[-80.14988,33.47571],[-80.14761,33.47375],[-80.14382,33.47227],[-80.14139,33.46944],[-80.13599,33.46735],[-80.1347,33.46644],[-80.13186,33.46365],[-80.1316,33.46275],[-80.13226,33.46156],[-80.13341,33.46091],[-80.13484,33.461],[-80.13636,33.46202],[-80.13822,33.46462],[-80.13987,33.46528],[-80.14174,33.46528],[-80.14416,33.46403],[-80.14453,33.46231],[-80.14374,33.46119],[-80.14025,33.46057],[-80.13862,33.45914],[-80.1379,33.45537],[-80.13856,33.45423],[-80.13973,33.45374],[-80.14191,33.45475],[-80.14292,33.45728],[-80.14407,33.45829],[-80.14999,33.46021],[-80.15169,33.45987],[-80.15237,33.45884],[-80.15201,33.45727],[-80.14932,33.45572],[-80.14819,33.4538],[-80.14789,33.45218],[-80.1484,33.44957],[-80.15096,33.44806],[-80.15397,33.44789],[-80.16141,33.4489],[-80.16193,33.44964],[-80.16136,33.45099],[-80.16154,33.4518],[-80.16399,33.4537]]]}},{"type":"Feature","properties":{"layer":"habitat","species":"Atlantic sturgeon","status":"Endangered","stage":"final","unit":"Unit 1 North Fork Edisto River, South Fork Edisto River, Edisto River, North Edisto River, South Edisto River","source":"NOAA Fisheries"},"geometry":{"type":"MultiLineString","coordinates":[[[-80.34417,32.5001],[-80.35186,32.5002]],[[-80.35186,32.5002],[-80.35186,32.5002]],[[-80.35186,32.5002],[-80.36098,32.50032]],[[-80.35186,32.5002],[-80.34946,32.50365],[-80.35593,32.50597],[-80.36047,32.50932],[-80.36237,32.51166],[-80.3642,32.51499],[-80.36688,32.51671],[-80.36837,32.51829],[-80.3737,32.52543],[-80.37773,32.52931],[-80.38171,32.53225],[-80.38508,32.53433],[-80.39361,32.53753],[-80.39775,32.53799],[-80.40221,32.53727],[-80.40673,32.53829],[-80.416,32.5429],[-80.41871,32.54528],[-80.41968,32.54711],[-80.41999,32.54967],[-80.41924,32.55223],[-80.41805,32.55441],[-80.41572,32.55649],[-80.41139,32.55746],[-80.40781,32.55917],[-80.40333,32.56041],[-80.39665,32.56143],[-80.39341,32.56319],[-80.39091,32.56618],[-80.38923,32.57166],[-80.38934,32.57588],[-80.39052,32.57881],[-80.39415,32.57994],[-80.39552,32.58142],[-80.39686,32.58601],[-80.39647,32.58888],[-80.39729,32.59095],[-80.39729,32.59225],[-80.39677,32.595],[-80.39542,32.59786],[-80.38787,32.61026],[-80.38709,32.61254],[-80.38715,32.61522],[-80.38873,32.61763],[-80.39078,32.61889],[-80.39331,32.61934],[-80.39673,32.6189],[-80.40555,32.61518],[-80.41084,32.61134],[-80.4174,32.6051],[-80.41943,32.60444],[-80.42079,32.60451],[-80.42266,32.60547],[-80.42432,32.6076],[-80.42561,32.61049],[-80.42791,32.6235],[-80.42645,32.62581],[-80.42317,32.62722],[-80.42037,32.62747],[-80.41888,32.6265],[-80.41568,32.62596],[-80.40895,32.62654],[-80.4073,32.62753],[-80.40585,32.62936],[-80.40426,32.63395],[-80.40259,32.63512],[-80.40149,32.63657],[-80.40118,32.63794],[-80.40176,32.64015],[-80.40047,32.64208],[-80.39709,32.64504],[-80.39343,32.64542],[-80.39041,32.64717],[-80.3889,32.64866],[-80.38817,32.65088],[-80.38924,32.65382]],[[-80.18911,32.56037],[-80.18912,32.56038]],[[-80.18912,32.56038],[-80.19641,32.56025]],[[-80.18912,32.56038],[-80.19155,32.56311],[-80.18933,32.56491],[-80.19092,32.56773],[-80.19308,32.57],[-80.19913,32.57367],[-80.20057,32.5753],[-80.20424,32.57777],[-80.20817,32.57961],[-80.21571,32.58137],[-80.21873,32.58294],[-80.22206,32.58606],[-80.22861,32.59447],[-80.23073,32.59962],[-80.23147,32.60302],[-80.23409,32.6048],[-80.24223,32.60854],[-80.25532,32.61178],[-80.26319,32.6147],[-80.27252,32.62733],[-80.27441,32.62674],[-80.27937,32.62676],[-80.28183,32.62536],[-80.28458,32.62487],[-80.28625,32.62369],[-80.28848,32.62064],[-80.29014,32.61978],[-80.29205,32.61997],[-80.29378,32.62191],[-80.2948,32.62583],[-80.29561,32.62715],[-80.30094,32.62724],[-80.30432,32.62792],[-80.30667,32.62875],[-80.31065,32.63153],[-80.31686,32.63125],[-80.31921,32.63251],[-80.32127,32.63275],[-80.32522,32.63433],[-80.32781,32.63577],[-80.32893,32.63555],[-80.33107,32.63671],[-80.33264,32.63699],[-80.3327,32.63758],[-80.33554,32.63849],[-80.33731,32.63847],[-80.34464,32.63527],[-80.3477,32.63581],[-80.34891,32.63747],[-80.34806,32.63933],[-80.34346,32.64246],[-80.34398,32.64363],[-80.34663,32.64623],[-80.34854,32.64694],[-80.3499,32.64374],[-80.35091,32.64343],[-80.35149,32.64402],[-80.3511,32.64684],[-80.35169,32.64848],[-80.35238,32.64881],[-80.35323,32.64845],[-80.35538,32.64606],[-80.35924,32.64474],[-80.36024,32.64506],[-80.36127,32.64751],[-80.36221,32.64814],[-80.36573,32.6464],[-80.36737,32.64654],[-80.36911,32.64795],[-80.36946,32.64905],[-80.36821,32.65072],[-80.36533,32.65245],[-80.36487,32.65438],[-80.37118,32.65759],[-80.37268,32.65767],[-80.37381,32.65683],[-80.37454,32.6527],[-80.37559,32.65167],[-80.3788,32.6522],[-80.38159,32.65558],[-80.3837,32.65686],[-80.38554,32.65654],[-80.38924,32.65382]],[[-80.17904,32.56055],[-80.18912,32.56038]],[[-80.38924,32.65382],[-80.39065,32.65485],[-80.39353,32.65517],[-80.39607,32.65407],[-80.39729,32.65258],[-80.40193,32.65167],[-80.4044,32.65211],[-80.40567,32.65292],[-80.4084,32.65646],[-80.41185,32.65943],[-80.41372,32.66224],[-80.41555,32.66349],[-80.41749,32.66694],[-80.4191,32.66791],[-80.42106,32.67065],[-80.42114,32.67229],[-80.42064,32.67402],[-80.4192,32.6753],[-80.41795,32.6782],[-80.41781,32.68019],[-80.4193,32.68359],[-80.42033,32.68466],[-80.42159,32.68472],[-80.42231,32.68527],[-80.42287,32.68798],[-80.42206,32.6892],[-80.41715,32.69177],[-80.41602,32.69381],[-80.41591,32.69549],[-80.41851,32.70162],[-80.42184,32.70606],[-80.42312,32.70852],[-80.42335,32.71017],[-80.42253,32.71235],[-80.42259,32.71416],[-80.42402,32.71568],[-80.42625,32.71594],[-80.42799,32.71532],[-80.43053,32.71235],[-80.43309,32.71211],[-80.4352,32.71296],[-80.43577,32.71443],[-80.43506,32.71611],[-80.43095,32.71783],[-80.42949,32.71966],[-80.42982,32.72084],[-80.4321,32.72312],[-80.43517,32.72396],[-80.43877,32.72586],[-80.44027,32.72576],[-80.44513,32.72721],[-80.4471,32.72826],[-80.44854,32.73059],[-80.44896,32.73389],[-80.45277,32.7381],[-80.45357,32.74021],[-80.4525,32.74273],[-80.44925,32.74542],[-80.44833,32.74744],[-80.44836,32.74936],[-80.44959,32.7537],[-80.4497,32.75656],[-80.44936,32.75868],[-80.4485,32.75943],[-80.44651,32.76461],[-80.44497,32.76526],[-80.44119,32.76492],[-80.43946,32.76572],[-80.43634,32.76978],[-80.43643,32.77026],[-80.43849,32.77133],[-80.43874,32.77235],[-80.43587,32.77421],[-80.43259,32.77902],[-80.43205,32.78298],[-80.43545,32.787],[-80.43566,32.78836],[-80.43157,32.79071],[-80.43018,32.79327],[-80.42727,32.79572],[-80.42629,32.79787],[-80.42502,32.79829],[-80.42215,32.79809],[-80.42057,32.79902],[-80.41854,32.802],[-80.41822,32.80515],[-80.41675,32.80509],[-80.41593,32.80273],[-80.41484,32.80258],[-80.41461,32.80325],[-80.4152,32.80541],[-80.41437,32.80842],[-80.41326,32.80905],[-80.41106,32.80906],[-80.40779,32.81081],[-80.40546,32.81476],[-80.40508,32.81659],[-80.40396,32.81863],[-80.4041,32.82359],[-80.40303,32.82579],[-80.4002,32.82857],[-80.39909,32.83127],[-80.39885,32.83261],[-80.39946,32.83544],[-80.39746,32.83676],[-80.39615,32.83885],[-80.39561,32.84068],[-80.39675,32.84146],[-80.39687,32.84245],[-80.39441,32.84398],[-80.39403,32.84473],[-80.39484,32.8458],[-80.39623,32.84594],[-80.39847,32.84537],[-80.39978,32.84628],[-80.39947,32.84845],[-80.40086,32.8512],[-80.40132,32.85763],[-80.40074,32.86095],[-80.39928,32.86468],[-80.3995,32.86506],[-80.40166,32.86485],[-80.40247,32.86557],[-80.40331,32.8689],[-80.4032,32.87054],[-80.39906,32.87362],[-80.39872,32.87824],[-80.39718,32.87871],[-80.39608,32.87974],[-80.39401,32.88005],[-80.39408,32.88091],[-80.39615,32.88223],[-80.39615,32.88326],[-80.39525,32.88345],[-80.39433,32.88274],[-80.39291,32.8828],[-80.39262,32.88336],[-80.39369,32.88411],[-80.39384,32.88473],[-80.3928,32.88557],[-80.39062,32.88539],[-80.38846,32.88455],[-80.38595,32.88512],[-80.38514,32.88615],[-80.38514,32.88682],[-80.38682,32.88841],[-80.38945,32.88867],[-80.38945,32.89076],[-80.391,32.89238],[-80.39306,32.89237],[-80.39273,32.89328],[-80.39141,32.89438],[-80.39193,32.89605],[-80.39301,32.89589],[-80.39275,32.89464],[-80.39342,32.89381],[-80.39746,32.89431],[-80.39756,32.89471],[-80.39516,32.89724],[-80.39526,32.89797],[-80.39675,32.89905],[-80.39729,32.90103],[-80.39975,32.90118],[-80.40069,32.90029],[-80.4012,32.90065],[-80.40128,32.90122],[-80.39976,32.90293],[-80.40183,32.90478],[-80.40242,32.90856],[-80.40322,32.90938],[-80.40595,32.90953],[-80.40658,32.91012],[-80.40571,32.9147],[-80.40177,32.91762],[-80.40029,32.92113],[-80.39987,32.92435],[-80.39828,32.92681],[-80.39895,32.928],[-80.39929,32.93101],[-80.40073,32.93322],[-80.39917,32.93484],[-80.39932,32.93587],[-80.40073,32.93807],[-80.40018,32.94054],[-80.40245,32.94139],[-80.40312,32.94215],[-80.40206,32.9429],[-80.40299,32.94476],[-80.40212,32.94609],[-80.40232,32.94699],[-80.40354,32.94707],[-80.4054,32.94538],[-80.40734,32.94627],[-80.40707,32.94828],[-80.40542,32.94939],[-80.4045,32.95126],[-80.40445,32.95336],[-80.40515,32.9553],[-80.40772,32.956],[-80.40796,32.95538],[-80.40643,32.95474],[-80.4062,32.95368],[-80.40693,32.95295],[-80.40822,32.95324],[-80.41027,32.95604],[-80.40894,32.95721],[-80.40888,32.95807],[-80.40981,32.9585],[-80.41147,32.95789],[-80.41209,32.95832],[-80.41262,32.95998],[-80.41526,32.96141],[-80.41616,32.96429],[-80.41891,32.96759],[-80.41845,32.9687],[-80.4159,32.96916],[-80.41489,32.97073],[-80.41379,32.97142],[-80.41494,32.97349],[-80.41579,32.97304],[-80.41605,32.97136],[-80.41778,32.9713],[-80.41866,32.97569],[-80.41734,32.977],[-80.41547,32.97714],[-80.41369,32.97896],[-80.41378,32.98209],[-80.41496,32.98303],[-80.41425,32.98457],[-80.41225,32.98366],[-80.41132,32.98424],[-80.40993,32.98386],[-80.40886,32.98457],[-80.40898,32.98638],[-80.41153,32.98566],[-80.41226,32.98614],[-80.40974,32.98784],[-80.40909,32.98894],[-80.40955,32.99112],[-80.41093,32.99351],[-80.40531,32.99937],[-80.40571,33.0001],[-80.40722,33.00044],[-80.40703,33.00241],[-80.40804,33.00373],[-80.40808,33.00454],[-80.40669,33.0063],[-80.40616,33.00781],[-80.40393,33.00859],[-80.40336,33.00932],[-80.40378,33.0098],[-80.40587,33.00974],[-80.40698,33.0106],[-80.40655,33.01309],[-80.40673,33.01878],[-80.40437,33.02069],[-80.39989,33.0223],[-80.39482,33.02508],[-80.393,33.02682],[-80.39129,33.03008],[-80.38805,33.03255],[-80.38778,33.03362],[-80.38968,33.03974],[-80.38937,33.04233],[-80.3899,33.04349],[-80.39344,33.04679],[-80.39661,33.04886],[-80.39989,33.05238],[-80.40219,33.05332],[-80.40327,33.05313],[-80.40411,33.05233],[-80.40398,33.04967],[-80.40733,33.04923],[-80.41247,33.04661],[-80.41372,33.04718],[-80.41479,33.04995],[-80.418,33.051],[-80.41948,33.05296],[-80.42213,33.05512],[-80.42393,33.05223],[-80.425,33.05143],[-80.42598,33.05282],[-80.42707,33.05249],[-80.42775,33.05143],[-80.42914,33.05121],[-80.43231,33.05161],[-80.43338,33.05245],[-80.43596,33.0524],[-80.43769,33.05339],[-80.43971,33.04883],[-80.44039,33.05058],[-80.44248,33.05151],[-80.44228,33.05199],[-80.44089,33.05243],[-80.44089,33.05345],[-80.44356,33.05546],[-80.44519,33.0559],[-80.4477,33.0541],[-80.44914,33.05469],[-80.44872,33.05652],[-80.44739,33.05786],[-80.44987,33.05863],[-80.45058,33.05965],[-80.45106,33.0619],[-80.45265,33.06214],[-80.4527,33.06161],[-80.45167,33.06093],[-80.45161,33.06039],[-80.45384,33.05995],[-80.45533,33.05876],[-80.4561,33.06161],[-80.45723,33.06054],[-80.45808,33.06061],[-80.45922,33.06355],[-80.45983,33.06393],[-80.4604,33.06379],[-80.461,33.06265],[-80.46206,33.06242],[-80.46397,33.0626],[-80.46512,33.06331],[-80.46781,33.06283],[-80.47267,33.06431],[-80.47461,33.06445],[-80.47518,33.06234],[-80.47429,33.06116],[-80.47438,33.06019],[-80.4754,33.06005],[-80.47572,33.06097],[-80.47646,33.06136],[-80.48015,33.05988],[-80.48067,33.06023],[-80.48033,33.06144],[-80.48199,33.06189],[-80.48325,33.06116],[-80.48308,33.0624],[-80.48444,33.06145],[-80.48573,33.06265],[-80.48689,33.06287],[-80.48801,33.06193],[-80.48952,33.06196],[-80.49009,33.06393],[-80.49332,33.06288],[-80.49612,33.06353],[-80.49717,33.06301],[-80.49732,33.0623],[-80.49657,33.06103],[-80.4954,33.06191],[-80.49406,33.06158],[-80.49381,33.06043],[-80.49457,33.05959],[-80.50026,33.0584],[-80.50226,33.05906],[-80.50443,33.05762],[-80.50518,33.05792],[-80.50538,33.0589],[-80.50589,33.05911],[-80.50744,33.05794],[-80.50999,33.05727],[-80.51451,33.05832],[-80.51577,33.05938],[-80.51566,33.06063],[-80.51622,33.06097],[-80.51775,33.06047],[-80.5196,33.06204],[-80.52667,33.06152],[-80.52831,33.06386],[-80.5281,33.06528],[-80.52725,33.06642],[-80.52746,33.06693],[-80.52953,33.0672],[-80.53195,33.06973],[-80.53295,33.06957],[-80.53356,33.06845],[-80.53463,33.06924],[-80.53689,33.0688],[-80.53842,33.07005],[-80.53903,33.06976],[-80.53983,33.0678],[-80.53801,33.0675],[-80.53749,33.06654],[-80.53995,33.06446],[-80.54118,33.06461],[-80.5426,33.06666],[-80.54395,33.06613],[-80.54385,33.06444],[-80.54438,33.06407],[-80.54583,33.06614],[-80.5474,33.06601],[-80.54682,33.06392],[-80.54741,33.06271],[-80.54509,33.06313],[-80.54465,33.06218],[-80.54661,33.0609],[-80.54731,33.05968],[-80.54971,33.06007],[-80.5506,33.05822],[-80.55307,33.05942],[-80.55299,33.06147],[-80.55387,33.06227],[-80.55789,33.06121],[-80.55914,33.05993],[-80.56284,33.0608],[-80.5635,33.06056],[-80.5639,33.05961],[-80.56462,33.05945],[-80.56744,33.06085],[-80.56809,33.06042],[-80.56767,33.05967],[-80.56804,33.05926],[-80.56896,33.05919],[-80.5702,33.0599],[-80.57076,33.05961],[-80.57102,33.05905],[-80.57044,33.05817],[-80.57081,33.05772],[-80.5724,33.05958],[-80.57379,33.05935],[-80.57519,33.05826],[-80.57609,33.06015],[-80.57848,33.06073],[-80.57913,33.06013],[-80.57806,33.05939],[-80.57737,33.05779],[-80.57846,33.05715],[-80.58202,33.05865],[-80.58704,33.05758],[-80.58966,33.0586],[-80.59203,33.05789],[-80.59467,33.0598],[-80.59703,33.0601],[-80.60016,33.06123],[-80.60069,33.06288],[-80.60129,33.06322],[-80.60216,33.06317],[-80.60379,33.06192],[-80.60496,33.06184],[-80.60847,33.06288],[-80.61018,33.06429],[-80.61153,33.06401],[-80.6153,33.06534],[-80.61784,33.06473],[-80.61894,33.06601],[-80.62316,33.06661],[-80.62418,33.06743],[-80.6235,33.06924],[-80.62422,33.06945],[-80.62561,33.06862],[-80.62673,33.06879],[-80.62779,33.06977],[-80.62836,33.07147],[-80.6294,33.07258],[-80.62917,33.07334],[-80.62672,33.07498],[-80.62681,33.076],[-80.63199,33.07613],[-80.63222,33.07791],[-80.63536,33.07918],[-80.63591,33.07985],[-80.63582,33.08086],[-80.63688,33.08177],[-80.63847,33.08193],[-80.63943,33.08073],[-80.64019,33.08069],[-80.64119,33.08202],[-80.6406,33.08279],[-80.64348,33.08443],[-80.64398,33.08624],[-80.64489,33.08655],[-80.64624,33.08542],[-80.64689,33.08557],[-80.64841,33.08778],[-80.64914,33.08989],[-80.65013,33.09053],[-80.65179,33.09064],[-80.65273,33.09302],[-80.65554,33.093],[-80.65701,33.09218],[-80.65816,33.0925],[-80.65893,33.09425],[-80.66072,33.09433],[-80.66169,33.09525],[-80.66131,33.09589],[-80.65935,33.09627],[-80.65946,33.09762],[-80.66513,33.09957],[-80.66626,33.10169],[-80.66835,33.10233],[-80.67088,33.10407],[-80.67189,33.10584],[-80.67125,33.10816],[-80.67221,33.10847],[-80.67381,33.10809],[-80.67437,33.10845],[-80.67398,33.11019],[-80.67304,33.11086],[-80.6733,33.1122],[-80.67199,33.11367],[-80.67375,33.11331],[-80.67537,33.11505],[-80.67744,33.11527],[-80.67858,33.11622],[-80.67887,33.1177],[-80.67753,33.1185],[-80.67922,33.11893],[-80.68002,33.12032],[-80.6798,33.12123],[-80.67842,33.12188],[-80.67849,33.1225],[-80.68053,33.12312],[-80.68141,33.12473],[-80.68315,33.12345],[-80.68513,33.12391],[-80.68545,33.12456],[-80.68482,33.12557],[-80.68674,33.12604],[-80.68811,33.12719],[-80.68924,33.12715],[-80.68913,33.12841],[-80.68969,33.12897],[-80.69185,33.12826],[-80.69286,33.12856],[-80.69305,33.12936],[-80.69238,33.12996],[-80.68991,33.12988],[-80.68942,33.1307],[-80.6904,33.13187],[-80.69326,33.1316],[-80.69377,33.13206],[-80.69157,33.13451],[-80.69186,33.13602],[-80.69142,33.13747],[-80.69349,33.13758],[-80.69359,33.13807],[-80.69286,33.13887],[-80.69457,33.14044],[-80.69458,33.14121],[-80.69395,33.14183],[-80.69404,33.1428],[-80.69322,33.1434],[-80.69327,33.1439],[-80.69438,33.14406],[-80.69554,33.14156],[-80.69699,33.14174],[-80.69985,33.14272],[-80.69988,33.14356],[-80.69899,33.14426],[-80.6993,33.14467],[-80.70138,33.14411],[-80.70278,33.14444],[-80.70509,33.14691],[-80.70616,33.15025],[-80.70555,33.15103],[-80.7038,33.1511],[-80.70298,33.15161],[-80.70307,33.15259],[-80.70538,33.15367],[-80.7065,33.15493],[-80.70889,33.1548],[-80.70992,33.1567],[-80.71131,33.15609],[-80.71065,33.1543],[-80.71081,33.15347],[-80.71233,33.1537],[-80.71286,33.15444],[-80.71322,33.15678],[-80.71599,33.16099],[-80.71662,33.16118],[-80.7169,33.16],[-80.71785,33.15968],[-80.725,33.16379],[-80.72683,33.16539],[-80.72846,33.16545],[-80.72929,33.16653],[-80.73102,33.16689],[-80.73211,33.16884],[-80.73414,33.16994],[-80.73761,33.17025],[-80.73827,33.16928],[-80.74009,33.16834],[-80.74338,33.16806],[-80.74759,33.17233],[-80.74754,33.17282],[-80.74628,33.17292],[-80.74558,33.17352],[-80.74627,33.17466],[-80.7474,33.17459],[-80.74807,33.17368],[-80.75058,33.17257],[-80.75348,33.17425],[-80.7563,33.17345],[-80.75775,33.17466],[-80.75862,33.17465],[-80.75911,33.17331],[-80.75737,33.17117],[-80.75861,33.17098],[-80.75994,33.17224],[-80.76136,33.17152],[-80.76275,33.17004],[-80.76366,33.17099],[-80.76338,33.17386],[-80.76488,33.17455],[-80.76545,33.17443],[-80.76566,33.17364],[-80.7673,33.17214],[-80.76848,33.1721],[-80.77024,33.17297],[-80.77098,33.17187],[-80.77211,33.17154],[-80.77277,33.17183],[-80.77271,33.17275],[-80.77329,33.17345],[-80.77683,33.17325],[-80.77643,33.17493],[-80.77786,33.17562],[-80.7784,33.17685],[-80.78014,33.17602],[-80.78176,33.17619],[-80.78244,33.17474],[-80.78359,33.17439],[-80.78426,33.17458],[-80.78506,33.17606],[-80.78712,33.17505],[-80.78777,33.17659],[-80.7885,33.17693],[-80.79197,33.17609],[-80.79211,33.17669],[-80.79112,33.1773],[-80.79,33.17939],[-80.79013,33.18051],[-80.79094,33.18119],[-80.79211,33.18073],[-80.79566,33.17693],[-80.79806,33.17689],[-80.80359,33.17785],[-80.80514,33.17972],[-80.80713,33.18087],[-80.8082,33.18296],[-80.81019,33.18357],[-80.81183,33.18521],[-80.81686,33.18731],[-80.81724,33.18903],[-80.81856,33.19073],[-80.81787,33.19162],[-80.81817,33.19266],[-80.8168,33.19353],[-80.81689,33.19469],[-80.8186,33.19663],[-80.8201,33.1973],[-80.8188,33.19793],[-80.81846,33.1986],[-80.82032,33.19986],[-80.81901,33.20128],[-80.81968,33.20268],[-80.82121,33.20234],[-80.82131,33.20084],[-80.82227,33.19989],[-80.82476,33.20028],[-80.82513,33.20057],[-80.8247,33.20133],[-80.82502,33.20189],[-80.82634,33.20204],[-80.82828,33.20308],[-80.82916,33.20283],[-80.82976,33.20342],[-80.83079,33.20267],[-80.83256,33.20333],[-80.83391,33.20306],[-80.83486,33.20363],[-80.8374,33.20355],[-80.83698,33.20488],[-80.83865,33.20579],[-80.83935,33.20719],[-80.84047,33.20784],[-80.83751,33.2086],[-80.83723,33.21077],[-80.83799,33.21105],[-80.83932,33.20999],[-80.83992,33.21195],[-80.84141,33.21225],[-80.8428,33.21139],[-80.84383,33.21204],[-80.84396,33.21266],[-80.84332,33.21331],[-80.84065,33.21342],[-80.84079,33.21424],[-80.84195,33.21504],[-80.84192,33.21574],[-80.84063,33.21669],[-80.83854,33.21719],[-80.83823,33.21792],[-80.83972,33.21986],[-80.84242,33.2201],[-80.84361,33.21921],[-80.84695,33.22132],[-80.84653,33.22214],[-80.84473,33.22111],[-80.84403,33.22147],[-80.84587,33.22328],[-80.8453,33.22465],[-80.84638,33.22556],[-80.84656,33.22672],[-80.84552,33.22811],[-80.84558,33.22931],[-80.84387,33.23035],[-80.84375,33.231],[-80.84458,33.23136],[-80.84587,33.23079],[-80.84586,33.23249],[-80.84802,33.23298],[-80.84782,33.23346],[-80.84649,33.23338],[-80.84614,33.23376],[-80.84625,33.23427],[-80.84768,33.23463],[-80.84806,33.2353],[-80.84704,33.23593],[-80.8469,33.2371],[-80.84603,33.23829],[-80.84963,33.23831],[-80.85099,33.23923],[-80.85303,33.23847],[-80.85347,33.23924],[-80.85302,33.24044],[-80.854,33.24101],[-80.85466,33.24057],[-80.8556,33.23772],[-80.85691,33.23778],[-80.85713,33.23907],[-80.85584,33.2404],[-80.85579,33.24142],[-80.85488,33.24197],[-80.85649,33.24297],[-80.85572,33.24569],[-80.8564,33.24577],[-80.85705,33.24494],[-80.85815,33.24467],[-80.86301,33.24571],[-80.86319,33.24802],[-80.86532,33.24848],[-80.86631,33.2475],[-80.86671,33.24861],[-80.86899,33.24903],[-80.87021,33.25002],[-80.8705,33.2511],[-80.86921,33.25147],[-80.86916,33.25205],[-80.87058,33.25333],[-80.87279,33.25287],[-80.87335,33.25435],[-80.87572,33.25488],[-80.87676,33.25452],[-80.87763,33.25338],[-80.87849,33.25335],[-80.87783,33.25473],[-80.87861,33.25507],[-80.88005,33.25462],[-80.87951,33.25582],[-80.88151,33.2567],[-80.88129,33.25788],[-80.88233,33.25738],[-80.88306,33.25761],[-80.88305,33.25957],[-80.88372,33.25994],[-80.88519,33.26007],[-80.88731,33.25793],[-80.88819,33.25822],[-80.88843,33.26019],[-80.88536,33.2625],[-80.88556,33.26317],[-80.88711,33.26419]],[[-81.4702,33.80346],[-81.47118,33.79951],[-81.46865,33.79815],[-81.46412,33.79722],[-81.46048,33.79716],[-81.45948,33.79535],[-81.45696,33.79451],[-81.45628,33.79288],[-81.45214,33.79033],[-81.45038,33.78753],[-81.4473,33.78402],[-81.44593,33.78379],[-81.44266,33.77929],[-81.4394,33.77808],[-81.43588,33.77557],[-81.43536,33.77383],[-81.43384,33.77283],[-81.43329,33.77109],[-81.43174,33.76915],[-81.4325,33.76766],[-81.43165,33.767],[-81.43117,33.76567],[-81.43229,33.7623],[-81.43119,33.75897],[-81.43157,33.75715],[-81.43115,33.75629],[-81.43032,33.75609],[-81.43023,33.75491],[-81.42937,33.75463],[-81.42934,33.75379],[-81.42851,33.75349],[-81.42818,33.75249],[-81.42889,33.75154],[-81.4276,33.75104],[-81.42628,33.74954],[-81.42661,33.74915],[-81.42572,33.74854],[-81.4256,33.74667],[-81.42672,33.74633],[-81.42594,33.74578],[-81.42706,33.74494],[-81.42642,33.74459],[-81.42675,33.7432],[-81.42634,33.7423],[-81.42536,33.74208],[-81.42563,33.74165],[-81.42323,33.74105],[-81.42155,33.73894],[-81.42158,33.73775],[-81.41986,33.73728],[-81.41817,33.73458],[-81.41721,33.73458],[-81.41688,33.73392],[-81.41559,33.7334],[-81.41531,33.73217],[-81.41166,33.73101],[-81.41051,33.73107],[-81.40789,33.73226],[-81.40486,33.73173],[-81.4036,33.73227],[-81.40256,33.73139],[-81.40054,33.73073],[-81.39969,33.72977],[-81.39899,33.7298],[-81.39868,33.72923],[-81.39689,33.72857],[-81.39674,33.72801],[-81.39564,33.72804],[-81.39347,33.72694],[-81.3916,33.72681],[-81.39077,33.7274],[-81.3884,33.72649],[-81.38547,33.72694],[-81.38477,33.72619],[-81.37962,33.72507],[-81.37768,33.72554],[-81.3762,33.72485],[-81.37516,33.72526],[-81.37476,33.725],[-81.37294,33.72654],[-81.37089,33.72667],[-81.37069,33.72734],[-81.36919,33.7275],[-81.3681,33.72799],[-81.3682,33.72839],[-81.36752,33.72845],[-81.36734,33.72804],[-81.36641,33.72852],[-81.36454,33.72797],[-81.3644,33.72728],[-81.36329,33.72683],[-81.36341,33.72639],[-81.36214,33.72559],[-81.36127,33.72572],[-81.36058,33.72497],[-81.35952,33.72518],[-81.35768,33.72287],[-81.35638,33.72294],[-81.35565,33.72222],[-81.35417,33.723],[-81.35234,33.72166],[-81.35199,33.72188],[-81.35045,33.72104],[-81.35,33.72127],[-81.34892,33.72018],[-81.34743,33.72062],[-81.34656,33.72013],[-81.34664,33.72063],[-81.34428,33.72106],[-81.344,33.72048],[-81.34345,33.72059],[-81.34354,33.72015],[-81.34225,33.72016],[-81.34103,33.71924],[-81.33907,33.7192],[-81.33765,33.7178],[-81.3357,33.71778],[-81.33276,33.7158],[-81.33075,33.71519],[-81.32889,33.71565],[-81.32874,33.71522],[-81.32789,33.7151],[-81.32769,33.71416],[-81.32673,33.71382],[-81.32724,33.71326],[-81.32382,33.71189],[-81.32374,33.71141],[-81.32283,33.7113],[-81.32195,33.7118],[-81.32199,33.71133],[-81.32118,33.71162],[-81.31629,33.71027],[-81.31524,33.70919],[-81.31445,33.70921],[-81.3131,33.7083],[-81.31149,33.70871],[-81.3095,33.70722],[-81.30899,33.70582],[-81.30693,33.70505],[-81.30667,33.70428],[-81.30461,33.70492],[-81.30376,33.70445],[-81.30282,33.70466],[-81.30273,33.70378],[-81.30032,33.70075],[-81.30046,33.69971],[-81.29978,33.69977],[-81.29833,33.69831],[-81.29762,33.69909],[-81.29752,33.69836],[-81.29615,33.69838],[-81.29637,33.6976],[-81.29564,33.69779],[-81.29519,33.69677],[-81.29458,33.69713],[-81.29346,33.69654],[-81.29258,33.69667],[-81.29249,33.6957],[-81.29148,33.69559],[-81.29169,33.69515],[-81.29043,33.69409],[-81.28879,33.69408],[-81.28874,33.69361],[-81.28612,33.69298],[-81.28593,33.69352],[-81.2845,33.6943],[-81.28361,33.69359],[-81.28208,33.69466],[-81.2788,33.69424],[-81.27791,33.6948],[-81.27711,33.69621],[-81.27569,33.69587],[-81.27492,33.69621],[-81.2743,33.69551],[-81.27362,33.69559],[-81.27341,33.69501],[-81.27315,33.69554],[-81.27292,33.69483],[-81.27224,33.69479],[-81.27281,33.69433],[-81.2715,33.6944],[-81.2715,33.69373],[-81.27008,33.69386],[-81.26958,33.69293],[-81.2699,33.69153],[-81.26894,33.6907],[-81.2693,33.69027],[-81.26722,33.6887],[-81.26548,33.68816],[-81.26555,33.68713],[-81.26453,33.68704],[-81.26436,33.68653],[-81.26388,33.6867],[-81.26397,33.68726],[-81.26326,33.68677],[-81.26251,33.68693],[-81.2627,33.68637],[-81.25979,33.68558],[-81.2595,33.68478],[-81.25898,33.68539],[-81.25892,33.68486],[-81.2581,33.68531],[-81.25783,33.68478],[-81.25698,33.68537],[-81.25687,33.68472],[-81.2558,33.68387],[-81.25357,33.68315],[-81.25261,33.68338],[-81.25296,33.68274],[-81.25152,33.68209],[-81.25169,33.68154],[-81.24979,33.68114],[-81.25036,33.68061],[-81.24731,33.68058],[-81.24598,33.67966],[-81.2454,33.6804],[-81.2447,33.67896],[-81.24382,33.67945],[-81.24403,33.6786],[-81.24258,33.67822],[-81.24213,33.67856],[-81.24142,33.67803],[-81.24101,33.67713],[-81.24151,33.67699],[-81.24165,33.67631],[-81.24069,33.67666],[-81.2403,33.67619],[-81.23963,33.67641],[-81.23901,33.67578],[-81.23819,33.67578],[-81.2381,33.67505],[-81.23603,33.67516],[-81.2347,33.67292],[-81.23377,33.67252],[-81.23335,33.67267],[-81.23391,33.67321],[-81.23326,33.67354],[-81.23252,33.67239],[-81.23188,33.67252],[-81.23202,33.67185],[-81.23127,33.67204],[-81.23176,33.67093],[-81.23077,33.66997],[-81.22912,33.67052],[-81.22882,33.67002],[-81.22825,33.67021],[-81.22673,33.66932],[-81.22614,33.66971],[-81.22622,33.66907],[-81.2255,33.6691],[-81.22569,33.66867],[-81.22476,33.66873],[-81.22491,33.66812],[-81.224,33.66862],[-81.22377,33.66805],[-81.22337,33.66859],[-81.22148,33.66809],[-81.22176,33.66759],[-81.22085,33.66757],[-81.21835,33.66549],[-81.21851,33.66475],[-81.21784,33.66476],[-81.21778,33.66417],[-81.21574,33.66394],[-81.21576,33.66332],[-81.21507,33.66346],[-81.21501,33.66289],[-81.21413,33.66276],[-81.21433,33.66234],[-81.2129,33.6618],[-81.21183,33.66242],[-81.21235,33.66313],[-81.21121,33.66282],[-81.20938,33.6612],[-81.20942,33.66021],[-81.20907,33.65997],[-81.2085,33.66054],[-81.20845,33.65989],[-81.2074,33.65888],[-81.20639,33.65873],[-81.20633,33.65942],[-81.20545,33.65878],[-81.20447,33.65891],[-81.20332,33.65949],[-81.20168,33.65873],[-81.20002,33.65955],[-81.19957,33.65918],[-81.19975,33.65836],[-81.19882,33.65893],[-81.19864,33.6581],[-81.19758,33.65767],[-81.19708,33.65792],[-81.19664,33.65725],[-81.19527,33.65758],[-81.19434,33.65664],[-81.19407,33.65697],[-81.19261,33.65608],[-81.19177,33.65623],[-81.19143,33.65562],[-81.19057,33.65598],[-81.18964,33.65537],[-81.18962,33.65478],[-81.18911,33.65479],[-81.18926,33.65381],[-81.18868,33.65421],[-81.18842,33.65365],[-81.18743,33.65361],[-81.1874,33.65301],[-81.18621,33.65243],[-81.18635,33.65173],[-81.18512,33.65108],[-81.18443,33.65158],[-81.18358,33.65083],[-81.18285,33.65114],[-81.18237,33.64999],[-81.18091,33.64955],[-81.18027,33.64879],[-81.1798,33.64917],[-81.17997,33.64795],[-81.17911,33.64741],[-81.17935,33.64688],[-81.17813,33.64633],[-81.17844,33.64522],[-81.17675,33.64497],[-81.17485,33.6454],[-81.17464,33.64479],[-81.17395,33.6449],[-81.17425,33.64427],[-81.1727,33.64414],[-81.1727,33.64308],[-81.1719,33.64319],[-81.17219,33.64241],[-81.17136,33.64299],[-81.17061,33.64278],[-81.16973,33.64152],[-81.16958,33.6396],[-81.16825,33.6387],[-81.169,33.63864],[-81.16893,33.6376],[-81.16797,33.63765],[-81.16792,33.63647],[-81.1667,33.63624],[-81.16683,33.63555],[-81.16631,33.63534],[-81.16674,33.63467],[-81.16576,33.63441],[-81.16606,33.63376],[-81.16517,33.63217],[-81.16402,33.6321],[-81.16424,33.6315],[-81.16364,33.6307],[-81.16144,33.62914],[-81.16159,33.62827],[-81.15979,33.62829],[-81.15889,33.62738],[-81.15946,33.62683],[-81.15934,33.62622],[-81.15871,33.62663],[-81.15793,33.62591],[-81.15844,33.62559],[-81.15645,33.62469],[-81.156,33.62281],[-81.15549,33.62313],[-81.15523,33.62237],[-81.15383,33.62215],[-81.15337,33.62165],[-81.15294,33.62198],[-81.15269,33.6214],[-81.15233,33.6219],[-81.15165,33.62098],[-81.15196,33.6202],[-81.15023,33.62032],[-81.15008,33.61862],[-81.14887,33.61792],[-81.14831,33.61792],[-81.14832,33.61849],[-81.14745,33.61805],[-81.14744,33.61853],[-81.14665,33.61756],[-81.14582,33.61804],[-81.14562,33.61717],[-81.14456,33.6166],[-81.14503,33.61574],[-81.14399,33.61515],[-81.14355,33.61561],[-81.14334,33.61457],[-81.14241,33.61421],[-81.14259,33.61365],[-81.14171,33.61398],[-81.14201,33.61438],[-81.14057,33.61463],[-81.14025,33.61365],[-81.13925,33.61297],[-81.13949,33.61198],[-81.14023,33.6122],[-81.13943,33.61055],[-81.14024,33.61147],[-81.1406,33.61125],[-81.14019,33.60926],[-81.13823,33.60906],[-81.13803,33.60944],[-81.13748,33.6083],[-81.13621,33.60869],[-81.13685,33.60805],[-81.13583,33.60715],[-81.13292,33.60679],[-81.13288,33.60578],[-81.13219,33.60636],[-81.13158,33.60568],[-81.13103,33.60634],[-81.13062,33.60576],[-81.12991,33.60636],[-81.12914,33.60597],[-81.12933,33.60538],[-81.1289,33.60486],[-81.12739,33.60524],[-81.12761,33.60456],[-81.12678,33.60413],[-81.12739,33.60359],[-81.12658,33.60381],[-81.12671,33.60321],[-81.12613,33.60291],[-81.12405,33.60341],[-81.12369,33.60294],[-81.12413,33.60263],[-81.12338,33.60247],[-81.12321,33.60191],[-81.12247,33.60221],[-81.12211,33.60164],[-81.12126,33.60198],[-81.12144,33.60105],[-81.12014,33.60102],[-81.11918,33.60046],[-81.11908,33.59986],[-81.11738,33.59907],[-81.11816,33.59793],[-81.11707,33.59752],[-81.11733,33.59709],[-81.11679,33.59663],[-81.11735,33.59644],[-81.11547,33.59636],[-81.11563,33.59567],[-81.11466,33.59602],[-81.11517,33.59505],[-81.11371,33.59388],[-81.11147,33.59427],[-81.11189,33.59355],[-81.11062,33.5928],[-81.10996,33.59366],[-81.10987,33.59238],[-81.10846,33.59335],[-81.1075,33.5913],[-81.10685,33.59132],[-81.10654,33.59079],[-81.10552,33.59145],[-81.10423,33.58893],[-81.10313,33.58884],[-81.10171,33.58796],[-81.10141,33.58842],[-81.10034,33.58825],[-81.1002,33.58916],[-81.09927,33.58893],[-81.09965,33.58956],[-81.0993,33.59003],[-81.09765,33.58952],[-81.09528,33.59086],[-81.09495,33.59038],[-81.09422,33.59048],[-81.09487,33.58942],[-81.09313,33.58896],[-81.09255,33.58952],[-81.09183,33.58906],[-81.09087,33.59033],[-81.0898,33.58932],[-81.08917,33.58972],[-81.08878,33.58916],[-81.08867,33.59008],[-81.08776,33.59006],[-81.08752,33.58982],[-81.08805,33.58931],[-81.08763,33.58894],[-81.08687,33.58948],[-81.08652,33.58857],[-81.0852,33.58826],[-81.08466,33.58881],[-81.08434,33.58822],[-81.08409,33.58908],[-81.08335,33.58816],[-81.0816,33.58776],[-81.08022,33.58898],[-81.0796,33.58786],[-81.0785,33.58898],[-81.07792,33.58767],[-81.07702,33.58924],[-81.07644,33.58898],[-81.0752,33.58944],[-81.07513,33.58867],[-81.07463,33.58939],[-81.07171,33.59048],[-81.07137,33.5903],[-81.07182,33.58963],[-81.07055,33.58978],[-81.07042,33.5903],[-81.06922,33.59006],[-81.06919,33.59082],[-81.0676,33.59092],[-81.0677,33.59138],[-81.06711,33.59128],[-81.06685,33.59068],[-81.0659,33.59093],[-81.06512,33.5904],[-81.0644,33.59078],[-81.06397,33.59004],[-81.06132,33.58834],[-81.06094,33.58941],[-81.0603,33.58883],[-81.05973,33.58913],[-81.05918,33.58821],[-81.05764,33.589],[-81.05706,33.58842],[-81.05756,33.58774],[-81.05678,33.58789],[-81.05614,33.58737],[-81.05722,33.58693],[-81.05598,33.58701],[-81.05565,33.58624],[-81.05534,33.58695],[-81.05385,33.58691],[-81.05383,33.58567],[-81.05312,33.58569],[-81.05275,33.58516],[-81.05105,33.58469],[-81.05065,33.58498],[-81.05035,33.5845],[-81.0492,33.58478],[-81.04907,33.58443],[-81.04823,33.58508],[-81.04791,33.58398],[-81.04706,33.58377],[-81.04707,33.5822],[-81.04767,33.58243],[-81.04799,33.58145],[-81.04694,33.58096],[-81.04665,33.57997],[-81.04612,33.58045],[-81.0451,33.58035],[-81.04514,33.57963],[-81.04475,33.57948],[-81.04392,33.57997],[-81.04376,33.57938],[-81.04234,33.57896],[-81.04201,33.57794],[-81.0406,33.57825],[-81.04111,33.57747],[-81.03993,33.57788],[-81.03924,33.57704],[-81.03813,33.57672],[-81.03778,33.57705],[-81.03748,33.57615],[-81.03676,33.57638],[-81.0368,33.57578],[-81.03612,33.57597],[-81.03578,33.57558],[-81.03556,33.57665],[-81.03409,33.57656],[-81.03363,33.57594],[-81.03297,33.57653],[-81.03245,33.57586],[-81.03053,33.57724],[-81.02977,33.57721],[-81.02896,33.57635],[-81.02715,33.57743],[-81.0267,33.57674],[-81.02458,33.57697],[-81.02344,33.57721],[-81.02347,33.57791],[-81.02264,33.57701],[-81.02203,33.57719],[-81.02269,33.57659],[-81.02162,33.57599],[-81.02127,33.57637],[-81.02031,33.57606],[-81.01971,33.57703],[-81.0197,33.57595],[-81.01878,33.57622],[-81.01899,33.5754],[-81.01719,33.57509],[-81.01639,33.57454],[-81.0165,33.57403],[-81.01463,33.57419],[-81.01349,33.57331],[-81.01305,33.57348],[-81.01318,33.57255],[-81.01235,33.57278],[-81.01224,33.5719],[-81.01063,33.57186],[-81.00944,33.57035],[-81.00821,33.57054],[-81.0078,33.56992],[-81.00734,33.5702],[-81.00591,33.56892],[-81.00682,33.56857],[-81.00567,33.56821],[-81.00586,33.56772],[-81.00532,33.56703],[-81.00343,33.56734],[-81.00321,33.56704],[-81.00402,33.56637],[-81.00305,33.56634],[-81.00301,33.56488],[-81.00211,33.5647],[-81.00277,33.56438],[-81.00303,33.56353],[-81.00362,33.56342],[-81.00345,33.56302],[-81.00246,33.56271],[-81.00257,33.56213],[-81.00168,33.56139],[-81.00177,33.56229],[-81.00051,33.56239],[-81.00031,33.56179],[-80.99899,33.56112],[-80.99807,33.56136],[-80.99853,33.5607],[-80.99735,33.56136],[-80.99754,33.55924],[-80.99638,33.55956],[-80.99652,33.55829],[-80.99588,33.55897],[-80.99548,33.55784],[-80.99388,33.55796],[-80.9938,33.55637],[-80.99312,33.55663],[-80.99284,33.55547],[-80.9931,33.55452],[-80.99221,33.5551],[-80.99056,33.55368],[-80.99086,33.55309],[-80.98987,33.55334],[-80.98918,33.55289],[-80.9885,33.55322],[-80.98742,33.55287],[-80.98711,33.55099],[-80.98649,33.55081],[-80.98716,33.55001],[-80.98577,33.5499],[-80.98512,33.5487],[-80.98387,33.54839],[-80.98344,33.54774],[-80.98239,33.54782],[-80.98259,33.54681],[-80.98108,33.54648],[-80.98072,33.54703],[-80.97975,33.54653],[-80.97909,33.5457],[-80.97969,33.54509],[-80.97833,33.54484],[-80.97891,33.54458],[-80.97851,33.54408],[-80.97922,33.54352],[-80.97735,33.54388],[-80.97655,33.54299],[-80.97648,33.54238],[-80.97732,33.54232],[-80.9762,33.54174],[-80.97678,33.54075],[-80.97648,33.54033],[-80.9756,33.54043],[-80.97594,33.53962],[-80.97524,33.53956],[-80.97558,33.53901],[-80.97494,33.53847],[-80.97502,33.53791],[-80.97287,33.5382],[-80.97194,33.53711],[-80.97037,33.53676],[-80.97044,33.53622],[-80.96913,33.53531],[-80.96853,33.53424],[-80.9673,33.53431],[-80.96659,33.53378],[-80.96373,33.53409],[-80.96384,33.5328],[-80.96288,33.53333],[-80.96264,33.53282],[-80.96304,33.5323],[-80.96137,33.53216],[-80.9605,33.53145],[-80.96123,33.5312],[-80.96111,33.53084],[-80.95936,33.53059],[-80.95998,33.53002],[-80.95934,33.52872],[-80.95806,33.52922],[-80.9584,33.52851],[-80.95808,33.52762],[-80.9566,33.5285],[-80.95607,33.52755],[-80.95665,33.52718],[-80.95583,33.52687],[-80.95601,33.52635],[-80.95516,33.52538],[-80.95469,33.52616],[-80.95337,33.52546],[-80.95114,33.52556],[-80.95063,33.52608],[-80.95013,33.52558],[-80.94948,33.5257],[-80.94928,33.52448],[-80.94842,33.52478],[-80.94807,33.52573],[-80.94475,33.52465],[-80.94282,33.52305],[-80.94158,33.5213],[-80.9394,33.52096],[-80.93912,33.52003],[-80.93733,33.51979],[-80.9366,33.52025],[-80.93694,33.51914],[-80.9359,33.51913],[-80.93535,33.51825],[-80.93599,33.51741],[-80.93448,33.51815],[-80.93413,33.51694],[-80.93299,33.51709],[-80.93304,33.51644],[-80.9321,33.51686],[-80.93231,33.51592],[-80.93157,33.516],[-80.93164,33.5155],[-80.93026,33.51501],[-80.93039,33.51432],[-80.92966,33.51447],[-80.92961,33.51382],[-80.92848,33.51359],[-80.92691,33.51092],[-80.92597,33.51074],[-80.92535,33.51128],[-80.92509,33.51036],[-80.92223,33.50891],[-80.92226,33.50845],[-80.92035,33.509],[-80.92048,33.5077],[-80.91949,33.50888],[-80.91898,33.50881],[-80.91918,33.50984],[-80.91991,33.51002],[-80.91897,33.51052],[-80.91764,33.50925],[-80.91738,33.51086],[-80.91637,33.51176],[-80.91576,33.51121],[-80.91549,33.51175],[-80.91475,33.51167],[-80.91492,33.51085],[-80.91403,33.51103],[-80.91367,33.51042],[-80.91184,33.51059],[-80.90896,33.5094],[-80.90747,33.50952],[-80.90622,33.50563],[-80.90533,33.50655],[-80.90505,33.50626],[-80.90537,33.50479],[-80.90609,33.50451],[-80.90568,33.50363],[-80.90606,33.50322],[-80.90566,33.50279],[-80.90585,33.50192],[-80.90537,33.50198],[-80.90495,33.50291],[-80.90329,33.50272],[-80.90305,33.50126],[-80.90189,33.50028],[-80.90094,33.50078],[-80.90173,33.501],[-80.90122,33.5017],[-80.90033,33.5011],[-80.89835,33.5018],[-80.8949,33.49935],[-80.89442,33.49943],[-80.89467,33.50005],[-80.89429,33.50017],[-80.89213,33.49886],[-80.89134,33.49934],[-80.89103,33.49887],[-80.89172,33.49799],[-80.88988,33.49856],[-80.88969,33.49781],[-80.88846,33.49767],[-80.88925,33.49721],[-80.8888,33.49682],[-80.88805,33.49746],[-80.88647,33.49731],[-80.88554,33.49803],[-80.88513,33.49743],[-80.88438,33.49764],[-80.88419,33.49686],[-80.88297,33.49718],[-80.88229,33.49481],[-80.88137,33.49488],[-80.88056,33.49382],[-80.87947,33.49411],[-80.88043,33.49302],[-80.88024,33.49216],[-80.87865,33.49231],[-80.87954,33.49098],[-80.87838,33.49141],[-80.87621,33.49047],[-80.87399,33.48849],[-80.87258,33.48587],[-80.87361,33.48548],[-80.87345,33.48431],[-80.87448,33.48414],[-80.87391,33.48278],[-80.87434,33.48199],[-80.87384,33.48059],[-80.87479,33.47826],[-80.87351,33.47511],[-80.87395,33.47425],[-80.87349,33.47122],[-80.87424,33.46779],[-80.87343,33.46652],[-80.87441,33.46574],[-80.87548,33.46611],[-80.87564,33.46435],[-80.87692,33.46364],[-80.87695,33.4616],[-80.87507,33.46095],[-80.87499,33.46021],[-80.87421,33.45966],[-80.87451,33.45856],[-80.87353,33.4574],[-80.8742,33.45666],[-80.87404,33.4553],[-80.87156,33.45417],[-80.87052,33.45485],[-80.86871,33.45471],[-80.86891,33.45388],[-80.86959,33.45351],[-80.86865,33.45277],[-80.86937,33.45172],[-80.86776,33.45101],[-80.86653,33.4512],[-80.86657,33.45047],[-80.86474,33.44895],[-80.86547,33.44807],[-80.86515,33.44725],[-80.8636,33.44729],[-80.86453,33.44651],[-80.86443,33.44594],[-80.86281,33.44571],[-80.86397,33.44491],[-80.86373,33.44448],[-80.86257,33.44454],[-80.8635,33.44367],[-80.86257,33.44284],[-80.86295,33.44216],[-80.86181,33.44231],[-80.86006,33.44137],[-80.86174,33.44102],[-80.86269,33.43993],[-80.86193,33.43943],[-80.86131,33.44033],[-80.86044,33.44031],[-80.86075,33.43948],[-80.86028,33.43901],[-80.86111,33.43767],[-80.86034,33.43745],[-80.86029,33.43674],[-80.86093,33.43473],[-80.86,33.43442],[-80.85964,33.43527],[-80.85917,33.4352],[-80.85902,33.43378],[-80.85831,33.43308],[-80.85963,33.43215],[-80.85908,33.43143],[-80.85984,33.43097],[-80.85996,33.42878],[-80.86073,33.42824],[-80.85962,33.4277],[-80.86097,33.42738],[-80.8601,33.42669],[-80.86065,33.42603],[-80.86031,33.42468],[-80.86143,33.42498],[-80.86204,33.42466],[-80.86033,33.42273],[-80.86024,33.42186],[-80.85905,33.4214],[-80.85996,33.42048],[-80.85903,33.42045],[-80.85938,33.42003],[-80.8588,33.41938],[-80.85919,33.41854],[-80.85836,33.41853],[-80.85934,33.41731],[-80.85864,33.41709],[-80.85898,33.41662],[-80.85824,33.41536],[-80.8599,33.41468],[-80.85981,33.41336],[-80.86068,33.41431],[-80.86216,33.41317],[-80.86308,33.41348],[-80.86249,33.41222],[-80.86292,33.41143],[-80.8627,33.40982],[-80.86342,33.40951],[-80.86328,33.40876],[-80.86496,33.40858],[-80.86526,33.4071],[-80.86608,33.40676],[-80.86696,33.40718],[-80.86731,33.40645],[-80.86821,33.40633],[-80.86811,33.40583],[-80.86704,33.40599],[-80.86656,33.4055],[-80.86703,33.40401],[-80.86742,33.4038],[-80.86775,33.40443],[-80.8683,33.40433],[-80.86842,33.40263],[-80.86988,33.40152],[-80.86921,33.40114],[-80.86981,33.39993],[-80.86915,33.39927],[-80.87244,33.39879],[-80.87147,33.39731],[-80.87257,33.39707],[-80.8721,33.39606],[-80.87295,33.39553],[-80.87323,33.39576],[-80.87287,33.39629],[-80.87331,33.3964],[-80.87506,33.39516],[-80.87502,33.39455],[-80.8737,33.39352],[-80.87394,33.39248],[-80.87448,33.39232],[-80.87436,33.39157],[-80.87539,33.39157],[-80.8756,33.39043],[-80.87664,33.39112],[-80.87733,33.38998],[-80.87641,33.38982],[-80.87633,33.38942],[-80.87756,33.38839],[-80.87816,33.3888],[-80.87848,33.3885],[-80.87836,33.38774],[-80.87709,33.38723],[-80.87779,33.38671],[-80.87719,33.38642],[-80.8769,33.38543],[-80.87786,33.38511],[-80.87651,33.38474],[-80.87759,33.38386],[-80.87715,33.38272],[-80.88018,33.38222],[-80.87911,33.3811],[-80.87873,33.37878],[-80.87782,33.37836],[-80.87964,33.37793],[-80.87828,33.37649],[-80.87931,33.37638],[-80.87885,33.3755],[-80.87959,33.37429],[-80.88124,33.37478],[-80.88309,33.37317],[-80.88387,33.37338],[-80.88437,33.36984],[-80.88547,33.36958],[-80.88567,33.36885],[-80.88461,33.36819],[-80.8851,33.36692],[-80.88388,33.36455],[-80.88498,33.36452],[-80.88556,33.36376],[-80.88361,33.36294],[-80.88393,33.36233],[-80.88351,33.36126],[-80.88475,33.36166],[-80.88563,33.36099],[-80.88488,33.36052],[-80.88626,33.35911],[-80.88564,33.35873],[-80.88584,33.35631],[-80.88706,33.35585],[-80.88718,33.35528],[-80.88683,33.35426],[-80.88556,33.35379],[-80.88554,33.35155],[-80.88578,33.35123],[-80.88725,33.3518],[-80.88597,33.34957],[-80.88698,33.3491],[-80.88789,33.34785],[-80.88713,33.34771],[-80.88811,33.34704],[-80.88706,33.34614],[-80.88784,33.34557],[-80.88684,33.34501],[-80.88628,33.34402],[-80.88498,33.34401],[-80.8859,33.34326],[-80.88477,33.343],[-80.88531,33.34216],[-80.88388,33.34171],[-80.88402,33.34077],[-80.88245,33.34039],[-80.88196,33.3392],[-80.88257,33.33856],[-80.88198,33.33739],[-80.88321,33.33624],[-80.88187,33.3352],[-80.88119,33.3356],[-80.88076,33.33495],[-80.88178,33.33372],[-80.88063,33.33337],[-80.88039,33.33219],[-80.88156,33.33131],[-80.88139,33.3303],[-80.88043,33.32977],[-80.88234,33.32934],[-80.88167,33.32794],[-80.88304,33.32831],[-80.88201,33.32714],[-80.88217,33.32614],[-80.88025,33.32681],[-80.88104,33.32562],[-80.87963,33.32589],[-80.87912,33.32552],[-80.88039,33.32433],[-80.88045,33.32351],[-80.87994,33.32347],[-80.87863,33.32468],[-80.8782,33.32361],[-80.87728,33.32377],[-80.87729,33.32264],[-80.87593,33.32292],[-80.87595,33.32147],[-80.87494,33.32141],[-80.87517,33.32077],[-80.87437,33.32015],[-80.87434,33.31929],[-80.87269,33.31806],[-80.87314,33.31731],[-80.87306,33.31556],[-80.87367,33.31536],[-80.87366,33.31441],[-80.87456,33.31374],[-80.87409,33.31283],[-80.87587,33.3121],[-80.87677,33.31271],[-80.87893,33.31236],[-80.87761,33.30997],[-80.87912,33.31032],[-80.87962,33.31136],[-80.88003,33.31133],[-80.88025,33.30972],[-80.88146,33.30917],[-80.8807,33.30789],[-80.88218,33.30787],[-80.88304,33.30682],[-80.88293,33.3062],[-80.88411,33.3056],[-80.88315,33.30449],[-80.8851,33.3038],[-80.88413,33.30332],[-80.88508,33.30183],[-80.88574,33.30142],[-80.88651,33.30178],[-80.88795,33.30094],[-80.88712,33.30028],[-80.88777,33.29978],[-80.88655,33.2993],[-80.88693,33.2984],[-80.88463,33.29654],[-80.88554,33.29645],[-80.88582,33.29598],[-80.884,33.29545],[-80.8835,33.29468],[-80.8844,33.29437],[-80.8838,33.29273],[-80.88498,33.29265],[-80.88472,33.29152],[-80.88349,33.29103],[-80.88305,33.28941],[-80.88093,33.28899],[-80.88108,33.28827],[-80.88198,33.28755],[-80.87974,33.28748],[-80.88045,33.28671],[-80.88232,33.2866],[-80.88257,33.28621],[-80.88213,33.28538],[-80.88306,33.28553],[-80.88503,33.28429],[-80.88445,33.28234],[-80.8835,33.28214],[-80.88379,33.2811],[-80.88259,33.2809],[-80.8819,33.28184],[-80.88147,33.28171],[-80.88119,33.28047],[-80.8826,33.27969],[-80.88161,33.278],[-80.8819,33.27733],[-80.88155,33.27666],[-80.88206,33.27566],[-80.88018,33.27535],[-80.88207,33.27451],[-80.88231,33.27362],[-80.88377,33.27441],[-80.88448,33.27412],[-80.88464,33.27353],[-80.8831,33.27203],[-80.88511,33.27221],[-80.88461,33.27135],[-80.88672,33.26934],[-80.88565,33.26852],[-80.88693,33.26796],[-80.8882,33.26817],[-80.88762,33.26678],[-80.88603,33.26659],[-80.88664,33.26576],[-80.88657,33.26503],[-80.88749,33.26476],[-80.88711,33.26419]],[[-81.7989,33.82117],[-81.78935,33.81688],[-81.78765,33.8153],[-81.78533,33.81078],[-81.78088,33.80804],[-81.77741,33.80925],[-81.77597,33.80899],[-81.77389,33.80673],[-81.76959,33.80447],[-81.76793,33.80447],[-81.76555,33.803],[-81.76127,33.80335],[-81.76133,33.8027],[-81.76076,33.80212],[-81.76101,33.80126],[-81.75892,33.79774],[-81.75886,33.7964],[-81.75795,33.79594],[-81.7563,33.79387],[-81.75635,33.79115],[-81.74983,33.78784],[-81.74681,33.78685],[-81.74546,33.78546],[-81.74241,33.78412],[-81.73772,33.78379],[-81.73655,33.78177],[-81.73712,33.7791],[-81.73572,33.77767],[-81.72989,33.77697],[-81.72758,33.77721],[-81.72627,33.77743],[-81.72567,33.7782],[-81.72332,33.7793],[-81.71984,33.7782],[-81.7159,33.77817],[-81.70837,33.77467],[-81.70418,33.77433],[-81.70389,33.77386],[-81.7044,33.77277],[-81.70257,33.77171],[-81.70094,33.76948],[-81.69943,33.76877],[-81.69881,33.76597],[-81.69638,33.76495],[-81.69414,33.76305],[-81.69203,33.76298],[-81.69128,33.76338],[-81.69042,33.76263],[-81.69,33.76137],[-81.69084,33.75969],[-81.69078,33.75835],[-81.68905,33.75674],[-81.68797,33.75467],[-81.68544,33.75432],[-81.68291,33.75225],[-81.68181,33.75024],[-81.67899,33.75],[-81.67807,33.74798],[-81.67653,33.74703],[-81.67649,33.74627],[-81.67775,33.74553],[-81.67758,33.74445],[-81.67467,33.74405],[-81.67301,33.74262],[-81.67227,33.74317],[-81.67223,33.74395],[-81.66989,33.74392],[-81.66757,33.7424],[-81.66401,33.74166],[-81.6622,33.73817],[-81.66357,33.73744],[-81.66396,33.73615],[-81.66371,33.73499],[-81.66293,33.73459],[-81.66236,33.73351],[-81.66053,33.7327],[-81.66005,33.73169],[-81.65889,33.73113],[-81.65871,33.73042],[-81.65616,33.72778],[-81.65364,33.72625],[-81.65212,33.72469],[-81.65108,33.72491],[-81.65058,33.72443],[-81.65025,33.72485],[-81.64978,33.7241],[-81.64932,33.72467],[-81.64913,33.7238],[-81.64803,33.72371],[-81.64688,33.72277],[-81.64679,33.72214],[-81.64611,33.72208],[-81.64645,33.72159],[-81.64615,33.72108],[-81.6468,33.72047],[-81.6462,33.72042],[-81.64674,33.71979],[-81.64617,33.71994],[-81.64617,33.71918],[-81.64563,33.71927],[-81.6458,33.71845],[-81.64529,33.71867],[-81.64516,33.71803],[-81.64462,33.71814],[-81.64473,33.71767],[-81.64417,33.71791],[-81.64417,33.71744],[-81.64315,33.71693],[-81.6426,33.71733],[-81.64275,33.71669],[-81.64229,33.71682],[-81.6426,33.71646],[-81.642,33.71643],[-81.64219,33.7158],[-81.6416,33.71581],[-81.64168,33.71522],[-81.64114,33.71533],[-81.64133,33.71477],[-81.64076,33.71493],[-81.64081,33.71434],[-81.64023,33.71473],[-81.63999,33.71402],[-81.63956,33.71432],[-81.63929,33.7137],[-81.639,33.71409],[-81.63808,33.71306],[-81.63678,33.71295],[-81.63625,33.71197],[-81.6356,33.71208],[-81.63568,33.71087],[-81.63499,33.71066],[-81.63557,33.71041],[-81.63501,33.71016],[-81.63555,33.70966],[-81.63499,33.70949],[-81.63537,33.70904],[-81.63467,33.70898],[-81.63506,33.70837],[-81.63455,33.70844],[-81.63471,33.70789],[-81.6342,33.70801],[-81.63419,33.70705],[-81.6322,33.70687],[-81.63179,33.70633],[-81.63138,33.70672],[-81.63123,33.70604],[-81.63082,33.70642],[-81.62994,33.70566],[-81.62957,33.70612],[-81.62958,33.70535],[-81.6292,33.70523],[-81.62895,33.70589],[-81.62868,33.70511],[-81.62821,33.70559],[-81.62786,33.70508],[-81.62734,33.70566],[-81.62685,33.70529],[-81.62642,33.70589],[-81.62605,33.70527],[-81.62547,33.70595],[-81.62434,33.70478],[-81.62393,33.70512],[-81.62295,33.70423],[-81.6218,33.70432],[-81.62111,33.70336],[-81.62158,33.70256],[-81.62083,33.70206],[-81.62058,33.70115],[-81.61958,33.7008],[-81.62005,33.70023],[-81.61875,33.69939],[-81.61881,33.69886],[-81.61806,33.69858],[-81.61792,33.6979],[-81.61564,33.69685],[-81.616,33.69671],[-81.61545,33.69625],[-81.61592,33.69568],[-81.61417,33.69503],[-81.61429,33.69446],[-81.61375,33.69471],[-81.61332,33.69413],[-81.61275,33.6945],[-81.61199,33.69367],[-81.61221,33.69337],[-81.61056,33.69186],[-81.60964,33.69129],[-81.60846,33.69145],[-81.60758,33.69029],[-81.60699,33.69068],[-81.60567,33.69012],[-81.60459,33.68827],[-81.60371,33.68829],[-81.60332,33.68771],[-81.60361,33.68701],[-81.60278,33.68654],[-81.60231,33.68542],[-81.6032,33.6841],[-81.60275,33.68273],[-81.60305,33.68234],[-81.60234,33.68195],[-81.60283,33.68108],[-81.60223,33.68001],[-81.6027,33.67974],[-81.60204,33.67868],[-81.6027,33.67721],[-81.60047,33.67573],[-81.59892,33.67347],[-81.59783,33.67312],[-81.59665,33.67348],[-81.59531,33.67279],[-81.59465,33.67156],[-81.59266,33.6709],[-81.5921,33.66932],[-81.59133,33.66966],[-81.59105,33.66894],[-81.58893,33.66893],[-81.58909,33.66843],[-81.58853,33.66851],[-81.58866,33.66781],[-81.58772,33.66736],[-81.58755,33.66641],[-81.58609,33.66621],[-81.58609,33.66519],[-81.58534,33.66458],[-81.58476,33.66478],[-81.58428,33.66399],[-81.582,33.66348],[-81.58148,33.66379],[-81.58061,33.66302],[-81.57906,33.66351],[-81.57775,33.66182],[-81.57522,33.66077],[-81.57495,33.65966],[-81.57451,33.65994],[-81.57366,33.65948],[-81.57401,33.6588],[-81.57269,33.65711],[-81.57324,33.65655],[-81.57262,33.6526],[-81.57169,33.65209],[-81.57206,33.65136],[-81.57147,33.65129],[-81.57155,33.65072],[-81.57005,33.64997],[-81.56985,33.64897],[-81.56748,33.64815],[-81.5676,33.64689],[-81.5671,33.64683],[-81.5668,33.64597],[-81.56727,33.64586],[-81.56703,33.64542],[-81.56777,33.6443],[-81.56637,33.64145],[-81.5654,33.64118],[-81.56529,33.64007],[-81.56386,33.63971],[-81.56288,33.63779],[-81.56215,33.63767],[-81.56217,33.63632],[-81.56096,33.63585],[-81.56069,33.63424],[-81.55995,33.63426],[-81.56017,33.63355],[-81.55946,33.63249],[-81.56003,33.63209],[-81.55891,33.63186],[-81.55857,33.63032],[-81.55781,33.62931],[-81.5569,33.62845],[-81.55494,33.62789],[-81.55429,33.62611],[-81.55483,33.62539],[-81.55422,33.62503],[-81.55475,33.62443],[-81.55393,33.62313],[-81.55453,33.62301],[-81.55445,33.62226],[-81.55316,33.62145],[-81.55345,33.62105],[-81.55293,33.62027],[-81.55389,33.61966],[-81.5538,33.61724],[-81.55249,33.61584],[-81.55184,33.61593],[-81.55171,33.61544],[-81.54959,33.61419],[-81.5502,33.6131],[-81.54864,33.61182],[-81.54928,33.61158],[-81.5491,33.61116],[-81.54828,33.61119],[-81.54802,33.61025],[-81.54687,33.60919],[-81.54531,33.60908],[-81.5448,33.6083],[-81.54369,33.608],[-81.54395,33.60738],[-81.54333,33.60644],[-81.54351,33.60571],[-81.54261,33.60577],[-81.5421,33.60506],[-81.5423,33.60449],[-81.54159,33.60427],[-81.54234,33.60171],[-81.54137,33.60148],[-81.54154,33.60084],[-81.54088,33.6008],[-81.54102,33.5998],[-81.54035,33.5992],[-81.53915,33.59955],[-81.53869,33.59908],[-81.5389,33.59811],[-81.53787,33.59735],[-81.53741,33.59548],[-81.5342,33.59369],[-81.5336,33.59275],[-81.53142,33.59142],[-81.53124,33.59078],[-81.53017,33.59097],[-81.53023,33.5898],[-81.52895,33.5892],[-81.5291,33.58854],[-81.52864,33.58797],[-81.52638,33.58784],[-81.52533,33.58666],[-81.52479,33.58685],[-81.52332,33.58595],[-81.52318,33.58513],[-81.52391,33.58515],[-81.52359,33.58451],[-81.52315,33.58476],[-81.5231,33.58426],[-81.52221,33.58385],[-81.52262,33.58362],[-81.52214,33.58305],[-81.52114,33.58293],[-81.52122,33.58169],[-81.52002,33.58142],[-81.52006,33.58034],[-81.51915,33.58023],[-81.51909,33.57949],[-81.51983,33.57942],[-81.51941,33.57853],[-81.5186,33.57803],[-81.5182,33.57826],[-81.51793,33.5777],[-81.51745,33.57796],[-81.51635,33.57642],[-81.51551,33.57628],[-81.5156,33.57584],[-81.51429,33.57601],[-81.51399,33.57439],[-81.5103,33.57362],[-81.50948,33.5725],[-81.50854,33.57285],[-81.50696,33.57244],[-81.50573,33.57123],[-81.50581,33.57067],[-81.50427,33.56942],[-81.50435,33.56873],[-81.50353,33.56853],[-81.50364,33.56761],[-81.50278,33.5676],[-81.50255,33.56676],[-81.50178,33.56638],[-81.50203,33.56569],[-81.50084,33.5657],[-81.50035,33.56527],[-81.49974,33.56567],[-81.49958,33.56512],[-81.49896,33.56518],[-81.49943,33.56437],[-81.49858,33.56412],[-81.49838,33.56333],[-81.49799,33.56409],[-81.49767,33.5635],[-81.49682,33.56365],[-81.49679,33.56299],[-81.49545,33.56225],[-81.49552,33.56153],[-81.49481,33.56182],[-81.49468,33.56121],[-81.49405,33.56103],[-81.49363,33.56151],[-81.49315,33.56067],[-81.49244,33.56129],[-81.49176,33.56053],[-81.4914,33.56094],[-81.4906,33.5603],[-81.48987,33.56052],[-81.48899,33.5595],[-81.4893,33.55928],[-81.48838,33.55902],[-81.48849,33.55853],[-81.48793,33.55809],[-81.48637,33.55825],[-81.48595,33.55729],[-81.48502,33.55708],[-81.4856,33.55653],[-81.48335,33.55531],[-81.48311,33.55447],[-81.48244,33.55464],[-81.48265,33.55343],[-81.48223,33.55246],[-81.48266,33.55209],[-81.48233,33.55144],[-81.48155,33.55149],[-81.48135,33.55072],[-81.47947,33.55093],[-81.47906,33.55056],[-81.4784,33.55131],[-81.4767,33.55016],[-81.47643,33.55063],[-81.47452,33.55034],[-81.47438,33.54943],[-81.47326,33.54925],[-81.47364,33.54839],[-81.47267,33.54811],[-81.47216,33.54717],[-81.47079,33.54713],[-81.47,33.54554],[-81.46914,33.54602],[-81.46846,33.54501],[-81.46762,33.54477],[-81.46803,33.54421],[-81.46667,33.54451],[-81.46418,33.54189],[-81.46308,33.54192],[-81.46317,33.54143],[-81.46239,33.54087],[-81.46141,33.54122],[-81.45988,33.53826],[-81.45921,33.5382],[-81.45889,33.53886],[-81.45799,33.53902],[-81.45798,33.53857],[-81.45728,33.53882],[-81.4567,33.53819],[-81.45528,33.53789],[-81.45576,33.53744],[-81.45416,33.5372],[-81.45378,33.53773],[-81.4529,33.53722],[-81.45285,33.5379],[-81.45197,33.53766],[-81.45128,33.53826],[-81.45013,33.53761],[-81.44964,33.53811],[-81.44973,33.53904],[-81.44912,33.53857],[-81.44863,33.53969],[-81.44811,33.53929],[-81.44761,33.53971],[-81.44657,33.53918],[-81.44562,33.53941],[-81.44464,33.53873],[-81.44408,33.53895],[-81.4438,33.53855],[-81.44292,33.53888],[-81.44254,33.53784],[-81.44071,33.53855],[-81.43936,33.53719],[-81.43865,33.53766],[-81.43827,33.53731],[-81.43801,33.53797],[-81.43699,33.53754],[-81.43749,33.53689],[-81.43508,33.5369],[-81.43617,33.53615],[-81.43484,33.53558],[-81.43453,33.5342],[-81.43373,33.53431],[-81.43344,33.53333],[-81.43405,33.53324],[-81.4335,33.5326],[-81.43411,33.53198],[-81.43387,33.53149],[-81.43242,33.53142],[-81.42939,33.53013],[-81.42873,33.5304],[-81.42859,33.52961],[-81.42773,33.52956],[-81.4275,33.52902],[-81.42664,33.52936],[-81.42657,33.52835],[-81.42494,33.52869],[-81.42481,33.52768],[-81.42416,33.52771],[-81.4245,33.52726],[-81.42339,33.52721],[-81.4228,33.52661],[-81.42317,33.52628],[-81.42276,33.52562],[-81.42039,33.52534],[-81.42052,33.52433],[-81.41877,33.52511],[-81.41847,33.52486],[-81.41883,33.52445],[-81.41827,33.52414],[-81.41789,33.52466],[-81.41646,33.524],[-81.41493,33.52471],[-81.41314,33.52296],[-81.41365,33.52235],[-81.412,33.52175],[-81.41248,33.52131],[-81.41147,33.52129],[-81.4104,33.5203],[-81.40898,33.52005],[-81.40928,33.51958],[-81.40873,33.51934],[-81.40897,33.51871],[-81.40345,33.51839],[-81.40268,33.51761],[-81.4013,33.51797],[-81.40019,33.51692],[-81.39965,33.5175],[-81.3987,33.51652],[-81.3993,33.51603],[-81.39876,33.51543],[-81.39887,33.51486],[-81.39763,33.51357],[-81.39825,33.51291],[-81.39745,33.51283],[-81.39717,33.51219],[-81.39796,33.51205],[-81.39786,33.51167],[-81.39616,33.51176],[-81.39676,33.51222],[-81.39537,33.51283],[-81.39444,33.51196],[-81.39471,33.51141],[-81.39411,33.51143],[-81.39421,33.51083],[-81.39282,33.51015],[-81.39333,33.5099],[-81.39305,33.50891],[-81.39355,33.5088],[-81.39295,33.50844],[-81.39377,33.50798],[-81.39284,33.50802],[-81.39328,33.50736],[-81.39248,33.5073],[-81.39306,33.50637],[-81.39239,33.50615],[-81.39229,33.50556],[-81.39092,33.50529],[-81.39211,33.5045],[-81.39197,33.50299],[-81.39133,33.50299],[-81.38965,33.50124],[-81.38869,33.50096],[-81.38915,33.50024],[-81.38785,33.49978],[-81.38662,33.50027],[-81.38696,33.49881],[-81.38503,33.49717],[-81.38372,33.49724],[-81.3826,33.49644],[-81.3808,33.49654],[-81.38093,33.49566],[-81.3782,33.4948],[-81.37726,33.49543],[-81.37586,33.49465],[-81.37586,33.49301],[-81.37444,33.49283],[-81.37489,33.4925],[-81.37442,33.49197],[-81.37462,33.49095],[-81.37182,33.49041],[-81.3713,33.48936],[-81.36962,33.48912],[-81.36788,33.48968],[-81.3671,33.48868],[-81.36609,33.48856],[-81.36608,33.48787],[-81.36482,33.48853],[-81.36406,33.48822],[-81.36383,33.48863],[-81.36181,33.4878],[-81.3619,33.48729],[-81.36134,33.48717],[-81.36208,33.48644],[-81.36112,33.48495],[-81.36051,33.48525],[-81.35989,33.48473],[-81.35717,33.48484],[-81.3568,33.48547],[-81.35582,33.48396],[-81.35528,33.48421],[-81.35557,33.48467],[-81.35497,33.48525],[-81.3543,33.48436],[-81.35239,33.48496],[-81.35262,33.48427],[-81.35231,33.48419],[-81.35168,33.48472],[-81.3507,33.48418],[-81.34917,33.48498],[-81.34875,33.48359],[-81.34855,33.48433],[-81.34763,33.48422],[-81.3478,33.4835],[-81.34694,33.48368],[-81.34543,33.48295],[-81.34567,33.48198],[-81.3446,33.48171],[-81.34443,33.48087],[-81.34375,33.48148],[-81.34321,33.48132],[-81.34347,33.48221],[-81.3426,33.48138],[-81.34214,33.48183],[-81.34163,33.48145],[-81.34135,33.48207],[-81.34083,33.4815],[-81.34024,33.48164],[-81.34037,33.4801],[-81.33957,33.4807],[-81.33884,33.48057],[-81.33911,33.4812],[-81.33674,33.4806],[-81.3362,33.48121],[-81.33394,33.48027],[-81.3343,33.48115],[-81.33388,33.4815],[-81.33352,33.48096],[-81.33274,33.48109],[-81.33246,33.4802],[-81.33027,33.48023],[-81.32926,33.48074],[-81.32922,33.48126],[-81.32689,33.4815],[-81.32642,33.48208],[-81.3259,33.48166],[-81.32455,33.48207],[-81.32487,33.4828],[-81.32383,33.48236],[-81.32252,33.48305],[-81.32188,33.48233],[-81.31976,33.48146],[-81.31891,33.48209],[-81.31912,33.48097],[-81.31828,33.48151],[-81.31712,33.48111],[-81.3172,33.48046],[-81.31655,33.48008],[-81.31596,33.48064],[-81.31498,33.48039],[-81.31434,33.47924],[-81.31342,33.47943],[-81.31317,33.47835],[-81.31142,33.47829],[-81.31043,33.4793],[-81.30897,33.47894],[-81.30729,33.47979],[-81.30625,33.47968],[-81.3057,33.48085],[-81.30498,33.47967],[-81.3042,33.48029],[-81.30304,33.47992],[-81.30205,33.48095],[-81.30204,33.48004],[-81.30131,33.48016],[-81.30098,33.47966],[-81.30036,33.48003],[-81.29933,33.47913],[-81.299,33.48021],[-81.29844,33.48021],[-81.29854,33.47944],[-81.29792,33.47994],[-81.29759,33.47953],[-81.29708,33.47987],[-81.29632,33.47817],[-81.29565,33.47802],[-81.29505,33.47695],[-81.2943,33.47691],[-81.29428,33.47543],[-81.29266,33.47504],[-81.29235,33.47406],[-81.29177,33.47407],[-81.29131,33.47473],[-81.2909,33.47393],[-81.29144,33.47346],[-81.28975,33.47245],[-81.28968,33.47173],[-81.28905,33.47199],[-81.28892,33.47051],[-81.28768,33.47054],[-81.28619,33.46967],[-81.28655,33.46794],[-81.28385,33.46872],[-81.28342,33.46823],[-81.28237,33.46829],[-81.28209,33.46769],[-81.28023,33.46835],[-81.27834,33.46638],[-81.27805,33.46506],[-81.27751,33.46514],[-81.27684,33.4644],[-81.27755,33.46432],[-81.27732,33.46321],[-81.2759,33.46276],[-81.27594,33.462],[-81.27467,33.46158],[-81.27452,33.46079],[-81.27317,33.46057],[-81.27328,33.46008],[-81.27479,33.46028],[-81.27494,33.45972],[-81.27332,33.45886],[-81.27266,33.4597],[-81.27131,33.45973],[-81.27079,33.45948],[-81.27117,33.45873],[-81.26921,33.45883],[-81.2691,33.45812],[-81.26819,33.4578],[-81.26839,33.45685],[-81.26911,33.4569],[-81.26894,33.45651],[-81.2674,33.45526],[-81.26639,33.45546],[-81.26548,33.455],[-81.26618,33.4543],[-81.26545,33.45421],[-81.26469,33.45295],[-81.26337,33.45356],[-81.26368,33.45295],[-81.26289,33.45272],[-81.26354,33.4518],[-81.26201,33.45217],[-81.26183,33.45159],[-81.26069,33.45228],[-81.25983,33.45223],[-81.25967,33.45183],[-81.26057,33.45176],[-81.26086,33.45103],[-81.2594,33.45017],[-81.25952,33.45088],[-81.25838,33.45126],[-81.25772,33.44991],[-81.25596,33.44992],[-81.25654,33.44903],[-81.2549,33.44771],[-81.25404,33.44777],[-81.25356,33.44618],[-81.25216,33.44556],[-81.25085,33.44563],[-81.2499,33.44491],[-81.24891,33.44539],[-81.24781,33.44393],[-81.24722,33.44433],[-81.24701,33.44383],[-81.24619,33.44394],[-81.24643,33.44308],[-81.24609,33.44263],[-81.24538,33.44305],[-81.24351,33.44241],[-81.24365,33.44179],[-81.24319,33.44125],[-81.2428,33.44137],[-81.24325,33.44185],[-81.24302,33.44219],[-81.23988,33.44163],[-81.23975,33.44231],[-81.23826,33.44275],[-81.23661,33.44094],[-81.23654,33.44171],[-81.23597,33.442],[-81.23647,33.44253],[-81.23591,33.44295],[-81.23543,33.44286],[-81.2356,33.4423],[-81.23471,33.44251],[-81.23468,33.44213],[-81.23397,33.44203],[-81.23326,33.44246],[-81.23321,33.44308],[-81.2326,33.44285],[-81.23112,33.44057],[-81.23008,33.44022],[-81.22876,33.44005],[-81.22686,33.44108],[-81.22586,33.44045],[-81.22528,33.44104],[-81.22425,33.44043],[-81.22227,33.4412],[-81.22275,33.44004],[-81.22147,33.43902],[-81.2202,33.43968],[-81.21979,33.43903],[-81.21881,33.43891],[-81.2189,33.43829],[-81.21523,33.43835],[-81.21514,33.43899],[-81.21209,33.43906],[-81.21031,33.43795],[-81.20949,33.43854],[-81.20742,33.4377],[-81.20668,33.43786],[-81.20456,33.43555],[-81.20391,33.43451],[-81.2041,33.43406],[-81.20319,33.43369],[-81.20299,33.43241],[-81.20122,33.43204],[-81.20121,33.43147],[-81.19981,33.43014],[-81.19958,33.42889],[-81.2,33.42857],[-81.19945,33.42717],[-81.19855,33.42702],[-81.19855,33.42571],[-81.19793,33.42463],[-81.1985,33.42138],[-81.19736,33.42069],[-81.19762,33.42024],[-81.19689,33.42016],[-81.19706,33.41943],[-81.19625,33.41982],[-81.19565,33.41899],[-81.19466,33.41908],[-81.19391,33.4184],[-81.19256,33.41875],[-81.19199,33.41845],[-81.19251,33.41787],[-81.19176,33.41734],[-81.19106,33.4157],[-81.19117,33.41407],[-81.1903,33.41325],[-81.1907,33.41296],[-81.18891,33.41114],[-81.18825,33.41145],[-81.18788,33.41079],[-81.18694,33.41083],[-81.18578,33.41008],[-81.18576,33.41077],[-81.18447,33.40987],[-81.18263,33.41061],[-81.1815,33.41005],[-81.18097,33.41051],[-81.18073,33.40995],[-81.17985,33.41047],[-81.1783,33.41052],[-81.177,33.41018],[-81.17722,33.40962],[-81.17579,33.4092],[-81.17521,33.40982],[-81.17399,33.40848],[-81.1734,33.40875],[-81.17197,33.40804],[-81.17108,33.4089],[-81.16792,33.40843],[-81.16793,33.40904],[-81.16714,33.40859],[-81.16697,33.4093],[-81.16554,33.40832],[-81.16525,33.40901],[-81.16465,33.40868],[-81.16437,33.40925],[-81.16388,33.40922],[-81.16397,33.40866],[-81.16311,33.4078],[-81.16134,33.40727],[-81.16187,33.40602],[-81.15963,33.40574],[-81.15723,33.40632],[-81.15692,33.40476],[-81.15561,33.40498],[-81.15421,33.40362],[-81.15325,33.40403],[-81.15196,33.4025],[-81.15109,33.40349],[-81.1503,33.40352],[-81.14989,33.40148],[-81.15041,33.40087],[-81.14819,33.40036],[-81.14748,33.40106],[-81.14734,33.39947],[-81.14612,33.3998],[-81.14471,33.39895],[-81.14419,33.39939],[-81.14368,33.39815],[-81.14308,33.3988],[-81.14206,33.3975],[-81.14008,33.39734],[-81.1386,33.39636],[-81.13828,33.39545],[-81.13751,33.39585],[-81.1357,33.39392],[-81.13451,33.39407],[-81.13269,33.3935],[-81.13185,33.39223],[-81.13235,33.39162],[-81.13137,33.39094],[-81.13065,33.39106],[-81.13145,33.39022],[-81.13048,33.3897],[-81.13058,33.38902],[-81.12768,33.3883],[-81.1259,33.38886],[-81.12565,33.38819],[-81.12416,33.38874],[-81.12466,33.38798],[-81.12351,33.3882],[-81.12275,33.3876],[-81.12326,33.3872],[-81.12301,33.3869],[-81.12175,33.38721],[-81.12164,33.38658],[-81.12049,33.38664],[-81.11985,33.38607],[-81.1191,33.38669],[-81.11929,33.38495],[-81.11832,33.38379],[-81.11739,33.38352],[-81.11715,33.3846],[-81.11664,33.38322],[-81.1149,33.38363],[-81.11547,33.38273],[-81.1139,33.38178],[-81.1123,33.38188],[-81.11162,33.38086],[-81.11013,33.38137],[-81.11018,33.38043],[-81.10912,33.38105],[-81.10675,33.37963],[-81.10508,33.38015],[-81.10539,33.37921],[-81.10384,33.37885],[-81.10326,33.37937],[-81.10191,33.37849],[-81.10042,33.37841],[-81.10005,33.37932],[-81.09949,33.3783],[-81.09721,33.37931],[-81.09631,33.37873],[-81.09151,33.37854],[-81.09036,33.37744],[-81.08937,33.37806],[-81.08981,33.37905],[-81.08868,33.37963],[-81.08818,33.37839],[-81.08865,33.37708],[-81.08738,33.37714],[-81.08728,33.37637],[-81.08547,33.3753],[-81.07853,33.37513],[-81.0774,33.37354],[-81.07557,33.37365],[-81.07561,33.37273],[-81.07475,33.372],[-81.07488,33.37057],[-81.07381,33.37021],[-81.07411,33.36863],[-81.0731,33.36773],[-81.07175,33.36762],[-81.07235,33.36692],[-81.0718,33.3659],[-81.07054,33.36655],[-81.06825,33.36592],[-81.06801,33.36518],[-81.06719,33.36544],[-81.06709,33.36453],[-81.06569,33.36349],[-81.06565,33.36283],[-81.0647,33.362],[-81.06398,33.36201],[-81.06477,33.3614],[-81.0637,33.36104],[-81.06301,33.35954],[-81.06011,33.35958],[-81.05864,33.35775],[-81.0586,33.35849],[-81.05807,33.35862],[-81.0577,33.35765],[-81.05677,33.35747],[-81.05696,33.35688],[-81.05807,33.3569],[-81.05801,33.35639],[-81.05613,33.35642],[-81.05556,33.35519],[-81.05614,33.35484],[-81.05547,33.35402],[-81.05471,33.35378],[-81.05443,33.35442],[-81.05387,33.35353],[-81.05305,33.35366],[-81.05086,33.35104],[-81.05009,33.3512],[-81.04926,33.35064],[-81.04903,33.35123],[-81.04828,33.35114],[-81.04806,33.35051],[-81.04865,33.35013],[-81.0481,33.34914],[-81.04655,33.35012],[-81.04669,33.34885],[-81.04593,33.34835],[-81.04509,33.34858],[-81.04474,33.34798],[-81.04405,33.34832],[-81.04334,33.34804],[-81.0432,33.34861],[-81.04253,33.34808],[-81.04163,33.34817],[-81.04091,33.34704],[-81.04049,33.34868],[-81.03989,33.34922],[-81.03942,33.3493],[-81.03932,33.34872],[-81.03851,33.34844],[-81.03852,33.34939],[-81.03644,33.34937],[-81.03594,33.34901],[-81.03606,33.34826],[-81.03411,33.34756],[-81.035,33.34706],[-81.03449,33.34622],[-81.03387,33.34696],[-81.03266,33.34654],[-81.03158,33.34865],[-81.03086,33.34881],[-81.03048,33.34762],[-81.02951,33.34753],[-81.02934,33.34688],[-81.028,33.346],[-81.02867,33.34547],[-81.02832,33.34472],[-81.02738,33.34524],[-81.02752,33.34288],[-81.026,33.34321],[-81.02587,33.34152],[-81.02544,33.34117],[-81.02645,33.34123],[-81.02656,33.34063],[-81.02506,33.34029],[-81.02454,33.33874],[-81.02249,33.33825],[-81.02204,33.33895],[-81.02067,33.33842],[-81.02028,33.33729],[-81.0195,33.3377],[-81.01833,33.33698],[-81.01643,33.33758],[-81.01567,33.33689],[-81.0148,33.33744],[-81.01492,33.33809],[-81.01391,33.33756],[-81.01409,33.3382],[-81.01365,33.33865],[-81.01241,33.3378],[-81.01193,33.33817],[-81.01126,33.33778],[-81.01053,33.33564],[-81.00887,33.33602],[-81.00896,33.33513],[-81.00797,33.33489],[-81.00758,33.334],[-81.00615,33.33496],[-81.00678,33.33668],[-81.00494,33.33646],[-81.00395,33.33457],[-81.00302,33.33465],[-81.00352,33.33402],[-81.00283,33.33343],[-81.00277,33.33218],[-81.00165,33.33217],[-81.00079,33.33072],[-80.99868,33.33136],[-80.99945,33.33065],[-80.99864,33.33019],[-81.00001,33.32974],[-80.99993,33.32925],[-80.99879,33.32914],[-80.99808,33.3297],[-80.99626,33.32878],[-80.99507,33.32902],[-80.99507,33.32767],[-80.99385,33.32719],[-80.99351,33.32831],[-80.99249,33.32738],[-80.99188,33.32752],[-80.99257,33.32914],[-80.99145,33.32981],[-80.99124,33.32917],[-80.99033,33.3291],[-80.98897,33.32803],[-80.98534,33.32702],[-80.98564,33.32591],[-80.985,33.32452],[-80.98372,33.32496],[-80.98303,33.32386],[-80.98016,33.32275],[-80.98038,33.32192],[-80.98194,33.32144],[-80.97949,33.31956],[-80.98013,33.31851],[-80.9799,33.31813],[-80.97928,33.31817],[-80.97846,33.31915],[-80.97711,33.31834],[-80.97684,33.3194],[-80.97596,33.31744],[-80.97543,33.31803],[-80.97392,33.31748],[-80.97345,33.31828],[-80.9722,33.31793],[-80.97186,33.31892],[-80.96898,33.31797],[-80.96877,33.31871],[-80.96818,33.31869],[-80.96794,33.31683],[-80.96688,33.31646],[-80.96457,33.31338],[-80.96362,33.3134],[-80.96435,33.31249],[-80.96385,33.31089],[-80.96315,33.31085],[-80.9631,33.31178],[-80.96233,33.31155],[-80.96213,33.31028],[-80.96283,33.30948],[-80.96176,33.30909],[-80.96189,33.30807],[-80.96008,33.30922],[-80.9591,33.30881],[-80.95945,33.30978],[-80.95912,33.31006],[-80.95839,33.30975],[-80.95774,33.31014],[-80.9567,33.30918],[-80.9567,33.30838],[-80.95605,33.3093],[-80.95523,33.30912],[-80.95487,33.30959],[-80.95379,33.3087],[-80.95196,33.30821],[-80.95263,33.30766],[-80.95183,33.30755],[-80.94958,33.30818],[-80.94946,33.30923],[-80.94886,33.30944],[-80.94884,33.30785],[-80.94967,33.30676],[-80.95076,33.30672],[-80.95124,33.30545],[-80.95015,33.30527],[-80.94878,33.30605],[-80.94889,33.30679],[-80.94819,33.30689],[-80.94764,33.30648],[-80.94767,33.30603],[-80.94841,33.30588],[-80.94781,33.30468],[-80.94704,33.30487],[-80.94742,33.30585],[-80.94659,33.30641],[-80.94601,33.30584],[-80.94622,33.30463],[-80.94421,33.30504],[-80.94441,33.30575],[-80.94403,33.30592],[-80.94232,33.30389],[-80.94103,33.3034],[-80.94017,33.30381],[-80.94005,33.30279],[-80.93906,33.30189],[-80.93965,33.30125],[-80.93813,33.3008],[-80.93824,33.29976],[-80.93697,33.30035],[-80.93661,33.29969],[-80.93355,33.29799],[-80.9336,33.29732],[-80.93506,33.29698],[-80.93481,33.29609],[-80.93329,33.29679],[-80.93258,33.29589],[-80.93073,33.2952],[-80.92934,33.29574],[-80.93022,33.29446],[-80.93214,33.29434],[-80.93192,33.29285],[-80.93099,33.29318],[-80.93013,33.29277],[-80.92928,33.29331],[-80.92949,33.29197],[-80.92863,33.29101],[-80.92802,33.29106],[-80.92752,33.29217],[-80.92575,33.2904],[-80.92406,33.29014],[-80.92273,33.28894],[-80.92295,33.28852],[-80.92648,33.2879],[-80.92646,33.28707],[-80.92321,33.287],[-80.92274,33.28661],[-80.92338,33.28577],[-80.92303,33.28544],[-80.92183,33.28658],[-80.92006,33.28518],[-80.91909,33.28534],[-80.91945,33.28472],[-80.91847,33.28421],[-80.9188,33.28344],[-80.91708,33.2841],[-80.91669,33.28387],[-80.91703,33.28301],[-80.91574,33.28345],[-80.91648,33.28053],[-80.91546,33.2807],[-80.91488,33.28196],[-80.91333,33.28174],[-80.91328,33.28047],[-80.91194,33.28007],[-80.9135,33.2793],[-80.91337,33.27876],[-80.9124,33.27873],[-80.9109,33.27986],[-80.91014,33.27987],[-80.90981,33.27952],[-80.91004,33.27765],[-80.90916,33.27671],[-80.90855,33.27658],[-80.9078,33.27748],[-80.90634,33.27766],[-80.90625,33.27727],[-80.90744,33.2766],[-80.90738,33.27602],[-80.90595,33.27625],[-80.90333,33.27526],[-80.90351,33.27381],[-80.90252,33.27339],[-80.90353,33.27261],[-80.90197,33.2717],[-80.90187,33.27069],[-80.89935,33.27117],[-80.8992,33.27075],[-80.89999,33.27016],[-80.89964,33.26965],[-80.89842,33.27037],[-80.89743,33.26976],[-80.8966,33.2703],[-80.89573,33.26933],[-80.89577,33.26836],[-80.89534,33.26798],[-80.89412,33.26834],[-80.89362,33.26908],[-80.89262,33.26882],[-80.89226,33.2684],[-80.89251,33.26764],[-80.89187,33.26687],[-80.89245,33.2661],[-80.89146,33.26561],[-80.89086,33.26426],[-80.88913,33.26356],[-80.88731,33.26406]]]}},{"type":"Feature","properties":{"layer":"habitat","species":"Atlantic sturgeon","status":"Endangered","stage":"final","unit":"Unit 2 Combahee River and Salkehatchie River","source":"NOAA Fisheries"},"geometry":{"type":"MultiLineString","coordinates":[[[-80.48266,32.48809],[-80.49618,32.49567],[-80.5042,32.49898],[-80.50816,32.5016],[-80.51229,32.50581],[-80.51228,32.51045],[-80.51304,32.5139],[-80.51545,32.51797],[-80.51704,32.51974],[-80.52743,32.52206],[-80.53071,32.5239],[-80.5346,32.52707],[-80.53739,32.53234],[-80.53959,32.54369],[-80.54225,32.54605],[-80.54427,32.54985],[-80.54547,32.55375],[-80.54672,32.55548],[-80.54906,32.56345],[-80.55095,32.566],[-80.55285,32.56664],[-80.55442,32.56659],[-80.55716,32.5651],[-80.55804,32.56288],[-80.55831,32.55589],[-80.55946,32.55333],[-80.5622,32.55074],[-80.56574,32.55078],[-80.56781,32.5525],[-80.56825,32.55527],[-80.56712,32.55854],[-80.56445,32.56297],[-80.56431,32.56454],[-80.56506,32.56565],[-80.56625,32.56626],[-80.56807,32.5664],[-80.5734,32.56468],[-80.58276,32.56567],[-80.5839,32.56725],[-80.58403,32.56885],[-80.5832,32.5706],[-80.58055,32.57372],[-80.57649,32.57723],[-80.57545,32.57921],[-80.57584,32.58132],[-80.57999,32.58473],[-80.58324,32.58597],[-80.58775,32.58632],[-80.59106,32.58535],[-80.59822,32.58138],[-80.60106,32.58119],[-80.60376,32.58292],[-80.60693,32.58914],[-80.60812,32.58995],[-80.61013,32.5903],[-80.612,32.58986],[-80.61419,32.58832],[-80.61868,32.58267],[-80.62063,32.58169],[-80.62317,32.58156],[-80.62517,32.58229],[-80.62696,32.5842],[-80.62909,32.59016],[-80.63077,32.59218],[-80.6338,32.59333],[-80.64379,32.5943],[-80.64641,32.59543],[-80.6489,32.59748],[-80.65446,32.60579],[-80.65908,32.61126],[-80.66029,32.61374],[-80.66043,32.61558],[-80.65959,32.61773],[-80.65409,32.62364],[-80.6536,32.62531],[-80.654,32.62717],[-80.65681,32.62892],[-80.66001,32.62853],[-80.6675,32.62345],[-80.6706,32.62219],[-80.67356,32.62345],[-80.67575,32.62722],[-80.67565,32.63018],[-80.67499,32.63247],[-80.67312,32.63389],[-80.66969,32.63428],[-80.66168,32.63404],[-80.65922,32.63482],[-80.6583,32.6363],[-80.65799,32.63803],[-80.65834,32.64034],[-80.6592,32.64205],[-80.6621,32.64497],[-80.66379,32.64607],[-80.6655,32.64636],[-80.67561,32.6431],[-80.67837,32.64338],[-80.68059,32.64579],[-80.68233,32.65195],[-80.68438,32.65539],[-80.68427,32.6597],[-80.68342,32.66133],[-80.68211,32.66259],[-80.67886,32.6633],[-80.67231,32.66215],[-80.66911,32.66351],[-80.66789,32.66641],[-80.66785,32.66801],[-80.6693,32.67059],[-80.67071,32.67178],[-80.67243,32.67256],[-80.6761,32.67323],[-80.68566,32.67338],[-80.68741,32.67226],[-80.68917,32.66876],[-80.69046,32.66765],[-80.70345,32.66502],[-80.70534,32.6665],[-80.70523,32.67155],[-80.70605,32.67303],[-80.70818,32.67412],[-80.7129,32.67324],[-80.71559,32.67387],[-80.7168,32.67502],[-80.71706,32.67842],[-80.71785,32.67971],[-80.719,32.68046],[-80.72103,32.68062],[-80.72321,32.67996],[-80.72523,32.67802],[-80.72635,32.67525],[-80.72744,32.67436],[-80.72869,32.67415],[-80.7305,32.67484],[-80.73115,32.6783],[-80.73218,32.68047],[-80.73639,32.68256],[-80.73809,32.68292],[-80.73979,32.68229],[-80.74056,32.67894],[-80.74298,32.67712],[-80.74391,32.67527],[-80.74493,32.67465],[-80.74771,32.67507],[-80.75265,32.67452],[-80.75498,32.67603],[-80.75769,32.67928],[-80.75928,32.67985],[-80.76137,32.67861],[-80.76164,32.67699],[-80.7627,32.67598],[-80.76419,32.67553],[-80.76741,32.67582],[-80.76808,32.67648],[-80.76804,32.67761],[-80.76615,32.67882],[-80.76586,32.67955],[-80.76645,32.68084],[-80.76829,32.68163],[-80.76988,32.68101],[-80.77152,32.67677],[-80.77327,32.67621],[-80.77388,32.67657],[-80.774,32.6782],[-80.77467,32.67914],[-80.77823,32.68101],[-80.77829,32.6819],[-80.77697,32.68312],[-80.77641,32.68441],[-80.77673,32.68602],[-80.77799,32.68697],[-80.78003,32.68696],[-80.78078,32.68639],[-80.78105,32.68504],[-80.78061,32.68301],[-80.78126,32.68198],[-80.78291,32.68204],[-80.78339,32.68382],[-80.78425,32.68432],[-80.78542,32.68415],[-80.78718,32.68255],[-80.78806,32.68248],[-80.78896,32.68352],[-80.78682,32.68531],[-80.78654,32.68751],[-80.78725,32.68826],[-80.78888,32.68785],[-80.78941,32.68583],[-80.7909,32.68495],[-80.79231,32.68533],[-80.79082,32.68714],[-80.79166,32.68814],[-80.79284,32.68793],[-80.79484,32.6862],[-80.796,32.68686],[-80.79635,32.68831],[-80.79746,32.68854],[-80.79876,32.68682],[-80.79966,32.68657],[-80.80074,32.68729],[-80.80285,32.69144],[-80.80447,32.69136],[-80.80616,32.68915],[-80.80809,32.68985],[-80.80947,32.69249],[-80.80735,32.69427],[-80.80805,32.69478],[-80.80943,32.69428],[-80.81029,32.69449],[-80.81044,32.69661],[-80.81135,32.69758],[-80.81289,32.69718],[-80.81289,32.69533],[-80.81328,32.69484],[-80.81446,32.69596],[-80.81645,32.6958],[-80.8185,32.69862],[-80.82064,32.69767],[-80.82104,32.69622],[-80.8225,32.69659],[-80.82298,32.69755],[-80.82164,32.69885],[-80.8253,32.69972],[-80.8252,32.70025],[-80.82431,32.70072],[-80.82495,32.70153],[-80.82435,32.70207],[-80.82442,32.70264],[-80.82562,32.70307],[-80.82701,32.7049],[-80.82648,32.70658],[-80.82757,32.70709],[-80.82828,32.70853],[-80.83223,32.71149],[-80.83342,32.71166],[-80.83404,32.71107],[-80.8355,32.71161],[-80.83558,32.71219],[-80.83466,32.71311],[-80.8347,32.71415],[-80.83658,32.71569],[-80.83799,32.71532],[-80.84064,32.71659],[-80.84095,32.71904],[-80.84209,32.71937],[-80.8425,32.72005],[-80.84432,32.7198],[-80.84559,32.72036],[-80.84595,32.72113],[-80.84534,32.72169],[-80.84488,32.72343],[-80.84714,32.72399],[-80.84741,32.72577],[-80.84899,32.72603],[-80.84905,32.72645],[-80.8477,32.72757],[-80.84748,32.72879],[-80.84822,32.72934],[-80.84841,32.73031],[-80.84928,32.73031],[-80.84892,32.73106],[-80.85039,32.7321],[-80.84929,32.73495],[-80.85115,32.73609],[-80.85192,32.73736],[-80.85139,32.73843],[-80.85233,32.73959],[-80.8525,32.74082],[-80.85163,32.74266],[-80.85242,32.74459],[-80.85296,32.74506],[-80.8542,32.74475],[-80.85471,32.74509],[-80.85454,32.74557],[-80.85346,32.74558],[-80.85325,32.746],[-80.85398,32.74839],[-80.85472,32.74875],[-80.8554,32.74764],[-80.85658,32.74772],[-80.85711,32.7489],[-80.85677,32.75152],[-80.8581,32.75189],[-80.85885,32.75146],[-80.85991,32.7525],[-80.85916,32.75335],[-80.86013,32.7546],[-80.86003,32.75625],[-80.86127,32.75743],[-80.86084,32.75966],[-80.86388,32.76168],[-80.86257,32.76269],[-80.86272,32.76356],[-80.86217,32.76454],[-80.8639,32.76649],[-80.86452,32.76798],[-80.86611,32.76935],[-80.86554,32.77295],[-80.8675,32.77423],[-80.86626,32.77573],[-80.86814,32.77773],[-80.86862,32.77688],[-80.86946,32.77713],[-80.86926,32.77803],[-80.86979,32.7791],[-80.86926,32.78039],[-80.86958,32.78092],[-80.87045,32.78106],[-80.87015,32.78215],[-80.87178,32.78222],[-80.87194,32.7826],[-80.87102,32.7836],[-80.87259,32.7838],[-80.8735,32.78468],[-80.87201,32.78707],[-80.87338,32.78719],[-80.87415,32.78801],[-80.87575,32.78801],[-80.87619,32.78877],[-80.87697,32.78873],[-80.87765,32.79047],[-80.87931,32.79068],[-80.88087,32.79373],[-80.88206,32.7944],[-80.88271,32.7966],[-80.88359,32.79732],[-80.88326,32.79822],[-80.88439,32.79914],[-80.88382,32.80161],[-80.884,32.80288],[-80.88631,32.80621],[-80.88676,32.80887],[-80.88829,32.81019],[-80.88933,32.81307],[-80.88779,32.81505],[-80.88811,32.81614],[-80.88772,32.81731],[-80.88916,32.82336],[-80.89009,32.82397],[-80.89071,32.82525],[-80.89284,32.82666],[-80.89287,32.82835],[-80.89364,32.82997],[-80.896,32.83246],[-80.89656,32.83505],[-80.89828,32.83681],[-80.89932,32.83879],[-80.901,32.84061],[-80.90299,32.84121],[-80.90467,32.843],[-80.90806,32.84338],[-80.91176,32.84647],[-80.91528,32.84651],[-80.91624,32.84787],[-80.91655,32.85096],[-80.91743,32.85235],[-80.92022,32.85371],[-80.92309,32.85715],[-80.92511,32.85699],[-80.92655,32.85796],[-80.92809,32.85816],[-80.92837,32.86008],[-80.92885,32.86038],[-80.92859,32.86204],[-80.9308,32.86374],[-80.931,32.86478],[-80.93303,32.86604],[-80.93531,32.86675],[-80.93584,32.86643],[-80.93618,32.86696],[-80.93785,32.86707],[-80.93858,32.86756],[-80.93934,32.86901],[-80.93937,32.87022],[-80.9411,32.87212],[-80.94243,32.87276],[-80.94559,32.87648],[-80.947,32.87642],[-80.94987,32.87789],[-80.95103,32.87719],[-80.956,32.87627],[-80.95714,32.87647],[-80.95738,32.87605],[-80.95923,32.87682],[-80.95967,32.87899],[-80.96091,32.87982],[-80.96196,32.88203],[-80.96204,32.88419],[-80.96287,32.88409],[-80.96384,32.88553],[-80.96584,32.88659],[-80.96622,32.88811],[-80.9679,32.88939],[-80.96834,32.89048],[-80.9712,32.89127],[-80.9758,32.89675],[-80.97977,32.899],[-80.98105,32.90075],[-80.98104,32.90196],[-80.98263,32.90245],[-80.98818,32.90273],[-80.98911,32.90478],[-80.98882,32.90561],[-80.98952,32.90642],[-80.99038,32.91165],[-80.98999,32.91213],[-80.99013,32.91361],[-80.9916,32.91543],[-80.99471,32.91731],[-80.9944,32.91819],[-80.9951,32.91909],[-80.99436,32.92018],[-80.99681,32.92299],[-80.99709,32.92626],[-80.99792,32.92752],[-81.00037,32.92852],[-81.0003,32.92981],[-80.99933,32.93031],[-80.99935,32.93125],[-81.00017,32.93242],[-81.00141,32.93298],[-81.00175,32.93398],[-81.00254,32.93385],[-81.00404,32.9346],[-81.00572,32.93674],[-81.00804,32.93782],[-81.00854,32.93937],[-81.0097,32.94035],[-81.00985,32.9447],[-81.0111,32.9458],[-81.01082,32.94622],[-81.01147,32.94646],[-81.01173,32.94755],[-81.01277,32.94785],[-81.01407,32.9513],[-81.01347,32.95484],[-81.01517,32.95581],[-81.01554,32.95705],[-81.01976,32.95932],[-81.01971,32.96081],[-81.0209,32.96196],[-81.02047,32.96335],[-81.02071,32.96422],[-81.02292,32.9644],[-81.02541,32.9661],[-81.02703,32.96651],[-81.02808,32.96833],[-81.02777,32.96868],[-81.02824,32.96928],[-81.02845,32.9715],[-81.02963,32.97208],[-81.02957,32.97383],[-81.03042,32.97466],[-81.03199,32.97515],[-81.03274,32.97709],[-81.03462,32.97738],[-81.03542,32.97805],[-81.0363,32.9801],[-81.03752,32.98099],[-81.03779,32.98236],[-81.03912,32.9821],[-81.03995,32.98249],[-81.04068,32.98186],[-81.04105,32.98217],[-81.04143,32.98353],[-81.04068,32.98384],[-81.04022,32.98614],[-81.0406,32.98692],[-81.04133,32.98681],[-81.042,32.98731],[-81.04156,32.98817],[-81.04235,32.98932],[-81.04437,32.98992],[-81.04662,32.98909],[-81.04799,32.9894],[-81.04927,32.98909],[-81.05005,32.98801],[-81.0533,32.98963],[-81.05356,32.99065],[-81.05295,32.99146],[-81.05344,32.992],[-81.05315,32.99249],[-81.05442,32.99232],[-81.05428,32.9928],[-81.05494,32.99313],[-81.05487,32.99384],[-81.05534,32.99383],[-81.05569,32.99509],[-81.05487,32.99551],[-81.05477,32.99613],[-81.05564,32.99786],[-81.05491,32.99824],[-81.0543,32.99985],[-81.05555,33.00189],[-81.05654,33.00262],[-81.05781,33.00257],[-81.05866,33.00353],[-81.06272,33.00565],[-81.06356,33.00698],[-81.06396,33.00982],[-81.06363,33.0107],[-81.06454,33.01117],[-81.06466,33.01362],[-81.06901,33.01471],[-81.07049,33.01624],[-81.07076,33.01729],[-81.07221,33.01724],[-81.07482,33.01979],[-81.07583,33.01953],[-81.07688,33.02048],[-81.07773,33.02044],[-81.07843,33.02099],[-81.07899,33.02245],[-81.08053,33.02336],[-81.07983,33.02488],[-81.08269,33.0268],[-81.08326,33.02812],[-81.08606,33.03152],[-81.08668,33.03556],[-81.08832,33.03666],[-81.0881,33.03739],[-81.08997,33.03878],[-81.08998,33.03935],[-81.09207,33.03944],[-81.09192,33.04025],[-81.09478,33.04109],[-81.09505,33.04164],[-81.09462,33.04213],[-81.09562,33.04284],[-81.09539,33.04401],[-81.09692,33.04385],[-81.09678,33.04438],[-81.09738,33.04473],[-81.09717,33.04538],[-81.09794,33.04601],[-81.09817,33.04734],[-81.10151,33.04944],[-81.10797,33.04904],[-81.11112,33.05008],[-81.11337,33.04995],[-81.11437,33.05052],[-81.11569,33.04976],[-81.11825,33.05185],[-81.12162,33.05217],[-81.12439,33.0533],[-81.12632,33.05485],[-81.12856,33.05821],[-81.12869,33.05977],[-81.13156,33.06219],[-81.13218,33.06346],[-81.14511,33.07318],[-81.14614,33.07752],[-81.14914,33.0813],[-81.1532,33.08338],[-81.16121,33.09104],[-81.17133,33.09627],[-81.17199,33.09917],[-81.1739,33.10211],[-81.1757,33.10308],[-81.17688,33.1045],[-81.17775,33.10453],[-81.17863,33.10544],[-81.17954,33.1056],[-81.17918,33.10641],[-81.18014,33.10643],[-81.18116,33.1089],[-81.18344,33.11147],[-81.18465,33.11203],[-81.18612,33.11356],[-81.18757,33.11368],[-81.18789,33.1144],[-81.18923,33.11464],[-81.18885,33.11567],[-81.18983,33.11575],[-81.18921,33.11649],[-81.19055,33.11682],[-81.19179,33.11825],[-81.193,33.11857],[-81.19278,33.11959],[-81.19357,33.1195],[-81.19338,33.11986],[-81.19419,33.1201],[-81.1943,33.12083],[-81.19569,33.12109],[-81.19628,33.12277],[-81.19766,33.12367],[-81.19747,33.12457],[-81.1984,33.12687],[-81.2001,33.12711],[-81.20391,33.12933],[-81.20646,33.12978],[-81.20669,33.13067],[-81.20819,33.13161],[-81.20798,33.13218],[-81.20872,33.13264],[-81.2085,33.13325],[-81.21017,33.13388],[-81.20892,33.13592],[-81.20973,33.13647],[-81.20948,33.1371],[-81.21018,33.13697],[-81.21084,33.13883],[-81.21032,33.14037],[-81.21134,33.14107],[-81.21052,33.14194],[-81.21114,33.14224],[-81.21084,33.14284],[-81.21151,33.14368],[-81.21253,33.14392],[-81.21254,33.14437],[-81.21372,33.14504],[-81.2132,33.14586],[-81.21586,33.14725],[-81.21587,33.15024],[-81.21656,33.15072],[-81.21879,33.15086],[-81.21904,33.15161],[-81.22007,33.15197],[-81.22075,33.15377],[-81.22035,33.15394],[-81.22058,33.15457],[-81.22113,33.15468],[-81.22179,33.15574],[-81.22492,33.15682],[-81.22565,33.15642],[-81.22534,33.1579],[-81.22602,33.15892],[-81.22564,33.16028],[-81.22846,33.16075],[-81.22898,33.16167],[-81.23041,33.16197],[-81.23035,33.16244],[-81.23158,33.16303],[-81.23126,33.16415],[-81.23251,33.16415],[-81.23394,33.16347],[-81.238,33.16394],[-81.24013,33.1628],[-81.24344,33.16382],[-81.24414,33.16499],[-81.24527,33.16492],[-81.24511,33.16425],[-81.24569,33.16435],[-81.24717,33.16615],[-81.25035,33.16677],[-81.25131,33.16749],[-81.25286,33.16739],[-81.25305,33.16688],[-81.255,33.16632],[-81.25648,33.16806],[-81.25794,33.16874],[-81.25881,33.16841],[-81.25967,33.16906],[-81.261,33.16845],[-81.26239,33.16858],[-81.26379,33.16723],[-81.26615,33.16809],[-81.26694,33.16783],[-81.26806,33.16894],[-81.26907,33.16854],[-81.26928,33.16953],[-81.27044,33.16914],[-81.27085,33.17017],[-81.27165,33.17006],[-81.27265,33.17066],[-81.27388,33.17038],[-81.27327,33.16992],[-81.27496,33.16989],[-81.27526,33.17043],[-81.27723,33.16957],[-81.27911,33.16982],[-81.28092,33.17288],[-81.28347,33.17269],[-81.28326,33.1735],[-81.28487,33.17486],[-81.28658,33.17531],[-81.2862,33.17579],[-81.28689,33.17614],[-81.28682,33.17659],[-81.28724,33.1765],[-81.28704,33.17709],[-81.28826,33.17756],[-81.28801,33.17801],[-81.28951,33.17819],[-81.29027,33.17734],[-81.29089,33.17855],[-81.29221,33.17799],[-81.2934,33.17966],[-81.29457,33.1801],[-81.29432,33.18051],[-81.29525,33.18065],[-81.29517,33.18148],[-81.29584,33.18235],[-81.29734,33.18259],[-81.29804,33.18382],[-81.29902,33.18407],[-81.29883,33.18477],[-81.29953,33.18556],[-81.30043,33.18566],[-81.30078,33.18616],[-81.3015,33.18584],[-81.30291,33.18672],[-81.30298,33.18745],[-81.30522,33.19055],[-81.30615,33.19331],[-81.30657,33.19372],[-81.30816,33.19369],[-81.30881,33.19438],[-81.3083,33.19497],[-81.30864,33.19549],[-81.30972,33.19501],[-81.31036,33.19597],[-81.31131,33.1952],[-81.31181,33.19678],[-81.31534,33.19637],[-81.31988,33.19712],[-81.31977,33.19777],[-81.32081,33.19893],[-81.32297,33.19928],[-81.32578,33.20114],[-81.32805,33.20128],[-81.33039,33.20215],[-81.33184,33.2018],[-81.33244,33.20226],[-81.33397,33.20193],[-81.33833,33.2026],[-81.33929,33.20364],[-81.34041,33.20356],[-81.34169,33.20446],[-81.34491,33.20535],[-81.34505,33.20577],[-81.34646,33.20571],[-81.34917,33.20677],[-81.35086,33.20825],[-81.35234,33.2084],[-81.35357,33.20792],[-81.35641,33.20907],[-81.35716,33.20895],[-81.35805,33.20962],[-81.35901,33.2115],[-81.36153,33.21279],[-81.36416,33.21274],[-81.36532,33.21195],[-81.368,33.21283],[-81.36871,33.21356],[-81.3695,33.21326],[-81.37391,33.21405],[-81.37682,33.21539],[-81.37855,33.21678],[-81.37911,33.21671],[-81.3796,33.2186],[-81.38077,33.2202],[-81.38162,33.22039],[-81.38321,33.2222],[-81.38299,33.22253],[-81.38381,33.22321],[-81.38351,33.22387],[-81.38434,33.22508],[-81.38498,33.22482],[-81.38536,33.22596],[-81.38702,33.22622],[-81.3876,33.22758],[-81.38917,33.22823],[-81.39132,33.23019],[-81.39162,33.23098],[-81.39311,33.23106],[-81.397,33.23267],[-81.39827,33.23354],[-81.3993,33.23557],[-81.4024,33.23645],[-81.40422,33.23799],[-81.40591,33.23844],[-81.40651,33.2393],[-81.40772,33.23987],[-81.40859,33.24134],[-81.4084,33.24186],[-81.40925,33.24263],[-81.40931,33.24464],[-81.41137,33.24675],[-81.41185,33.24862],[-81.41306,33.24915],[-81.4129,33.25016],[-81.41356,33.25028],[-81.41482,33.25165],[-81.4161,33.25332],[-81.41636,33.25443],[-81.41726,33.25497],[-81.41738,33.25594],[-81.41914,33.2562],[-81.42095,33.25808],[-81.42066,33.25897],[-81.42141,33.25924],[-81.42112,33.25968],[-81.42224,33.26107],[-81.42264,33.26352],[-81.42392,33.26473],[-81.42423,33.26677],[-81.42494,33.26727],[-81.42568,33.26937],[-81.42543,33.27168],[-81.42649,33.27284],[-81.42627,33.27422],[-81.42774,33.27559],[-81.42824,33.27848],[-81.42968,33.28043],[-81.42977,33.28236],[-81.43041,33.28265],[-81.43066,33.28386],[-81.43014,33.28432],[-81.43071,33.28506],[-81.43041,33.28584],[-81.43192,33.28753],[-81.43191,33.28956],[-81.43268,33.29069]],[[-80.51995,32.51562],[-80.5086,32.48602],[-80.49021,32.48083],[-80.47388,32.4965]]]}},{"type":"Feature","properties":{"layer":"habitat","species":"Atlantic sturgeon","status":"Endangered","stage":"final","unit":"Unit 3 Savannah River, Back River, Middle River, Front River, Little Back River, South River, Steamboat River, and McCoy's Cut","source":"NOAA Fisheries"},"geometry":{"type":"MultiLineString","coordinates":[[[-80.88181,32.03507],[-80.89119,32.03464],[-80.89331,32.03518],[-80.89635,32.03426],[-80.89781,32.03516],[-80.9028,32.0359],[-80.90453,32.03555],[-80.91035,32.036],[-80.9137,32.03677],[-80.91637,32.03667],[-80.9194,32.03721],[-80.9218,32.03828],[-80.92473,32.04119],[-80.92834,32.04345],[-80.93856,32.05302],[-80.94137,32.05657],[-80.94418,32.05901],[-80.94758,32.06112],[-80.95562,32.06887],[-80.96254,32.07211],[-80.97061,32.07371],[-80.97195,32.07453],[-80.97988,32.07705],[-80.98454,32.08044],[-80.98772,32.08441],[-80.99168,32.0918],[-80.99348,32.09395],[-80.99918,32.09854],[-81.00233,32.10014],[-81.00661,32.101],[-81.00997,32.10083],[-81.01213,32.10016],[-81.01675,32.09721],[-81.0202,32.09335],[-81.02082,32.09147],[-81.02562,32.08745],[-81.03558,32.08465],[-81.04094,32.08378]],[[-80.88225,32.03928],[-80.8815,32.03234]],[[-81.04094,32.08378],[-81.04252,32.08174],[-81.04806,32.08019],[-81.05375,32.08024],[-81.06005,32.08105],[-81.06717,32.08046],[-81.07312,32.07907],[-81.07926,32.07974],[-81.0912,32.0831],[-81.09535,32.08522],[-81.10244,32.0925],[-81.11603,32.10317],[-81.11692,32.10482],[-81.11845,32.1053],[-81.12386,32.11247],[-81.12721,32.11483],[-81.12995,32.11751],[-81.13348,32.12229],[-81.13615,32.12761],[-81.13738,32.13125],[-81.14173,32.13637],[-81.14242,32.13822],[-81.14251,32.14033],[-81.14125,32.14321]],[[-81.14125,32.14321],[-81.13524,32.14299],[-81.13235,32.14456],[-81.13142,32.14621],[-81.13211,32.14908],[-81.13452,32.15215],[-81.13552,32.15439],[-81.13807,32.16464],[-81.1378,32.17]],[[-81.1378,32.17],[-81.14128,32.17231],[-81.14139,32.17402],[-81.14232,32.1761],[-81.14721,32.18011],[-81.14969,32.18041],[-81.15253,32.17939],[-81.15563,32.17898]],[[-81.15563,32.17898],[-81.15377,32.17617],[-81.1555,32.16914],[-81.15415,32.16195],[-81.15472,32.15866],[-81.15424,32.15699],[-81.15339,32.15496],[-81.15163,32.15314],[-81.14892,32.15205],[-81.14565,32.15143],[-81.14342,32.14949],[-81.14143,32.14672],[-81.14166,32.14471],[-81.14125,32.14321]],[[-81.15563,32.17898],[-81.15767,32.18032],[-81.15788,32.18233],[-81.15602,32.18427],[-81.15273,32.18632],[-81.15225,32.18694],[-81.1522,32.18837],[-81.15286,32.18985],[-81.15606,32.19128],[-81.15782,32.19278],[-81.15851,32.19381],[-81.15857,32.19491],[-81.15827,32.19557],[-81.15215,32.20034],[-81.15118,32.20263],[-81.15095,32.20597],[-81.14879,32.21047],[-81.14928,32.2126],[-81.15287,32.21813],[-81.15304,32.2208],[-81.15247,32.22185]],[[-81.13666,32.21296],[-81.13748,32.21106],[-81.14077,32.20814],[-81.14182,32.20447],[-81.14152,32.20128],[-81.1392,32.19789],[-81.13925,32.19671],[-81.13791,32.19418],[-81.13764,32.19147],[-81.13684,32.19029],[-81.13683,32.18829],[-81.13542,32.1838],[-81.13584,32.17945],[-81.13517,32.17743],[-81.13513,32.17537],[-81.13572,32.17326],[-81.1378,32.17]],[[-81.13666,32.21296],[-81.12805,32.20823],[-81.12502,32.20275],[-81.12325,32.20108],[-81.12258,32.19914],[-81.12265,32.19642],[-81.12198,32.19539],[-81.11925,32.19473],[-81.1176,32.1961],[-81.11621,32.19649],[-81.11468,32.19603],[-81.11378,32.19494],[-81.11393,32.19382],[-81.11486,32.19312],[-81.1198,32.19331],[-81.12138,32.19269],[-81.12201,32.19189],[-81.12161,32.19014],[-81.11881,32.1896],[-81.11793,32.18841],[-81.11821,32.18441],[-81.12021,32.18082],[-81.12066,32.17864],[-81.11991,32.17735],[-81.11663,32.17595],[-81.11539,32.17612],[-81.11313,32.17778],[-81.11104,32.17758],[-81.11038,32.1764],[-81.11065,32.1732],[-81.11215,32.17184],[-81.11565,32.17072],[-81.11698,32.17079],[-81.11849,32.17175],[-81.11842,32.17396],[-81.11886,32.17484],[-81.11987,32.17541],[-81.12077,32.17528],[-81.12804,32.16924],[-81.12952,32.16706],[-81.12977,32.16576],[-81.12949,32.16496],[-81.12846,32.16427],[-81.12487,32.16345],[-81.1226,32.16225],[-81.12222,32.16098],[-81.12231,32.15594],[-81.12043,32.15332],[-81.11877,32.15243],[-81.11426,32.15201],[-81.11235,32.15022],[-81.11292,32.1487],[-81.118,32.14622],[-81.12293,32.14035],[-81.12276,32.139],[-81.12075,32.1356],[-81.12034,32.13401],[-81.11531,32.12763],[-81.11525,32.12533],[-81.11742,32.11915],[-81.11714,32.11705],[-81.11613,32.11599],[-81.11048,32.11417],[-81.10904,32.1118],[-81.10796,32.11122],[-81.10583,32.10889],[-81.0945,32.10164],[-81.09174,32.10061],[-81.08422,32.0993],[-81.07543,32.09698],[-81.06617,32.09041],[-81.05877,32.08705],[-81.04381,32.08498],[-81.04094,32.08378]],[[-81.15247,32.22185],[-81.15,32.22101],[-81.14367,32.22176],[-81.13916,32.21972],[-81.1366,32.2158],[-81.13666,32.21296]],[[-81.15247,32.22185],[-81.15125,32.22285],[-81.14556,32.22489],[-81.1444,32.22643],[-81.14364,32.22927],[-81.14577,32.23235],[-81.15201,32.23601],[-81.15448,32.23866],[-81.15646,32.2424],[-81.15628,32.24501],[-81.15529,32.2463],[-81.15305,32.24779],[-81.14728,32.24949],[-81.14591,32.25073],[-81.14589,32.25198],[-81.148,32.25421],[-81.14813,32.2551],[-81.14745,32.25661],[-81.14474,32.25807],[-81.1448,32.25899],[-81.14664,32.26103],[-81.14632,32.26333],[-81.14463,32.26412],[-81.13937,32.26371],[-81.13801,32.26457],[-81.13693,32.26612],[-81.13793,32.2689],[-81.14168,32.27017],[-81.14224,32.27075],[-81.14211,32.27158],[-81.14142,32.27205],[-81.13604,32.27267],[-81.13513,32.2721],[-81.13431,32.27034],[-81.13318,32.26968],[-81.13253,32.27025],[-81.13194,32.27315],[-81.12941,32.27627],[-81.12746,32.27636],[-81.12452,32.27484],[-81.12344,32.2752],[-81.12303,32.27605],[-81.12328,32.27698],[-81.1264,32.27916],[-81.12729,32.28178],[-81.12693,32.28277],[-81.12598,32.28354],[-81.12224,32.28425],[-81.12047,32.28547],[-81.11963,32.28678],[-81.11955,32.28853],[-81.1207,32.29126],[-81.12321,32.29363],[-81.12392,32.2952],[-81.12381,32.29693],[-81.12256,32.29987],[-81.12209,32.30447],[-81.12267,32.30706],[-81.12524,32.30908],[-81.12697,32.30746],[-81.12857,32.30688],[-81.13172,32.30735],[-81.13302,32.30855],[-81.13246,32.31006],[-81.13039,32.31144],[-81.12978,32.3133],[-81.12991,32.31471],[-81.13117,32.31657],[-81.13163,32.31865],[-81.13074,32.32576],[-81.13176,32.32647],[-81.13393,32.32416],[-81.13555,32.32433],[-81.13654,32.3253],[-81.13802,32.32825],[-81.13723,32.32969],[-81.13596,32.3301],[-81.13477,32.33127],[-81.13281,32.33475],[-81.13139,32.33588],[-81.1293,32.33615],[-81.12884,32.33661],[-81.12849,32.33807],[-81.12934,32.34144],[-81.13091,32.34202],[-81.13248,32.34095],[-81.13419,32.34132],[-81.13542,32.3431],[-81.13936,32.34509],[-81.14137,32.35015],[-81.14207,32.35092],[-81.14386,32.35155],[-81.14695,32.35005],[-81.14794,32.34892],[-81.14757,32.34778],[-81.14533,32.34605],[-81.14533,32.34517],[-81.14955,32.34509],[-81.15154,32.34342],[-81.15203,32.34165],[-81.15274,32.34135],[-81.15513,32.34137],[-81.15815,32.33989],[-81.16,32.34048],[-81.1605,32.34168],[-81.15999,32.34286],[-81.15693,32.34255],[-81.15561,32.34332],[-81.15485,32.34662],[-81.15504,32.34833],[-81.15712,32.34954],[-81.1595,32.34953],[-81.16124,32.35031],[-81.16152,32.35155],[-81.16093,32.35315],[-81.16098,32.35525],[-81.16275,32.35683],[-81.16517,32.35733],[-81.16757,32.35875],[-81.16758,32.35979],[-81.16663,32.36088],[-81.16684,32.36169],[-81.16994,32.36162],[-81.17388,32.36277],[-81.17408,32.36338],[-81.17373,32.36368],[-81.169,32.36513],[-81.16806,32.36757],[-81.16806,32.36901],[-81.16881,32.36995],[-81.17082,32.37082],[-81.17371,32.37302],[-81.17673,32.37673],[-81.18185,32.37935],[-81.18164,32.38029],[-81.1797,32.38234],[-81.17779,32.38624],[-81.1773,32.38968],[-81.17829,32.39299],[-81.18156,32.39683],[-81.18623,32.40109],[-81.18973,32.40688],[-81.19601,32.41264],[-81.20083,32.41871],[-81.20544,32.42341],[-81.20512,32.42723],[-81.20847,32.43619],[-81.20839,32.43726],[-81.20782,32.43783],[-81.2053,32.43827],[-81.20257,32.4401],[-81.20059,32.4407],[-81.19965,32.4416],[-81.1993,32.44292],[-81.19962,32.44472],[-81.20076,32.44609],[-81.20204,32.44647],[-81.20505,32.44626],[-81.20632,32.44701],[-81.20666,32.44817],[-81.20578,32.45048],[-81.20443,32.45283],[-81.20006,32.45381],[-81.19733,32.45521],[-81.19602,32.45499],[-81.19395,32.4534],[-81.19202,32.45379],[-81.19162,32.45519],[-81.19433,32.45722],[-81.19441,32.45892],[-81.19344,32.45984],[-81.19065,32.46028],[-81.1886,32.46123],[-81.18709,32.46294],[-81.18714,32.46416],[-81.18861,32.46531],[-81.19227,32.46479],[-81.19478,32.46517],[-81.20041,32.46832],[-81.2103,32.47767],[-81.21751,32.48345],[-81.22485,32.49177],[-81.23311,32.49808],[-81.23383,32.49909],[-81.23426,32.50275],[-81.2378,32.50526],[-81.23857,32.50654],[-81.23883,32.50842],[-81.23839,32.51023],[-81.23716,32.5113],[-81.23232,32.51209],[-81.23212,32.51375],[-81.23336,32.51676],[-81.2366,32.51744],[-81.24024,32.51637],[-81.24502,32.51851],[-81.2501,32.51774],[-81.25155,32.51796],[-81.25432,32.51916],[-81.25835,32.52242],[-81.26347,32.52513],[-81.26681,32.52787],[-81.27255,32.53053],[-81.27364,32.53317],[-81.2769,32.53551],[-81.27651,32.53837],[-81.27492,32.54075],[-81.27491,32.54477],[-81.27586,32.54572],[-81.27971,32.5466],[-81.28109,32.54841],[-81.28104,32.54968],[-81.27874,32.55245],[-81.27944,32.55491],[-81.28058,32.55604],[-81.28238,32.55683],[-81.28382,32.55661],[-81.28441,32.55555],[-81.28443,32.55363],[-81.28512,32.55245],[-81.28716,32.55128],[-81.2886,32.55119],[-81.28985,32.55181],[-81.28949,32.55431],[-81.29083,32.55524],[-81.29561,32.5534],[-81.2968,32.55344],[-81.29793,32.55417],[-81.29797,32.55599],[-81.296,32.55849],[-81.29537,32.56067],[-81.29625,32.56215],[-81.29814,32.56302],[-81.30055,32.56293],[-81.30653,32.56126],[-81.31964,32.55965],[-81.32293,32.55976],[-81.32804,32.56093],[-81.33328,32.56353],[-81.33687,32.56449],[-81.35,32.56989],[-81.35501,32.57115],[-81.35646,32.57197],[-81.35832,32.57352],[-81.35848,32.57441],[-81.35413,32.57749],[-81.3536,32.57902],[-81.35443,32.58019],[-81.35817,32.58225],[-81.36025,32.58174],[-81.36171,32.57889],[-81.36353,32.57697],[-81.36491,32.57661],[-81.36682,32.57695],[-81.36738,32.57753],[-81.36714,32.57863],[-81.36422,32.58092],[-81.3636,32.58273],[-81.36452,32.58403],[-81.36854,32.58429],[-81.36998,32.5853],[-81.37033,32.58713],[-81.36899,32.58964],[-81.36947,32.59082],[-81.37319,32.5921],[-81.37426,32.59153],[-81.37598,32.58922],[-81.37897,32.58896],[-81.38336,32.59104],[-81.38874,32.59499],[-81.39079,32.59737],[-81.39452,32.60336],[-81.39799,32.60652],[-81.40592,32.61241],[-81.40656,32.61341],[-81.40702,32.61625],[-81.41153,32.61804],[-81.41266,32.62055],[-81.41218,32.62232],[-81.4127,32.62429],[-81.41692,32.62714],[-81.41853,32.62892],[-81.4186,32.63457],[-81.41582,32.63704],[-81.41339,32.63752],[-81.41227,32.6385],[-81.41174,32.63936],[-81.41258,32.64102],[-81.4122,32.64198],[-81.40617,32.64243],[-81.40355,32.64339],[-81.40008,32.64562],[-81.39834,32.64757],[-81.39414,32.64991],[-81.39332,32.65078],[-81.393,32.65207],[-81.39371,32.65342],[-81.40021,32.65709],[-81.40037,32.65841],[-81.39865,32.6592],[-81.39734,32.66061],[-81.39734,32.66241],[-81.40086,32.66438],[-81.40338,32.66627],[-81.40435,32.66757],[-81.40382,32.67111],[-81.4011,32.67697],[-81.40088,32.67842],[-81.4012,32.68029],[-81.40334,32.68295],[-81.40704,32.68514],[-81.40709,32.68589],[-81.40573,32.68861],[-81.40607,32.69074],[-81.40831,32.69331],[-81.41026,32.694],[-81.41094,32.6949],[-81.41436,32.69579],[-81.41759,32.69558],[-81.41929,32.69629],[-81.42031,32.69932],[-81.42147,32.70044],[-81.42702,32.70083],[-81.42774,32.70197],[-81.42749,32.70297],[-81.42464,32.70564],[-81.42423,32.70787],[-81.42187,32.71017],[-81.42113,32.71208],[-81.41986,32.7126],[-81.41654,32.71235],[-81.41565,32.71283],[-81.41514,32.71384],[-81.41515,32.71483],[-81.41589,32.71596],[-81.42019,32.71918],[-81.42061,32.72002],[-81.42019,32.72109],[-81.4188,32.72209],[-81.41787,32.72523],[-81.41811,32.72645],[-81.41678,32.72856],[-81.41696,32.72953],[-81.41853,32.73144],[-81.41846,32.73245],[-81.41714,32.73323],[-81.414,32.73209],[-81.41194,32.73284],[-81.41164,32.73418],[-81.41371,32.73643],[-81.41374,32.7381],[-81.41259,32.73912],[-81.40906,32.73977],[-81.40677,32.74079],[-81.40569,32.74236],[-81.40495,32.74574],[-81.40517,32.74844],[-81.40649,32.74937],[-81.41126,32.7492],[-81.41793,32.74773],[-81.41884,32.74807],[-81.41998,32.7494],[-81.42011,32.75025],[-81.41943,32.75151],[-81.41777,32.75288],[-81.41584,32.75338],[-81.41461,32.75499],[-81.41184,32.76244],[-81.41222,32.76401],[-81.42169,32.76843],[-81.42976,32.76786],[-81.43171,32.76875],[-81.43236,32.7699],[-81.43192,32.77143],[-81.43074,32.7721],[-81.42215,32.77312],[-81.41802,32.77287],[-81.41721,32.77354],[-81.41629,32.77625],[-81.41483,32.77829],[-81.41545,32.77971],[-81.41669,32.78014],[-81.42095,32.77869],[-81.42638,32.779],[-81.42964,32.78113],[-81.43148,32.78352],[-81.43148,32.78497],[-81.43035,32.78542],[-81.42922,32.78509],[-81.42758,32.78336],[-81.42566,32.78268],[-81.42385,32.7828],[-81.42181,32.78405],[-81.42168,32.78513],[-81.42287,32.78623],[-81.42606,32.78615],[-81.42782,32.78725],[-81.42767,32.78848],[-81.42512,32.78997],[-81.42389,32.79135],[-81.42468,32.79364],[-81.42568,32.79493],[-81.4253,32.79752],[-81.42638,32.79868],[-81.42808,32.79948],[-81.42878,32.80133],[-81.42724,32.80239],[-81.42357,32.80181],[-81.4224,32.80253],[-81.4227,32.80414],[-81.42472,32.8061],[-81.42558,32.80889],[-81.42427,32.81077],[-81.42222,32.8114],[-81.42084,32.81239],[-81.41865,32.81595],[-81.4181,32.81826],[-81.41893,32.81897],[-81.42097,32.81872],[-81.42182,32.81938],[-81.42246,32.8202],[-81.422,32.82161],[-81.42224,32.82261],[-81.42538,32.82475],[-81.42468,32.82752],[-81.42405,32.82837],[-81.42217,32.82917],[-81.42093,32.83129],[-81.42185,32.8351],[-81.42461,32.83779],[-81.42642,32.84065],[-81.43068,32.84181],[-81.43239,32.8434],[-81.4341,32.8438],[-81.43603,32.84312],[-81.43777,32.84038],[-81.44018,32.84031],[-81.44111,32.84123],[-81.44319,32.84548],[-81.44259,32.84967],[-81.44422,32.85107],[-81.4454,32.85099],[-81.44773,32.84958],[-81.45094,32.84849],[-81.45157,32.84714],[-81.45168,32.84493],[-81.45241,32.84421],[-81.45431,32.8439],[-81.45584,32.84475],[-81.45563,32.84783],[-81.45728,32.85029],[-81.45767,32.85204],[-81.45285,32.86061],[-81.45356,32.86437],[-81.45201,32.8664],[-81.45152,32.86794],[-81.45331,32.87375],[-81.45469,32.87459],[-81.45721,32.8738],[-81.45952,32.87442],[-81.46109,32.87588],[-81.46247,32.87857],[-81.46526,32.88105],[-81.46664,32.88096],[-81.46733,32.88044],[-81.46782,32.8771],[-81.46949,32.87615],[-81.47243,32.87711],[-81.47548,32.87728],[-81.47706,32.87959],[-81.479,32.88056],[-81.47979,32.88177],[-81.47733,32.88453],[-81.47743,32.88659],[-81.47692,32.88771],[-81.47211,32.89036],[-81.46999,32.8905],[-81.46862,32.8919],[-81.46802,32.89353],[-81.46435,32.89621],[-81.46418,32.89836],[-81.46544,32.89966],[-81.46795,32.90098],[-81.47087,32.90098],[-81.47151,32.90024],[-81.4719,32.89827],[-81.47061,32.89495],[-81.47207,32.89389],[-81.47331,32.89433],[-81.47557,32.89666],[-81.47944,32.89749],[-81.48076,32.89832],[-81.48102,32.89967],[-81.47934,32.90242],[-81.47899,32.90433],[-81.47955,32.90597],[-81.48191,32.90928],[-81.48174,32.91015],[-81.4804,32.91158],[-81.48044,32.91378],[-81.48163,32.91461],[-81.48388,32.91408],[-81.48598,32.91433],[-81.4872,32.91512],[-81.48794,32.91646],[-81.48785,32.91727],[-81.48716,32.91795],[-81.48466,32.91887],[-81.48381,32.91966],[-81.48317,32.92087],[-81.48336,32.92231],[-81.48889,32.92663],[-81.49273,32.92826],[-81.4952,32.93156],[-81.49941,32.9324],[-81.5021,32.93477],[-81.50272,32.93699],[-81.50257,32.93894],[-81.50188,32.94071],[-81.50008,32.94297],[-81.49966,32.94489],[-81.50057,32.94611],[-81.50385,32.94767],[-81.50831,32.95224],[-81.51016,32.95773],[-81.51003,32.9617],[-81.51043,32.96363],[-81.5095,32.96467],[-81.50735,32.96503],[-81.50397,32.963],[-81.50226,32.9627],[-81.50043,32.96343],[-81.49931,32.96498],[-81.49792,32.97282],[-81.4962,32.97561],[-81.49447,32.97984],[-81.49467,32.98083],[-81.49593,32.98246],[-81.49472,32.98423],[-81.4943,32.98603],[-81.49618,32.98885],[-81.49638,32.99036],[-81.49569,32.99135],[-81.49328,32.99231],[-81.49214,32.99336],[-81.49121,32.99773],[-81.4924,32.99893],[-81.49726,32.99958],[-81.49956,33.00037],[-81.50051,33.00121],[-81.50064,33.00262],[-81.50023,33.00371],[-81.49848,33.00523],[-81.49386,33.00593],[-81.49153,33.00704],[-81.49205,33.00932],[-81.4979,33.01087],[-81.49928,33.01182],[-81.50176,33.01521],[-81.50448,33.01644],[-81.50559,33.01624],[-81.50652,33.01509],[-81.50684,33.01381],[-81.50652,33.01169],[-81.50736,33.01047],[-81.50933,33.00997],[-81.51103,33.0107],[-81.51148,33.01142],[-81.51132,33.01236],[-81.50866,33.01466],[-81.5078,33.01646],[-81.50915,33.01999],[-81.51101,33.02151],[-81.51124,33.02335],[-81.5102,33.02605],[-81.51049,33.0273],[-81.51299,33.02869],[-81.51845,33.02889],[-81.52407,33.03187],[-81.52851,33.03588],[-81.52874,33.03739],[-81.52807,33.03934],[-81.52839,33.04076],[-81.53095,33.04095],[-81.53362,33.03884],[-81.53507,33.03832],[-81.53822,33.03871],[-81.5401,33.04092],[-81.54174,33.04494],[-81.54179,33.04717],[-81.54411,33.049],[-81.54671,33.04877],[-81.55035,33.04422],[-81.55236,33.04323],[-81.55837,33.04434],[-81.56129,33.04538],[-81.56528,33.04752],[-81.56616,33.04883],[-81.56561,33.04955],[-81.56109,33.04972],[-81.55973,33.05037],[-81.55884,33.05336],[-81.55911,33.05545],[-81.5601,33.05667],[-81.5614,33.05705],[-81.56198,33.05674],[-81.56537,33.05345],[-81.56753,33.05348],[-81.56971,33.05458],[-81.5713,33.05765],[-81.57276,33.05871],[-81.57449,33.06166],[-81.57544,33.06207],[-81.57848,33.06135],[-81.57975,33.06175],[-81.5825,33.06407],[-81.58524,33.06789],[-81.58818,33.07027],[-81.59044,33.07289],[-81.59176,33.07314],[-81.59924,33.07243],[-81.60284,33.0737],[-81.60341,33.07447],[-81.60331,33.07517],[-81.59953,33.07631],[-81.59731,33.07791],[-81.59641,33.07924],[-81.59691,33.08116],[-81.59932,33.08408],[-81.59999,33.08628],[-81.60088,33.08712],[-81.60241,33.08662],[-81.60385,33.08394],[-81.60684,33.08155],[-81.61074,33.07984],[-81.61249,33.08019],[-81.61338,33.08196],[-81.61312,33.0836],[-81.60927,33.08675],[-81.60813,33.08868],[-81.60915,33.09191],[-81.61129,33.09434],[-81.61353,33.09518],[-81.61745,33.09578],[-81.62232,33.09477],[-81.63425,33.0937],[-81.63753,33.09299],[-81.64083,33.09292],[-81.64497,33.09375],[-81.65188,33.09787],[-81.65517,33.10093],[-81.65845,33.10304],[-81.67388,33.10878],[-81.67805,33.11107],[-81.69527,33.11624],[-81.69829,33.1168],[-81.70362,33.11627],[-81.70476,33.11656],[-81.71097,33.12169],[-81.72059,33.12563],[-81.72812,33.13234],[-81.73718,33.13819],[-81.74409,33.14175],[-81.74639,33.14533],[-81.75194,33.14818],[-81.75912,33.15595],[-81.76237,33.15831],[-81.76363,33.16053],[-81.76324,33.16321],[-81.76371,33.16469],[-81.76795,33.16693],[-81.76806,33.16867],[-81.76686,33.17004],[-81.76667,33.17173],[-81.76902,33.17427],[-81.7696,33.17619],[-81.76854,33.17719],[-81.76538,33.17761],[-81.7643,33.17932],[-81.76735,33.18264],[-81.7677,33.18404],[-81.76741,33.18573],[-81.76603,33.1879],[-81.76268,33.18788],[-81.76071,33.18902],[-81.76008,33.19032],[-81.75954,33.19454],[-81.75688,33.19778],[-81.75699,33.19942],[-81.7577,33.20023],[-81.76123,33.20149],[-81.76348,33.20337],[-81.76458,33.20812],[-81.76738,33.21278],[-81.76822,33.21702],[-81.77151,33.21875],[-81.77421,33.22088],[-81.77833,33.22207],[-81.78066,33.22117],[-81.78117,33.22013],[-81.78051,33.21867],[-81.77758,33.21516],[-81.77729,33.21275],[-81.77868,33.21031],[-81.78089,33.20914],[-81.78471,33.20806],[-81.78924,33.20814],[-81.79158,33.20853],[-81.79745,33.21148],[-81.80499,33.21135],[-81.80778,33.21331],[-81.80867,33.22011],[-81.81021,33.22317],[-81.81486,33.22435],[-81.82011,33.227],[-81.82795,33.22882],[-81.83127,33.23304],[-81.83687,33.23753],[-81.83887,33.23871],[-81.84343,33.24011],[-81.84644,33.24179],[-81.84901,33.24537],[-81.85291,33.24827],[-81.85339,33.24944],[-81.85307,33.25065],[-81.8519,33.25216],[-81.85048,33.25301],[-81.84574,33.25246],[-81.84022,33.25409],[-81.8394,33.25533],[-81.8407,33.25687],[-81.8445,33.25708],[-81.84628,33.25834],[-81.84817,33.26332],[-81.84823,33.26538],[-81.84686,33.26653],[-81.84491,33.26669],[-81.84388,33.26629],[-81.84315,33.26448],[-81.84153,33.26333],[-81.83819,33.26293],[-81.83637,33.2637],[-81.83541,33.26678],[-81.83594,33.27007],[-81.83566,33.27191],[-81.83665,33.27322],[-81.83996,33.2742],[-81.84399,33.27818],[-81.84456,33.27938],[-81.84422,33.28246],[-81.84473,33.28379],[-81.84563,33.28428],[-81.84729,33.28424],[-81.85,33.28352],[-81.85248,33.28361],[-81.85942,33.28511],[-81.8619,33.28653],[-81.86321,33.28817],[-81.86355,33.28942],[-81.86309,33.29107],[-81.8618,33.29302],[-81.86212,33.29669],[-81.8616,33.29819],[-81.86008,33.29929],[-81.85448,33.29975],[-81.85213,33.29899],[-81.84972,33.29965],[-81.84628,33.30331],[-81.84616,33.30447],[-81.84706,33.30609],[-81.84839,33.30744],[-81.85124,33.30856],[-81.85356,33.31042],[-81.85502,33.31067],[-81.85605,33.31005],[-81.85655,33.30851],[-81.85781,33.30702],[-81.86022,33.30535],[-81.86121,33.30293],[-81.86265,33.30212],[-81.86401,33.30215],[-81.86486,33.3027],[-81.86509,33.30375],[-81.86408,33.30703],[-81.86533,33.31212],[-81.86653,33.31339],[-81.86911,33.3136],[-81.87091,33.31287],[-81.8744,33.30843],[-81.87643,33.30719],[-81.87868,33.30265],[-81.88024,33.30218],[-81.88118,33.30266],[-81.88176,33.30349],[-81.88201,33.30551],[-81.88451,33.30778],[-81.88479,33.30867],[-81.88452,33.31003],[-81.8816,33.31287],[-81.88129,33.31402],[-81.88173,33.31583],[-81.88329,33.31715],[-81.88497,33.3174],[-81.88722,33.31659],[-81.89025,33.3147],[-81.89223,33.31497],[-81.89267,33.31673],[-81.88968,33.31925],[-81.8892,33.3213],[-81.88983,33.32193],[-81.89146,33.32238],[-81.89432,33.3215],[-81.8969,33.32142],[-81.89913,33.32268],[-81.89953,33.32477],[-81.89713,33.32746],[-81.89655,33.3292],[-81.89689,33.33055],[-81.89883,33.33238],[-81.89962,33.33282],[-81.90241,33.33203],[-81.90396,33.32774],[-81.90678,33.32633],[-81.91833,33.33289],[-81.91898,33.33415],[-81.91789,33.33789],[-81.91918,33.33999],[-81.92358,33.34475],[-81.92634,33.3454],[-81.93115,33.34366],[-81.93411,33.34342],[-81.93775,33.34354],[-81.9399,33.34459],[-81.94047,33.34687],[-81.93502,33.35265],[-81.93456,33.35405],[-81.93474,33.35575],[-81.9366,33.35833],[-81.94409,33.36339],[-81.94593,33.36642],[-81.94666,33.36863],[-81.94632,33.37059],[-81.94521,33.37181],[-81.94325,33.3725],[-81.94098,33.37253]]]}},{"type":"Feature","properties":{"layer":"habitat","species":"Atlantic sturgeon","status":"Endangered","stage":"final","unit":"Unit 4 Ogeechee River","source":"NOAA Fisheries"},"geometry":{"type":"MultiLineString","coordinates":[[[-81.03739,31.81274],[-80.99325,31.85806],[-81.09024,31.86017]],[[-81.01478,31.83597],[-81.02308,31.83472],[-81.03192,31.83433],[-81.05763,31.83601],[-81.06484,31.83776],[-81.07423,31.84414],[-81.08329,31.84866],[-81.10649,31.85688],[-81.1115,31.85742],[-81.12112,31.85622],[-81.13534,31.85556],[-81.14752,31.85956],[-81.15512,31.86422],[-81.15811,31.86877],[-81.15907,31.88695],[-81.16074,31.89156],[-81.16607,31.89673],[-81.17424,31.90146],[-81.1804,31.90255],[-81.18986,31.89875],[-81.20538,31.89083],[-81.21049,31.88773],[-81.21407,31.88726],[-81.2184,31.88802],[-81.22187,31.88965],[-81.22285,31.89088],[-81.22298,31.89256],[-81.2217,31.89504],[-81.21989,31.89678],[-81.2164,31.89849],[-81.20839,31.89993],[-81.20227,31.9022],[-81.19864,31.90451],[-81.19214,31.91136],[-81.19064,31.91483],[-81.19077,31.91768],[-81.19254,31.91993],[-81.19536,31.92148],[-81.2006,31.92226],[-81.20815,31.92074],[-81.21055,31.91941],[-81.21458,31.91601],[-81.22098,31.90819],[-81.22601,31.90108],[-81.22695,31.89808],[-81.22686,31.88943],[-81.22799,31.88606],[-81.22959,31.88524],[-81.23444,31.88603],[-81.23886,31.88775],[-81.24145,31.89017],[-81.24286,31.89281],[-81.24288,31.8941],[-81.24218,31.89557],[-81.23653,31.90021],[-81.23311,31.90515],[-81.23292,31.90759],[-81.23481,31.90964],[-81.23888,31.9115],[-81.2433,31.91182],[-81.24746,31.91126],[-81.25153,31.90969],[-81.25468,31.90633],[-81.25696,31.90515],[-81.26086,31.90601],[-81.26402,31.90861],[-81.26593,31.9116],[-81.26602,31.91457],[-81.26558,31.91647],[-81.26374,31.91939],[-81.25978,31.92154],[-81.258,31.92322],[-81.25745,31.92456],[-81.25756,31.92596],[-81.25894,31.92733],[-81.26112,31.92757],[-81.26826,31.92437],[-81.27061,31.924],[-81.27227,31.92462],[-81.27542,31.92759],[-81.2761,31.92919],[-81.27536,31.93255],[-81.27217,31.93746],[-81.27236,31.93998],[-81.27336,31.94165],[-81.27597,31.94397],[-81.27877,31.9451],[-81.28088,31.94492],[-81.2851,31.94302],[-81.28677,31.94341],[-81.28786,31.94425],[-81.28804,31.94566],[-81.28668,31.94963],[-81.28655,31.95255],[-81.28991,31.95848],[-81.29029,31.9605],[-81.28855,31.96569],[-81.28835,31.96879],[-81.28718,31.97246],[-81.28731,31.97576],[-81.28876,31.97795],[-81.29205,31.97948],[-81.30214,31.97983],[-81.30761,31.98142],[-81.30875,31.98219],[-81.30931,31.98435],[-81.30762,31.98988],[-81.30817,31.99104],[-81.31034,31.99268],[-81.31046,31.99408],[-81.30928,31.99622],[-81.3055,31.99766],[-81.3045,31.99857],[-81.30436,32.00031],[-81.30548,32.00234],[-81.30744,32.00361],[-81.31302,32.00411],[-81.3144,32.00477],[-81.31534,32.00656],[-81.3145,32.01002],[-81.31534,32.01141],[-81.31662,32.01136],[-81.31764,32.01071],[-81.3182,32.00827],[-81.31909,32.00716],[-81.3207,32.00687],[-81.32227,32.00752],[-81.32342,32.00977],[-81.32332,32.0109],[-81.32177,32.01296],[-81.31863,32.01436],[-81.31834,32.01539],[-81.31887,32.01618],[-81.31994,32.01652],[-81.32314,32.01516],[-81.32442,32.01561],[-81.32497,32.0171],[-81.32357,32.01998],[-81.32394,32.02127],[-81.32542,32.02151],[-81.32786,32.01948],[-81.32947,32.01917],[-81.33573,32.02188],[-81.33675,32.02343],[-81.33497,32.02592],[-81.33481,32.0277],[-81.33611,32.02898],[-81.33838,32.03278],[-81.33939,32.03284],[-81.34049,32.03149],[-81.34132,32.03131],[-81.34184,32.03177],[-81.34184,32.0333],[-81.34252,32.03425],[-81.34329,32.03424],[-81.34335,32.03304],[-81.34374,32.03291],[-81.34465,32.03421],[-81.34641,32.03514],[-81.34758,32.03517],[-81.34808,32.03592],[-81.34772,32.03875],[-81.34861,32.03927],[-81.34948,32.03876],[-81.34991,32.03778],[-81.34959,32.0346],[-81.35078,32.03431],[-81.35135,32.03676],[-81.35519,32.04004],[-81.35593,32.04187],[-81.35754,32.04234],[-81.36126,32.04539],[-81.3613,32.04679],[-81.36013,32.04797],[-81.36065,32.04892],[-81.36158,32.04897],[-81.36306,32.04782],[-81.36485,32.04807],[-81.36614,32.0468],[-81.36689,32.04678],[-81.36696,32.04801],[-81.3685,32.0488],[-81.36733,32.05123],[-81.36822,32.05192],[-81.36855,32.05299],[-81.37058,32.05448],[-81.3687,32.05616],[-81.36696,32.05697],[-81.36988,32.05874],[-81.36986,32.05931],[-81.36875,32.05942],[-81.36856,32.06008],[-81.37095,32.06444],[-81.37215,32.06529],[-81.3743,32.06482],[-81.37523,32.0661],[-81.37463,32.06768],[-81.37369,32.0684],[-81.36952,32.06779],[-81.36883,32.06805],[-81.36873,32.06862],[-81.37077,32.0698],[-81.37241,32.07182],[-81.37875,32.07407],[-81.38177,32.07737],[-81.38483,32.07957],[-81.38672,32.0824],[-81.38901,32.08784],[-81.38739,32.08898],[-81.38713,32.09073],[-81.38897,32.09192],[-81.38922,32.09318],[-81.39111,32.09449],[-81.3919,32.09634],[-81.39184,32.10062],[-81.39106,32.10081],[-81.39002,32.09965],[-81.38894,32.09998],[-81.38885,32.10359],[-81.3918,32.10578],[-81.39298,32.1053],[-81.39535,32.10578],[-81.39936,32.1047],[-81.40013,32.10591],[-81.4022,32.10678],[-81.40294,32.10757],[-81.40288,32.10846],[-81.40129,32.10917],[-81.40239,32.11148],[-81.4009,32.11191],[-81.40073,32.1129],[-81.40116,32.11329],[-81.40354,32.11326],[-81.40486,32.11504],[-81.40536,32.11746],[-81.4049,32.11838],[-81.40679,32.11932],[-81.40656,32.12025],[-81.40719,32.12146],[-81.40655,32.1218],[-81.40543,32.12077],[-81.40449,32.12084],[-81.40523,32.12464],[-81.40588,32.12579],[-81.40818,32.12735],[-81.40553,32.12925],[-81.40589,32.12963],[-81.40692,32.1294],[-81.40727,32.12991],[-81.40634,32.13228],[-81.40711,32.13748],[-81.40504,32.14012],[-81.40599,32.14194],[-81.40434,32.14336],[-81.40192,32.14356],[-81.40197,32.14425],[-81.40354,32.14521],[-81.40403,32.14746],[-81.40353,32.14797],[-81.4022,32.14759],[-81.40137,32.14969],[-81.40295,32.15039],[-81.40379,32.15139],[-81.40568,32.15125],[-81.40631,32.15286],[-81.40711,32.15262],[-81.40761,32.15164],[-81.40844,32.15171],[-81.40862,32.15246],[-81.40756,32.15377],[-81.40786,32.15492],[-81.40921,32.15658],[-81.41212,32.1577],[-81.41391,32.16059],[-81.41347,32.16207],[-81.41268,32.16195],[-81.41198,32.16094],[-81.41096,32.1612],[-81.41159,32.16511],[-81.41085,32.16736],[-81.41,32.16802],[-81.41067,32.16883],[-81.41074,32.17029],[-81.41244,32.1693],[-81.41355,32.16969],[-81.4121,32.17116],[-81.41408,32.17279],[-81.41405,32.17351],[-81.41228,32.174],[-81.41146,32.17505],[-81.41214,32.1762],[-81.41424,32.17612],[-81.41478,32.17667],[-81.41481,32.18007],[-81.41545,32.18286],[-81.41488,32.1842],[-81.41374,32.18471],[-81.41286,32.18591],[-81.41544,32.18838],[-81.41603,32.19314],[-81.41856,32.19657],[-81.41831,32.19763],[-81.4164,32.19852],[-81.4158,32.1996],[-81.41512,32.2023],[-81.41621,32.20258],[-81.41608,32.20389],[-81.41397,32.2044],[-81.4131,32.20511],[-81.41302,32.20551],[-81.41413,32.20566],[-81.41457,32.20652],[-81.41334,32.20747],[-81.41353,32.20808],[-81.41471,32.20854],[-81.41609,32.2101],[-81.41571,32.21145],[-81.4162,32.21234],[-81.41693,32.2123],[-81.4175,32.21121],[-81.41955,32.21161],[-81.4205,32.21015],[-81.42105,32.2101],[-81.42268,32.21237],[-81.42219,32.21295],[-81.42289,32.21357],[-81.42316,32.21507],[-81.42508,32.21487],[-81.42586,32.21671],[-81.42646,32.21675],[-81.42755,32.21559],[-81.42957,32.2169],[-81.42956,32.2178],[-81.42758,32.21788],[-81.42701,32.21902],[-81.42749,32.22057],[-81.43012,32.22223],[-81.43021,32.22385],[-81.42971,32.22437],[-81.42837,32.22387],[-81.42674,32.22484],[-81.42612,32.22686],[-81.42622,32.22878],[-81.42707,32.22939],[-81.42788,32.23119],[-81.43005,32.23101],[-81.42841,32.23327],[-81.42845,32.23425],[-81.42951,32.23466],[-81.43057,32.23327],[-81.43149,32.23334],[-81.43269,32.23819],[-81.43729,32.24243],[-81.43735,32.24346],[-81.43671,32.24442],[-81.4355,32.24459],[-81.4343,32.24363],[-81.43305,32.24496],[-81.43403,32.24677],[-81.43624,32.24718],[-81.43728,32.24793],[-81.43675,32.24931],[-81.43553,32.25044],[-81.43546,32.25131],[-81.4366,32.25213],[-81.43695,32.25411],[-81.43882,32.25439],[-81.43918,32.25527],[-81.43902,32.25613],[-81.43729,32.25667],[-81.43694,32.25813],[-81.43534,32.25862],[-81.43525,32.25933],[-81.43658,32.26169],[-81.43663,32.26291],[-81.4379,32.26422],[-81.43765,32.26541],[-81.43859,32.26567],[-81.43869,32.26643],[-81.43968,32.26659],[-81.44113,32.26785],[-81.43991,32.26887],[-81.43971,32.27],[-81.43865,32.27023],[-81.43818,32.27098],[-81.43985,32.27317],[-81.43992,32.27507],[-81.44174,32.27431],[-81.44364,32.27509],[-81.44538,32.27506],[-81.4454,32.27598],[-81.44353,32.27611],[-81.44337,32.27697],[-81.44477,32.27812],[-81.4472,32.27844],[-81.45013,32.28297],[-81.44953,32.28359],[-81.4485,32.28254],[-81.44642,32.28483],[-81.44672,32.28529],[-81.4484,32.28518],[-81.44918,32.2857],[-81.44746,32.28632],[-81.44724,32.28695],[-81.44794,32.28942],[-81.44878,32.29062],[-81.45045,32.28988],[-81.45324,32.2913],[-81.45316,32.292],[-81.45229,32.29232],[-81.45321,32.29469],[-81.45132,32.29419],[-81.44918,32.29522],[-81.44951,32.29653],[-81.45144,32.29832],[-81.45304,32.29901],[-81.45438,32.30063],[-81.45164,32.30167],[-81.45175,32.30226],[-81.45395,32.30248],[-81.45475,32.30307],[-81.45279,32.30573],[-81.45491,32.30714],[-81.45694,32.30942],[-81.45764,32.30955],[-81.45837,32.30875],[-81.45938,32.30905],[-81.45891,32.31041],[-81.46024,32.31122],[-81.46082,32.31288],[-81.46357,32.31362],[-81.46497,32.31252],[-81.46565,32.31271],[-81.46547,32.31428],[-81.46314,32.31694],[-81.46524,32.31737],[-81.46577,32.31937],[-81.46552,32.32151],[-81.46789,32.32283],[-81.46692,32.32397],[-81.46446,32.32374],[-81.46457,32.32489],[-81.46628,32.32682],[-81.47062,32.32952],[-81.47258,32.32806],[-81.4741,32.32816],[-81.47621,32.33076],[-81.47764,32.33137],[-81.47861,32.33071],[-81.47918,32.32913],[-81.48126,32.32892],[-81.4831,32.33079],[-81.48521,32.33175],[-81.48842,32.33435],[-81.48918,32.33651],[-81.48658,32.33731],[-81.48619,32.33825],[-81.49075,32.34284],[-81.49016,32.34479],[-81.49083,32.34675],[-81.49011,32.34796],[-81.49099,32.35155],[-81.49179,32.35185],[-81.4922,32.35043],[-81.49329,32.34977],[-81.49475,32.34967],[-81.49776,32.351],[-81.50127,32.35394],[-81.50757,32.35789],[-81.50767,32.35965],[-81.50878,32.36118],[-81.5082,32.36326],[-81.50891,32.36694],[-81.5083,32.37123],[-81.50929,32.37133],[-81.51159,32.36921],[-81.51385,32.37146],[-81.51424,32.37324],[-81.51401,32.37539],[-81.51587,32.37665],[-81.52088,32.37692],[-81.5198,32.37925],[-81.52006,32.38043],[-81.5213,32.38081],[-81.52145,32.37938],[-81.52197,32.37928],[-81.52322,32.38084],[-81.52262,32.38281],[-81.52359,32.38542],[-81.52203,32.38748],[-81.52332,32.38883],[-81.52214,32.38979],[-81.52307,32.39289],[-81.52412,32.39273],[-81.52406,32.39139],[-81.52734,32.39062],[-81.52901,32.39143],[-81.53053,32.39028],[-81.53263,32.39125],[-81.53444,32.39325],[-81.53474,32.39426],[-81.53423,32.39639],[-81.53322,32.39579],[-81.53303,32.39627],[-81.53393,32.39929],[-81.535,32.40073],[-81.53423,32.40133],[-81.5348,32.40241],[-81.53366,32.40357],[-81.53291,32.40568],[-81.53318,32.40701],[-81.53584,32.40906],[-81.53831,32.41287],[-81.54022,32.41353],[-81.54126,32.41609],[-81.54342,32.41621],[-81.54234,32.41894],[-81.54358,32.41905],[-81.5446,32.4185],[-81.54533,32.41889],[-81.54402,32.42059],[-81.54195,32.42145],[-81.54017,32.42052],[-81.54051,32.4187],[-81.53997,32.41839],[-81.53789,32.41909],[-81.53836,32.42055],[-81.53648,32.42078],[-81.53525,32.42219],[-81.53509,32.42355],[-81.53614,32.42573],[-81.53624,32.4278],[-81.53711,32.42989],[-81.5359,32.42989],[-81.53589,32.431],[-81.53673,32.43303],[-81.53834,32.43425],[-81.53859,32.43591],[-81.53759,32.43667],[-81.53182,32.43797],[-81.53038,32.44164],[-81.52707,32.44538],[-81.52565,32.44953],[-81.52682,32.45344],[-81.52936,32.45611],[-81.53106,32.45879],[-81.53025,32.46129],[-81.53052,32.46238],[-81.53003,32.46299],[-81.53236,32.46411],[-81.53114,32.46608],[-81.5314,32.46662],[-81.53216,32.46687],[-81.53232,32.46611],[-81.53298,32.46584],[-81.53587,32.46671],[-81.5363,32.46639],[-81.53621,32.4653],[-81.53686,32.46519],[-81.53864,32.46642],[-81.54169,32.46616],[-81.54262,32.46666],[-81.54265,32.46753],[-81.54141,32.4694],[-81.53994,32.46975],[-81.54128,32.47288],[-81.53966,32.47638],[-81.53842,32.4769],[-81.53746,32.47469],[-81.53566,32.4754],[-81.53556,32.48012],[-81.53605,32.48202],[-81.53885,32.484],[-81.54063,32.48413],[-81.542,32.48547],[-81.54369,32.48562],[-81.54481,32.4867],[-81.54715,32.48661],[-81.54761,32.48722],[-81.54742,32.48873],[-81.54893,32.49163],[-81.55038,32.49231],[-81.55157,32.49183],[-81.5529,32.49278],[-81.5544,32.49257],[-81.5567,32.49656],[-81.55732,32.49654],[-81.55814,32.49564],[-81.55941,32.49558],[-81.55961,32.49644],[-81.56284,32.49793],[-81.56338,32.49944],[-81.56151,32.50057],[-81.56166,32.50141],[-81.56318,32.50176],[-81.56704,32.50157],[-81.56818,32.50343],[-81.57086,32.50598],[-81.57218,32.50549],[-81.57276,32.50601],[-81.5741,32.50587],[-81.57356,32.50768],[-81.57434,32.50879],[-81.57597,32.50938],[-81.57805,32.51235],[-81.57925,32.51269],[-81.58538,32.51186],[-81.58771,32.51247],[-81.59064,32.51078],[-81.59462,32.50933],[-81.59548,32.50798],[-81.59404,32.50823],[-81.59304,32.50757],[-81.59295,32.50679],[-81.5959,32.5064],[-81.59919,32.50754],[-81.59911,32.50854],[-81.59983,32.50918],[-81.60353,32.51075],[-81.60528,32.51101],[-81.60496,32.51179],[-81.60377,32.51208],[-81.60599,32.51327],[-81.60562,32.5142],[-81.60594,32.51459],[-81.60674,32.51462],[-81.6085,32.5133],[-81.6106,32.51369],[-81.61133,32.51463],[-81.61244,32.51393],[-81.61286,32.51483],[-81.61255,32.51645],[-81.61532,32.51551],[-81.61644,32.51576],[-81.6176,32.5181],[-81.61745,32.52045],[-81.61827,32.52314],[-81.6169,32.52407],[-81.61754,32.52522],[-81.62041,32.52554],[-81.62115,32.52506],[-81.62101,32.52409],[-81.62384,32.52368],[-81.62386,32.52445],[-81.62433,32.5247],[-81.62748,32.52469],[-81.62891,32.52425],[-81.63017,32.52649],[-81.62874,32.52771],[-81.62871,32.52862],[-81.63076,32.5287],[-81.63273,32.53034],[-81.63315,32.52997],[-81.63297,32.52934],[-81.63349,32.52925],[-81.63935,32.5326],[-81.64184,32.53195],[-81.64086,32.52953],[-81.64243,32.52891],[-81.64656,32.52885],[-81.64707,32.52775],[-81.64793,32.52751],[-81.65069,32.53023],[-81.65074,32.53173],[-81.65338,32.53111],[-81.65468,32.5317],[-81.65474,32.53227],[-81.6536,32.5334],[-81.65356,32.53479],[-81.65556,32.53712],[-81.6552,32.53814],[-81.6565,32.53993],[-81.65985,32.5398],[-81.65971,32.53703],[-81.66013,32.53674],[-81.66588,32.53889],[-81.66483,32.53956],[-81.66441,32.54084],[-81.66536,32.54239],[-81.66615,32.54273],[-81.66588,32.54383],[-81.66636,32.54439],[-81.66893,32.54342],[-81.67563,32.54463],[-81.67636,32.54533],[-81.67577,32.54734],[-81.67673,32.54829],[-81.67925,32.54832],[-81.68058,32.54887],[-81.68256,32.54858],[-81.68348,32.54932],[-81.68527,32.54821],[-81.68611,32.54864],[-81.68735,32.54721],[-81.68753,32.54615],[-81.68864,32.54655],[-81.68959,32.5462],[-81.69023,32.54765],[-81.6917,32.5485],[-81.69253,32.54973],[-81.69609,32.55097],[-81.69615,32.55143],[-81.69503,32.55218],[-81.69715,32.55365],[-81.69939,32.5565],[-81.70046,32.55602],[-81.70147,32.5573],[-81.7033,32.55826],[-81.70375,32.55904],[-81.70249,32.55945],[-81.70285,32.56161],[-81.70437,32.56243],[-81.70502,32.56335],[-81.70625,32.56339],[-81.70677,32.56482],[-81.70815,32.56586],[-81.71237,32.56572],[-81.71235,32.56444],[-81.7131,32.56341],[-81.71389,32.56469],[-81.71545,32.56467],[-81.71803,32.56592],[-81.71935,32.56564],[-81.71965,32.56615],[-81.71928,32.56711],[-81.72171,32.5687],[-81.72237,32.5702],[-81.72418,32.57208],[-81.72485,32.5723],[-81.7261,32.57175],[-81.72723,32.57226],[-81.72661,32.57324],[-81.7269,32.57364],[-81.73018,32.57404],[-81.73031,32.57553],[-81.73278,32.57634],[-81.73207,32.57743],[-81.73308,32.57837],[-81.73251,32.57934],[-81.73391,32.57955],[-81.73488,32.58073],[-81.73596,32.58101],[-81.73673,32.58228],[-81.73631,32.58355],[-81.7369,32.58471],[-81.73561,32.58521],[-81.73393,32.58496],[-81.73339,32.5853],[-81.7335,32.58572],[-81.73876,32.58631],[-81.73989,32.5878],[-81.74196,32.58777],[-81.7415,32.59012],[-81.74341,32.59128],[-81.74516,32.59097],[-81.74616,32.59131],[-81.74663,32.59371],[-81.74822,32.59507],[-81.7476,32.5961],[-81.74862,32.59783],[-81.74954,32.59778],[-81.74951,32.59665],[-81.75002,32.59653],[-81.75125,32.59705],[-81.75221,32.59872],[-81.75479,32.59927],[-81.75484,32.60055],[-81.75396,32.60179],[-81.7554,32.60221],[-81.75614,32.60151],[-81.7583,32.60151],[-81.76043,32.60251],[-81.76089,32.60207],[-81.7604,32.60067],[-81.76126,32.60044],[-81.76502,32.60307],[-81.76801,32.6064],[-81.76827,32.60788],[-81.76906,32.60854],[-81.77182,32.60941],[-81.77359,32.60921],[-81.7723,32.60716],[-81.77287,32.60666],[-81.7796,32.611],[-81.78042,32.61266],[-81.78167,32.61293],[-81.7826,32.61429],[-81.78394,32.61514],[-81.78485,32.61705],[-81.78282,32.61912],[-81.78203,32.62153],[-81.78707,32.62193],[-81.78838,32.62242],[-81.78865,32.62285],[-81.78817,32.62362],[-81.79058,32.62446],[-81.79063,32.62493],[-81.78964,32.62516],[-81.78962,32.62568],[-81.7911,32.62665],[-81.79141,32.62768],[-81.79231,32.62838],[-81.79483,32.62857],[-81.79546,32.62757],[-81.79742,32.62678],[-81.80116,32.62994],[-81.80096,32.63074],[-81.79855,32.63094],[-81.79798,32.63163],[-81.80061,32.63415],[-81.80088,32.63491],[-81.80024,32.6357],[-81.80208,32.63605],[-81.80287,32.63697],[-81.80287,32.63824],[-81.80168,32.63865],[-81.8004,32.64064],[-81.8005,32.64157],[-81.80203,32.6432],[-81.8039,32.64429],[-81.80724,32.64396],[-81.80837,32.64586],[-81.8104,32.64754],[-81.81115,32.64741],[-81.81079,32.64675],[-81.8113,32.64648],[-81.81313,32.64689],[-81.8134,32.64585],[-81.81561,32.64691],[-81.81612,32.64785],[-81.81794,32.64675],[-81.81929,32.64658],[-81.82216,32.64905],[-81.82705,32.65059],[-81.82724,32.65115],[-81.82591,32.65156],[-81.82613,32.65227],[-81.82955,32.65313],[-81.8306,32.65305],[-81.83134,32.65244],[-81.83262,32.65321],[-81.83436,32.65351],[-81.83534,32.6522],[-81.83804,32.65221],[-81.83649,32.65094],[-81.8397,32.64948],[-81.84188,32.64919],[-81.84371,32.65005],[-81.84415,32.64943],[-81.84573,32.6496],[-81.84751,32.65231],[-81.84794,32.65223],[-81.84829,32.65114],[-81.84967,32.65166],[-81.84979,32.65253],[-81.85297,32.6531],[-81.85337,32.65367],[-81.85297,32.65461],[-81.85366,32.65499],[-81.85438,32.65653],[-81.85824,32.65715],[-81.85775,32.6586],[-81.85824,32.65868],[-81.85877,32.65804],[-81.86064,32.65852],[-81.86332,32.66033],[-81.86411,32.66208],[-81.86594,32.66292],[-81.86617,32.66536],[-81.86719,32.666],[-81.86615,32.66848],[-81.8649,32.668],[-81.86498,32.67091],[-81.86593,32.6711],[-81.86618,32.66967],[-81.86672,32.66984],[-81.86868,32.67318],[-81.86619,32.67481],[-81.86724,32.67601],[-81.86695,32.67732],[-81.86801,32.67993],[-81.86772,32.68087],[-81.86879,32.68153],[-81.86948,32.68416],[-81.86841,32.68491],[-81.86859,32.68596],[-81.86745,32.68813],[-81.86845,32.69041],[-81.86813,32.69168],[-81.86975,32.69205],[-81.87282,32.69097],[-81.87418,32.69208],[-81.87387,32.69325],[-81.87449,32.69395],[-81.87544,32.69338],[-81.87611,32.69413],[-81.87748,32.69387],[-81.87894,32.69426],[-81.87925,32.69367],[-81.87828,32.69257],[-81.87877,32.69192],[-81.88034,32.69359],[-81.88281,32.69915],[-81.88253,32.70052],[-81.88301,32.70267],[-81.88234,32.70285],[-81.8811,32.70227],[-81.87992,32.70351],[-81.88084,32.70805],[-81.88028,32.70933],[-81.87903,32.7101],[-81.88231,32.7123],[-81.88309,32.71333],[-81.88526,32.71256],[-81.88793,32.71302],[-81.89005,32.71408],[-81.89118,32.71367],[-81.89283,32.71442],[-81.89319,32.71369],[-81.89245,32.71282],[-81.89273,32.71227],[-81.89593,32.71133],[-81.89631,32.71207],[-81.89701,32.71211],[-81.89829,32.7109],[-81.89911,32.7112],[-81.89937,32.71278],[-81.89797,32.71737],[-81.89905,32.72181],[-81.89876,32.72249],[-81.89808,32.72269],[-81.89541,32.72142],[-81.89521,32.72247],[-81.89942,32.72709],[-81.9019,32.73346],[-81.90222,32.73582],[-81.90192,32.73717],[-81.9039,32.73812],[-81.9059,32.7404],[-81.90514,32.74102],[-81.90646,32.7424],[-81.90601,32.74392],[-81.90838,32.74581],[-81.90916,32.74556],[-81.90949,32.74475],[-81.91169,32.74453],[-81.91178,32.74577],[-81.91363,32.74714],[-81.91477,32.74982],[-81.91615,32.75127],[-81.91817,32.75119],[-81.91849,32.75354],[-81.9191,32.75393],[-81.91995,32.75362],[-81.92081,32.75548],[-81.92188,32.75612],[-81.91916,32.75659],[-81.91958,32.75885],[-81.9182,32.76096],[-81.91884,32.76323],[-81.92043,32.76486],[-81.92025,32.76559],[-81.92404,32.76606],[-81.92591,32.76748],[-81.92681,32.76702],[-81.9288,32.76757],[-81.92972,32.76692],[-81.93097,32.76722],[-81.93145,32.76768],[-81.93085,32.76798],[-81.93076,32.76871],[-81.9371,32.77135],[-81.93851,32.7733],[-81.94029,32.7735],[-81.93952,32.77252],[-81.94144,32.77136],[-81.9416,32.77225],[-81.94255,32.77238],[-81.94292,32.77489],[-81.94365,32.77405],[-81.94442,32.77409],[-81.94635,32.77628],[-81.94735,32.77655],[-81.9479,32.77633],[-81.94825,32.77512],[-81.94906,32.77502],[-81.95037,32.77683],[-81.95287,32.77796],[-81.95457,32.77806],[-81.95541,32.77904],[-81.95691,32.77909],[-81.95706,32.78064],[-81.95803,32.78243],[-81.95793,32.78447],[-81.95958,32.78584],[-81.95935,32.78635],[-81.95783,32.7868],[-81.95785,32.78761],[-81.95951,32.78878],[-81.96099,32.78903],[-81.96172,32.79053],[-81.96284,32.79115],[-81.96747,32.79104],[-81.96771,32.79246],[-81.96966,32.79144],[-81.97216,32.79425],[-81.97435,32.79426],[-81.97562,32.79368],[-81.97593,32.79204],[-81.97656,32.79183],[-81.97836,32.79215],[-81.98007,32.79341],[-81.98216,32.79171],[-81.98359,32.79224],[-81.98411,32.79125],[-81.98677,32.79004],[-81.98955,32.79044],[-81.9908,32.78999],[-81.99096,32.78893],[-81.99198,32.78841],[-81.99466,32.78826],[-81.99653,32.78958],[-81.99919,32.78872],[-82.00169,32.7894],[-82.00082,32.78688],[-82.00293,32.78589],[-82.00377,32.78417],[-82.00485,32.78392],[-82.00718,32.78483],[-82.00638,32.7871],[-82.00805,32.78996],[-82.00894,32.7902],[-82.01051,32.78898],[-82.01133,32.7897],[-82.01198,32.79307],[-82.01119,32.79416],[-82.01062,32.79666],[-82.01132,32.79876],[-82.00919,32.79829],[-82.00849,32.79956],[-82.00966,32.80156],[-82.01141,32.80238],[-82.0129,32.80257],[-82.0143,32.802],[-82.01708,32.80268],[-82.01756,32.80377],[-82.01939,32.80358],[-82.02104,32.80539],[-82.02369,32.80632],[-82.02606,32.80583],[-82.02759,32.8049],[-82.02908,32.80492],[-82.03053,32.80558],[-82.03119,32.80489],[-82.03294,32.80531],[-82.03499,32.80504],[-82.03603,32.8055],[-82.03628,32.80504],[-82.03553,32.80454],[-82.03644,32.8021],[-82.03879,32.80372],[-82.03919,32.80265],[-82.04056,32.80295],[-82.0403,32.80215],[-82.04074,32.80199],[-82.04252,32.80281],[-82.04454,32.80305],[-82.04661,32.80477],[-82.04768,32.80414],[-82.04861,32.80625],[-82.04777,32.80662],[-82.04775,32.80711],[-82.04958,32.80806],[-82.04948,32.80873],[-82.04831,32.80985],[-82.04906,32.81146],[-82.05178,32.81144],[-82.05266,32.81215],[-82.05259,32.81318],[-82.05347,32.81436],[-82.05594,32.81532],[-82.06174,32.81528],[-82.06284,32.81651],[-82.06389,32.81692],[-82.06511,32.81666],[-82.06551,32.81577],[-82.06824,32.81634],[-82.07128,32.81482],[-82.07323,32.81582],[-82.07514,32.81597],[-82.07571,32.81466],[-82.07695,32.81518],[-82.07689,32.81426],[-82.07762,32.81387],[-82.07969,32.81495],[-82.08071,32.81424],[-82.08142,32.81434],[-82.0817,32.81522],[-82.08388,32.81637],[-82.08719,32.81572],[-82.08687,32.81458],[-82.08782,32.81397],[-82.0892,32.81456],[-82.09089,32.81406],[-82.09191,32.81483],[-82.0929,32.81465],[-82.09305,32.81562],[-82.09414,32.81619],[-82.09613,32.81527],[-82.09784,32.81669],[-82.09964,32.81726],[-82.09935,32.81837],[-82.09981,32.81874],[-82.10188,32.81934],[-82.10351,32.81888],[-82.10352,32.81785],[-82.10434,32.81719],[-82.10869,32.81518],[-82.10908,32.81456],[-82.10909,32.8119],[-82.10996,32.81162],[-82.1117,32.81204],[-82.11238,32.8104],[-82.11423,32.81062],[-82.11399,32.80884],[-82.11435,32.80849],[-82.11547,32.80894],[-82.1169,32.81047],[-82.11911,32.81067],[-82.11869,32.81146],[-82.11729,32.81172],[-82.11775,32.81242],[-82.12468,32.81447],[-82.1274,32.81441],[-82.12853,32.81377],[-82.12862,32.81179],[-82.13037,32.81068],[-82.13374,32.81248],[-82.13463,32.81204],[-82.13575,32.81242],[-82.13553,32.81139],[-82.13625,32.81119],[-82.13687,32.8124],[-82.13798,32.81178],[-82.13841,32.81261],[-82.13908,32.81279],[-82.14147,32.81224],[-82.14213,32.81268],[-82.14262,32.81522],[-82.14405,32.81493],[-82.14407,32.81377],[-82.14524,32.81267],[-82.14644,32.81338],[-82.14644,32.81456],[-82.14693,32.81489],[-82.14943,32.81497],[-82.15122,32.81432],[-82.15225,32.8153],[-82.15468,32.81583],[-82.15528,32.81558],[-82.15417,32.81441],[-82.15463,32.81415],[-82.15778,32.81604],[-82.15852,32.81502],[-82.16029,32.81511],[-82.16029,32.81374],[-82.15958,32.81352],[-82.16006,32.81295],[-82.16172,32.81322],[-82.1641,32.81213],[-82.16488,32.81262],[-82.16596,32.8125],[-82.16663,32.81128],[-82.16805,32.81084],[-82.17126,32.81271],[-82.17339,32.81243],[-82.17489,32.81331],[-82.17564,32.81244],[-82.17701,32.81248],[-82.1767,32.81175],[-82.17705,32.81137],[-82.17817,32.81222],[-82.17866,32.81094],[-82.18148,32.81111],[-82.18316,32.80964],[-82.1846,32.80982],[-82.1854,32.80843],[-82.18703,32.80944],[-82.1877,32.80843],[-82.18739,32.80704],[-82.18769,32.80676],[-82.18874,32.80696],[-82.1913,32.80613],[-82.19418,32.80694],[-82.19425,32.80813],[-82.19581,32.8092],[-82.19612,32.80823],[-82.19909,32.80744],[-82.20142,32.80468],[-82.20298,32.80396],[-82.20384,32.80506],[-82.20645,32.8045],[-82.20693,32.80545],[-82.20796,32.80564],[-82.21002,32.8047],[-82.21037,32.80305],[-82.21361,32.80308],[-82.21584,32.80472],[-82.21522,32.80565],[-82.21594,32.80814],[-82.21801,32.80822],[-82.2198,32.80925],[-82.22037,32.80886],[-82.21985,32.80813],[-82.22056,32.80804],[-82.22228,32.80996],[-82.22197,32.81066],[-82.22268,32.81136],[-82.22281,32.81264],[-82.22512,32.81249],[-82.22622,32.81311],[-82.22729,32.81241],[-82.23501,32.81471],[-82.23936,32.81243],[-82.24276,32.81311],[-82.24535,32.81584],[-82.24745,32.81641],[-82.24785,32.81741],[-82.24878,32.81755],[-82.24991,32.81857],[-82.25057,32.81857],[-82.25214,32.81726],[-82.25354,32.81775],[-82.25535,32.82056],[-82.25504,32.82178],[-82.25418,32.82255],[-82.2563,32.82399],[-82.25853,32.82387],[-82.25959,32.82442],[-82.26178,32.82326],[-82.26464,32.8246],[-82.26531,32.82616],[-82.26589,32.82638],[-82.26634,32.82597],[-82.26636,32.8246],[-82.26725,32.82453],[-82.26748,32.82522],[-82.26806,32.82528],[-82.2696,32.82431],[-82.27001,32.82351],[-82.26889,32.82244],[-82.27038,32.82115],[-82.27112,32.82108],[-82.27246,32.82169],[-82.27483,32.8243],[-82.27823,32.8257],[-82.28273,32.8258],[-82.28546,32.82638],[-82.28714,32.82517],[-82.28878,32.82656],[-82.29151,32.82585],[-82.29599,32.82678],[-82.30014,32.82583],[-82.30083,32.82677],[-82.30428,32.82713],[-82.30504,32.82801],[-82.30854,32.82832],[-82.30876,32.82921],[-82.30981,32.82985],[-82.31037,32.82955],[-82.31236,32.83],[-82.31294,32.83151],[-82.31453,32.83316],[-82.31472,32.83425],[-82.31595,32.83485],[-82.31605,32.83601],[-82.31773,32.836],[-82.31765,32.83795],[-82.31918,32.83919],[-82.31926,32.84018],[-82.32058,32.84036],[-82.31991,32.84134],[-82.31845,32.842],[-82.31772,32.84385],[-82.31816,32.84408],[-82.31804,32.84467],[-82.31663,32.84676],[-82.31744,32.84726],[-82.3197,32.84687],[-82.32038,32.8474],[-82.31953,32.84761],[-82.31801,32.85101],[-82.31853,32.85152],[-82.31851,32.85395],[-82.32027,32.8585],[-82.31931,32.85864],[-82.32008,32.86046],[-82.3197,32.86098],[-82.3188,32.86076],[-82.31864,32.85976],[-82.31791,32.85904],[-82.31719,32.85926],[-82.31697,32.86062],[-82.31807,32.86083],[-82.31749,32.86226],[-82.31825,32.86381],[-82.31698,32.86388],[-82.31683,32.86483],[-82.31728,32.8653],[-82.31941,32.86514],[-82.31997,32.86627],[-82.31937,32.87047],[-82.31732,32.87339],[-82.31729,32.87416],[-82.31969,32.87554],[-82.32041,32.87672],[-82.321,32.87676],[-82.32158,32.87836],[-82.32567,32.8823],[-82.32622,32.88248],[-82.32683,32.882],[-82.32755,32.88244],[-82.32682,32.88306],[-82.32826,32.88423],[-82.33047,32.88353],[-82.33016,32.88459],[-82.33048,32.88481],[-82.33234,32.88359],[-82.33258,32.88423],[-82.33147,32.88957],[-82.33279,32.89057],[-82.33256,32.89152],[-82.33339,32.89297],[-82.33391,32.89312],[-82.33568,32.89165],[-82.33608,32.89208],[-82.33722,32.89204],[-82.33693,32.89316],[-82.33836,32.89332],[-82.33812,32.89728],[-82.33845,32.89799],[-82.33737,32.89846],[-82.33744,32.89886],[-82.33849,32.89904],[-82.33814,32.90121],[-82.33941,32.90391],[-82.33917,32.90457],[-82.33983,32.90518],[-82.33979,32.90675],[-82.34029,32.90692],[-82.33987,32.9087],[-82.33746,32.90949],[-82.33682,32.91012],[-82.33532,32.90962],[-82.33513,32.91043],[-82.33339,32.90976],[-82.33318,32.91098],[-82.33503,32.91243],[-82.33474,32.91325],[-82.33318,32.91343],[-82.3354,32.92095],[-82.33725,32.92482],[-82.33848,32.92571],[-82.34044,32.92485],[-82.34001,32.92572],[-82.34131,32.9259],[-82.34174,32.92728],[-82.34249,32.92688],[-82.34319,32.92766],[-82.34484,32.92808],[-82.34521,32.92723],[-82.34609,32.92749],[-82.34979,32.93114],[-82.35033,32.93118],[-82.34993,32.93017],[-82.35047,32.92988],[-82.35737,32.93446],[-82.35655,32.93509],[-82.35807,32.93561],[-82.35842,32.93622],[-82.35734,32.93683],[-82.3584,32.93824],[-82.35761,32.93854],[-82.3579,32.93985],[-82.35611,32.93959],[-82.35556,32.94001],[-82.35745,32.94403],[-82.35733,32.9462],[-82.35832,32.94662],[-82.35793,32.94767],[-82.36259,32.94958],[-82.36381,32.95173],[-82.3649,32.95096],[-82.36582,32.95098],[-82.36529,32.9518],[-82.36648,32.95331],[-82.36856,32.95451],[-82.37152,32.95569],[-82.37458,32.95614],[-82.37488,32.9569],[-82.37449,32.95775],[-82.3759,32.95841],[-82.37594,32.95977],[-82.37389,32.96035],[-82.37407,32.96156],[-82.37331,32.962],[-82.37358,32.9628],[-82.37435,32.96272],[-82.37475,32.96317],[-82.37433,32.96423],[-82.37458,32.96505],[-82.37573,32.96473],[-82.37872,32.96709],[-82.37982,32.96728],[-82.38052,32.96689],[-82.38104,32.96765],[-82.38271,32.96719],[-82.38666,32.96918],[-82.38849,32.96859],[-82.3881,32.96769],[-82.38849,32.96722],[-82.39353,32.96876],[-82.39401,32.96951],[-82.39261,32.96979],[-82.3922,32.97035],[-82.39303,32.97129],[-82.39315,32.97221],[-82.39472,32.97302],[-82.39473,32.97403],[-82.39378,32.97433],[-82.39478,32.97481],[-82.3952,32.97587],[-82.39738,32.97529],[-82.39787,32.97615],[-82.39933,32.97614],[-82.40009,32.97516],[-82.4009,32.97521],[-82.40115,32.97675],[-82.40223,32.97797],[-82.40337,32.97765],[-82.40544,32.9785],[-82.40549,32.97917],[-82.40659,32.97908],[-82.40666,32.97975],[-82.40774,32.97979],[-82.40811,32.98048],[-82.40934,32.98054],[-82.41026,32.98184],[-82.40937,32.98268],[-82.40935,32.98332],[-82.41041,32.98465],[-82.41156,32.98489],[-82.41256,32.98586],[-82.41428,32.98575],[-82.41543,32.98479],[-82.41686,32.98446],[-82.41723,32.98518],[-82.41799,32.98517],[-82.41934,32.9861],[-82.42152,32.98622],[-82.4225,32.98709],[-82.4233,32.98708],[-82.42352,32.98648],[-82.42486,32.9867],[-82.42494,32.9861],[-82.42685,32.98632],[-82.42696,32.98555],[-82.42744,32.98537],[-82.42726,32.98479],[-82.42813,32.98467],[-82.42815,32.98365],[-82.42927,32.98301],[-82.43046,32.9828],[-82.43157,32.98322],[-82.43489,32.98219],[-82.43593,32.98238],[-82.43642,32.9836],[-82.43732,32.98334],[-82.43896,32.98401],[-82.43989,32.98552],[-82.43926,32.98644],[-82.43987,32.98654],[-82.43992,32.98733],[-82.43922,32.98748],[-82.43895,32.98814],[-82.43701,32.98812],[-82.43603,32.98967],[-82.43625,32.99179],[-82.43969,32.99592],[-82.44251,32.99527],[-82.44409,32.99682],[-82.44487,32.99642],[-82.4479,32.99653],[-82.45068,32.99531],[-82.45083,32.99445],[-82.45175,32.99434],[-82.45221,32.99373],[-82.45282,32.99414],[-82.45573,32.9925],[-82.45631,32.99258],[-82.45917,32.99608],[-82.45896,32.99686],[-82.46154,32.99848],[-82.46075,32.99945],[-82.4624,33.00032],[-82.46576,32.99948],[-82.46666,32.99812],[-82.46914,32.99744],[-82.47003,32.99811],[-82.47223,32.99739],[-82.47403,32.99741],[-82.47649,32.99858],[-82.47767,32.99836],[-82.478,32.99734],[-82.47928,32.99721],[-82.47929,32.99634],[-82.48202,32.9956],[-82.48359,32.997],[-82.48367,32.9977],[-82.48478,32.99841],[-82.48749,32.99809],[-82.48811,32.99878],[-82.48938,32.99803],[-82.4905,32.99868],[-82.48996,32.99994],[-82.49117,33.00118],[-82.4913,33.00279],[-82.49291,33.00336],[-82.49232,33.00288],[-82.4923,33.00209],[-82.49326,33.00165],[-82.49342,33.00302],[-82.49417,33.00411],[-82.49542,33.00447],[-82.49514,33.0059],[-82.49613,33.00624],[-82.49636,33.00783],[-82.501,33.0113],[-82.5018,33.01098],[-82.50263,33.01203],[-82.50351,33.01205],[-82.50445,33.01346],[-82.50487,33.0128],[-82.50429,33.01189],[-82.50588,33.01171],[-82.50662,33.01283],[-82.50726,33.0116],[-82.50792,33.01132],[-82.51157,33.0121],[-82.51186,33.01137],[-82.51411,33.01138],[-82.51602,33.01272],[-82.51623,33.01356],[-82.51745,33.01479],[-82.51835,33.01422],[-82.5201,33.0145],[-82.52035,33.01333],[-82.52188,33.01295],[-82.52273,33.01466],[-82.52447,33.01566],[-82.52462,33.01438],[-82.52362,33.01393],[-82.52372,33.01334],[-82.52487,33.01317],[-82.52536,33.01371],[-82.52614,33.01368],[-82.52683,33.01275],[-82.52784,33.01321],[-82.52923,33.01547],[-82.5324,33.01672],[-82.53507,33.01648],[-82.53549,33.01722],[-82.53627,33.01729],[-82.53632,33.01691],[-82.53723,33.01683],[-82.53791,33.01561],[-82.53899,33.01581],[-82.53904,33.01443],[-82.5397,33.01484],[-82.54223,33.01363],[-82.54194,33.01634],[-82.54283,33.0156],[-82.54321,33.01651],[-82.54391,33.01673],[-82.5439,33.01596],[-82.54452,33.01595],[-82.54506,33.01642],[-82.54464,33.01724],[-82.54541,33.01839],[-82.54596,33.01753],[-82.54704,33.01843],[-82.54817,33.01789],[-82.54971,33.0196],[-82.55047,33.01938],[-82.55083,33.01846],[-82.55234,33.01878],[-82.55262,33.0185],[-82.5522,33.01794],[-82.55337,33.01776],[-82.55593,33.01421],[-82.55686,33.01459],[-82.55915,33.01421],[-82.56036,33.01532],[-82.56053,33.0174],[-82.56127,33.0168],[-82.56179,33.01753],[-82.56158,33.01817],[-82.56243,33.01891],[-82.56446,33.01884],[-82.56492,33.01948],[-82.56462,33.02034],[-82.56554,33.01989],[-82.56648,33.02123],[-82.5688,33.01974],[-82.57035,33.02124],[-82.57103,33.02087],[-82.57195,33.02191],[-82.57239,33.02155],[-82.57786,33.0244],[-82.578,33.02529],[-82.57721,33.02503],[-82.57588,33.02607],[-82.57634,33.02661],[-82.57725,33.02662],[-82.5776,33.02831],[-82.57976,33.03001],[-82.58071,33.0296],[-82.58116,33.03019],[-82.5822,33.03026],[-82.58238,33.02942],[-82.58285,33.02932],[-82.58355,33.02947],[-82.58311,33.0303],[-82.58368,33.03045],[-82.58492,33.02966],[-82.58574,33.0315],[-82.58909,33.03111],[-82.59247,33.03407],[-82.59508,33.03368],[-82.59799,33.03206],[-82.59932,33.03317],[-82.59998,33.03266],[-82.60056,33.03334],[-82.59907,33.03406],[-82.60046,33.03561],[-82.60003,33.03704],[-82.60216,33.03697],[-82.60135,33.03868],[-82.60233,33.04181],[-82.60424,33.04539],[-82.60577,33.04618],[-82.60606,33.04489],[-82.60742,33.04508],[-82.61033,33.04819],[-82.61022,33.0486],[-82.6093,33.04837],[-82.61016,33.04974],[-82.61099,33.04914],[-82.61233,33.05041],[-82.61575,33.05013],[-82.618,33.05143],[-82.61797,33.05193],[-82.61715,33.05222],[-82.61745,33.05261],[-82.617,33.05463],[-82.61627,33.05461],[-82.61577,33.05379],[-82.6145,33.05438],[-82.61339,33.0558],[-82.61287,33.05794],[-82.61292,33.06099],[-82.6139,33.06129],[-82.6152,33.06297],[-82.61555,33.06167],[-82.61681,33.06225],[-82.6176,33.06115],[-82.61844,33.06249],[-82.61905,33.0619],[-82.61992,33.06263],[-82.62235,33.06252],[-82.62659,33.06343],[-82.6279,33.0642],[-82.62883,33.06598],[-82.62838,33.06738],[-82.62741,33.06778],[-82.6278,33.06864],[-82.62713,33.06982],[-82.62778,33.07151],[-82.62659,33.07177],[-82.6268,33.07254],[-82.62812,33.07348],[-82.63035,33.07338],[-82.63041,33.07384],[-82.62934,33.0745],[-82.63042,33.07541],[-82.63186,33.07616],[-82.63429,33.07631],[-82.6361,33.07758],[-82.63577,33.07825],[-82.63752,33.07985],[-82.63749,33.08061],[-82.63658,33.08087],[-82.63709,33.08213],[-82.63914,33.08254],[-82.63987,33.0835],[-82.64155,33.08442],[-82.64138,33.0867],[-82.63962,33.08784],[-82.64072,33.08815],[-82.64066,33.09053],[-82.63931,33.09012],[-82.63957,33.09121],[-82.63819,33.09245],[-82.63818,33.093],[-82.63747,33.09294],[-82.63717,33.09351],[-82.63724,33.09442],[-82.63823,33.09581],[-82.63717,33.0968],[-82.63803,33.10062],[-82.64059,33.10115],[-82.64055,33.10016],[-82.64289,33.10131],[-82.64582,33.10112],[-82.64754,33.10211],[-82.64779,33.1028],[-82.64733,33.10362],[-82.6486,33.1034],[-82.64865,33.10455],[-82.64963,33.10458],[-82.64904,33.10533],[-82.64948,33.10587],[-82.6489,33.10644],[-82.65074,33.10792],[-82.65,33.1084],[-82.6512,33.10895],[-82.65068,33.11008],[-82.65239,33.11063],[-82.65173,33.11122],[-82.65199,33.11201],[-82.65165,33.11228],[-82.65205,33.11263],[-82.65141,33.11377],[-82.65219,33.1147],[-82.65195,33.11535],[-82.65377,33.11594],[-82.65433,33.11558],[-82.65519,33.11604],[-82.65549,33.11762],[-82.65761,33.11808],[-82.65784,33.11897],[-82.65853,33.11946],[-82.65825,33.12206],[-82.65899,33.1235],[-82.66212,33.12548],[-82.66186,33.12643],[-82.66095,33.12724],[-82.66079,33.12898],[-82.66149,33.12837],[-82.66179,33.12949],[-82.66305,33.12973],[-82.66332,33.13036],[-82.66548,33.13031],[-82.66573,33.13131],[-82.66761,33.13161],[-82.66904,33.13255],[-82.66912,33.13332],[-82.67193,33.13513],[-82.67566,33.13389],[-82.67714,33.13466],[-82.67756,33.13364],[-82.67863,33.13403],[-82.67917,33.13352],[-82.67965,33.1351],[-82.68127,33.13516],[-82.68184,33.13628],[-82.68398,33.13586],[-82.6843,33.13681],[-82.68514,33.13739],[-82.6839,33.13844],[-82.6836,33.13984],[-82.68546,33.14068],[-82.68538,33.14165],[-82.68621,33.14277],[-82.68767,33.14223],[-82.68798,33.14267],[-82.68889,33.14261],[-82.68888,33.14333],[-82.69068,33.14323],[-82.69039,33.14459],[-82.69143,33.14411],[-82.69158,33.14487],[-82.69261,33.14483],[-82.69236,33.14567],[-82.69289,33.14621],[-82.69372,33.1452],[-82.69526,33.14552],[-82.69619,33.144],[-82.69909,33.14461],[-82.69967,33.14512],[-82.70045,33.14493],[-82.7023,33.1461],[-82.70215,33.14759],[-82.70678,33.14988],[-82.70714,33.15052],[-82.70632,33.15092],[-82.70884,33.15283],[-82.70829,33.15324],[-82.70856,33.15408],[-82.70812,33.15466],[-82.70885,33.1556],[-82.7098,33.15585],[-82.70898,33.15628],[-82.70942,33.15714],[-82.70852,33.15851],[-82.71015,33.15902],[-82.71093,33.16007],[-82.71077,33.16045],[-82.70959,33.16051],[-82.70943,33.16107],[-82.71163,33.16218],[-82.71363,33.16223],[-82.71312,33.16286],[-82.71415,33.16368],[-82.71322,33.16406],[-82.71331,33.16447],[-82.71601,33.16517],[-82.716,33.16737],[-82.71742,33.16818],[-82.71843,33.16985],[-82.72021,33.17043],[-82.72127,33.17151],[-82.72446,33.17122],[-82.72493,33.17197],[-82.72692,33.17207],[-82.72833,33.17353],[-82.72923,33.17346],[-82.73103,33.1747],[-82.73283,33.17465],[-82.73316,33.17375],[-82.73494,33.17328],[-82.73961,33.17436],[-82.73822,33.17926],[-82.73901,33.18084],[-82.7372,33.18134],[-82.73819,33.18288],[-82.73736,33.18591],[-82.73963,33.18729],[-82.74066,33.1886],[-82.74027,33.19005],[-82.74175,33.19295],[-82.74091,33.19778],[-82.74023,33.19966],[-82.73884,33.20101],[-82.73682,33.20204],[-82.73434,33.20236],[-82.7334,33.20347],[-82.73304,33.20532],[-82.73372,33.20834],[-82.73708,33.20888],[-82.73932,33.20986],[-82.7417,33.21347],[-82.74165,33.21548],[-82.73977,33.2157],[-82.73859,33.21532],[-82.73569,33.21708],[-82.73695,33.21975],[-82.73724,33.22249],[-82.73965,33.22488],[-82.7439,33.22511],[-82.74484,33.22577],[-82.74481,33.22666],[-82.74186,33.22968],[-82.74189,33.23091],[-82.741,33.23204],[-82.74304,33.23386],[-82.74605,33.23402],[-82.74801,33.23753],[-82.74874,33.24025],[-82.74839,33.24505],[-82.74633,33.24577],[-82.74622,33.24647],[-82.7469,33.24746],[-82.74931,33.24873],[-82.75137,33.24915],[-82.75246,33.25182],[-82.75822,33.25474],[-82.7599,33.2548],[-82.76207,33.25378],[-82.76321,33.25384],[-82.76433,33.25588],[-82.76503,33.25904],[-82.76945,33.25885],[-82.77043,33.26077],[-82.7738,33.26002],[-82.77491,33.26406],[-82.77767,33.266],[-82.78355,33.26843],[-82.78449,33.26835],[-82.78508,33.26763],[-82.78558,33.26789],[-82.78553,33.2688],[-82.78229,33.27014],[-82.78205,33.27097],[-82.7842,33.27412],[-82.78489,33.27693],[-82.78461,33.27789],[-82.78386,33.27916],[-82.78081,33.28127],[-82.78157,33.2826],[-82.78176,33.28507],[-82.78078,33.28678],[-82.78232,33.28784],[-82.78082,33.28936],[-82.78067,33.29225],[-82.78136,33.29594],[-82.78266,33.29696],[-82.78173,33.29853],[-82.78353,33.30019],[-82.78356,33.3022],[-82.78162,33.3043],[-82.78167,33.30586],[-82.78224,33.30694],[-82.78394,33.30691],[-82.78416,33.30784],[-82.78352,33.3092],[-82.78512,33.31006],[-82.78805,33.3104],[-82.79256,33.30942],[-82.79396,33.31027],[-82.79371,33.31228],[-82.79576,33.31532],[-82.79604,33.31878],[-82.79339,33.3187],[-82.79081,33.31954],[-82.78924,33.3187],[-82.78922,33.32161],[-82.79686,33.32461],[-82.7974,33.32548],[-82.79742,33.32725],[-82.79936,33.33049],[-82.79926,33.33169],[-82.79787,33.33383],[-82.79816,33.3391],[-82.79696,33.34027],[-82.79885,33.34245],[-82.79818,33.34492],[-82.79853,33.34708],[-82.80161,33.34881],[-82.80059,33.34956],[-82.80078,33.35117],[-82.79949,33.35209],[-82.79899,33.35325],[-82.79768,33.35442],[-82.79744,33.3562],[-82.79871,33.35782],[-82.80065,33.35903],[-82.79996,33.36078],[-82.80015,33.36225],[-82.80188,33.36284],[-82.80322,33.36529],[-82.80587,33.36481]]]}},{"type":"Feature","properties":{"layer":"habitat","species":"Atlantic sturgeon","status":"Endangered","stage":"final","unit":"Unit 5 Altamaha River, Oconee River, and Ocmulgee River","source":"NOAA Fisheries"},"geometry":{"type":"MultiLineString","coordinates":[[[-81.57817,31.4],[-81.57864,31.40031],[-81.57955,31.40185],[-81.57945,31.40388],[-81.58015,31.40569],[-81.58294,31.40862],[-81.58453,31.40961],[-81.58812,31.40977],[-81.58902,31.41063],[-81.58913,31.41181],[-81.58683,31.41494],[-81.58668,31.41621],[-81.58774,31.4162],[-81.59005,31.41515],[-81.5929,31.41537],[-81.5946,31.41681],[-81.5961,31.42019],[-81.59743,31.42155],[-81.60455,31.42554],[-81.60509,31.42653],[-81.60474,31.42957],[-81.60533,31.43138],[-81.60676,31.43255],[-81.61026,31.43416],[-81.61143,31.43537],[-81.61112,31.43624],[-81.60798,31.43747],[-81.60688,31.43884],[-81.6071,31.43997],[-81.61013,31.44249],[-81.61144,31.44618],[-81.61261,31.44673],[-81.6167,31.44625],[-81.62469,31.45035],[-81.62506,31.45154],[-81.62432,31.45297],[-81.61875,31.45661],[-81.61713,31.45825],[-81.61666,31.45972],[-81.61674,31.46357],[-81.61285,31.46752],[-81.61244,31.46918],[-81.61289,31.47074],[-81.61484,31.47335],[-81.6176,31.4785],[-81.62325,31.48478],[-81.62464,31.48501],[-81.62833,31.48334],[-81.63136,31.48349],[-81.63705,31.48616],[-81.64106,31.48893],[-81.64757,31.49549],[-81.64755,31.49672],[-81.64534,31.49931],[-81.6457,31.50148],[-81.64703,31.50248],[-81.64961,31.50287],[-81.65279,31.50408],[-81.65746,31.5087],[-81.65809,31.51059],[-81.65757,31.51542],[-81.6569,31.51673],[-81.65487,31.51781],[-81.65424,31.51882],[-81.65577,31.52196],[-81.65588,31.52375],[-81.65511,31.52501],[-81.6528,31.52655],[-81.65218,31.52852],[-81.65277,31.52935],[-81.65396,31.52963],[-81.65786,31.52809],[-81.66078,31.52804],[-81.66254,31.52862],[-81.66574,31.5311],[-81.66511,31.53324],[-81.66226,31.5357],[-81.66185,31.53659],[-81.66335,31.53932],[-81.66392,31.54157],[-81.66642,31.54303],[-81.66957,31.54706],[-81.672,31.54824],[-81.67568,31.54626],[-81.67763,31.54235],[-81.68054,31.54156],[-81.68177,31.54167],[-81.68276,31.54245],[-81.68288,31.54359],[-81.6806,31.54657],[-81.68026,31.54806],[-81.68072,31.55],[-81.68178,31.55154],[-81.68507,31.55253],[-81.68815,31.55069],[-81.68927,31.55053],[-81.69046,31.55108],[-81.69258,31.5535],[-81.6936,31.55363],[-81.69518,31.55296],[-81.69621,31.55333],[-81.69669,31.55526],[-81.69863,31.55769],[-81.69715,31.55932],[-81.69715,31.56055],[-81.69862,31.56237],[-81.70069,31.56343],[-81.70134,31.56443],[-81.70056,31.56526],[-81.69755,31.56478],[-81.69624,31.56586],[-81.69638,31.56674],[-81.69771,31.56811],[-81.69958,31.57288],[-81.69909,31.57508],[-81.69694,31.57801],[-81.69772,31.57871],[-81.7001,31.57901],[-81.70082,31.5795],[-81.70175,31.58502],[-81.70272,31.58521],[-81.70481,31.58387],[-81.70635,31.58377],[-81.70687,31.58441],[-81.70691,31.58672],[-81.70842,31.58771],[-81.7094,31.58744],[-81.71148,31.58569],[-81.7127,31.5856],[-81.71365,31.58668],[-81.7117,31.58918],[-81.71244,31.59076],[-81.71425,31.59098],[-81.71823,31.58903],[-81.71941,31.59153],[-81.72274,31.59163],[-81.72361,31.59374],[-81.72587,31.59554],[-81.72575,31.59642],[-81.72447,31.59806],[-81.72471,31.59927],[-81.72797,31.60134],[-81.73049,31.60037],[-81.73229,31.60073],[-81.73271,31.60198],[-81.73155,31.60397],[-81.73167,31.60484],[-81.7351,31.60666],[-81.73758,31.60914],[-81.73913,31.60921],[-81.74037,31.6084],[-81.74138,31.60383],[-81.74293,31.60203],[-81.74591,31.60124],[-81.7476,31.60164],[-81.74867,31.60333],[-81.74809,31.60819],[-81.74713,31.60966],[-81.74421,31.61005],[-81.74407,31.61205],[-81.74673,31.61388],[-81.75004,31.61258],[-81.75075,31.61268],[-81.7512,31.61337],[-81.7509,31.61506],[-81.75127,31.61588],[-81.75222,31.61618],[-81.75539,31.61546],[-81.75664,31.61602],[-81.7594,31.6206],[-81.76127,31.62065],[-81.76233,31.62007],[-81.76312,31.61919],[-81.76369,31.61722],[-81.76622,31.6142],[-81.7675,31.61397],[-81.76959,31.61479],[-81.77052,31.6164],[-81.77011,31.61835],[-81.77098,31.62153],[-81.76982,31.62244],[-81.76588,31.62303],[-81.76515,31.62399],[-81.7654,31.62507],[-81.76652,31.62542],[-81.76904,31.62424],[-81.7705,31.62446],[-81.77111,31.62505],[-81.77089,31.62701],[-81.77148,31.62811],[-81.77269,31.62885],[-81.77583,31.62878],[-81.77852,31.63151],[-81.78357,31.6299],[-81.78889,31.6313],[-81.7905,31.63272],[-81.79081,31.63392],[-81.78987,31.63531],[-81.78702,31.63716],[-81.78582,31.63863],[-81.78552,31.6403],[-81.78656,31.64226],[-81.78895,31.64382],[-81.79222,31.64321],[-81.79477,31.64333],[-81.79632,31.64402],[-81.79737,31.64625],[-81.79576,31.64841],[-81.79558,31.64944],[-81.79682,31.6524],[-81.79827,31.6534],[-81.80282,31.65357],[-81.8061,31.65485],[-81.80735,31.65647],[-81.80796,31.6587],[-81.80989,31.66185],[-81.81262,31.66401],[-81.81454,31.66475],[-81.81648,31.66479],[-81.81767,31.66413],[-81.81833,31.66298],[-81.81765,31.6616],[-81.81408,31.66017],[-81.81253,31.65871],[-81.81164,31.6563],[-81.8118,31.65404],[-81.81415,31.65226],[-81.82055,31.65117],[-81.82461,31.65228],[-81.83078,31.65724],[-81.83075,31.65868],[-81.82851,31.65981],[-81.82773,31.66086],[-81.82781,31.66259],[-81.82875,31.66365],[-81.83553,31.66339],[-81.83676,31.66429],[-81.83885,31.6671],[-81.84029,31.66809],[-81.8483,31.66724],[-81.85177,31.66828],[-81.85259,31.66986],[-81.85231,31.6719],[-81.85153,31.67289],[-81.8481,31.67464],[-81.84745,31.6763],[-81.8479,31.67777],[-81.85404,31.68012],[-81.85685,31.68414],[-81.85945,31.68657],[-81.8647,31.68891],[-81.86704,31.69096],[-81.87062,31.69712],[-81.87171,31.6999],[-81.87393,31.70312],[-81.87438,31.70584],[-81.87416,31.70993],[-81.87517,31.71198],[-81.87693,31.7131],[-81.88304,31.71412],[-81.89125,31.71734],[-81.90527,31.72452],[-81.90702,31.72639],[-81.90807,31.72853],[-81.90996,31.73069],[-81.90977,31.73387],[-81.91027,31.73585],[-81.91252,31.738],[-81.9135,31.73993],[-81.91257,31.74379],[-81.90918,31.74673],[-81.90962,31.75063],[-81.91145,31.75331],[-81.9138,31.75532],[-81.91651,31.75678],[-81.91923,31.75941],[-81.9207,31.75987],[-81.92303,31.75973],[-81.92578,31.76147],[-81.92712,31.76138],[-81.92891,31.76038],[-81.9322,31.76206],[-81.93517,31.76232],[-81.93755,31.76163],[-81.94079,31.7594],[-81.94289,31.75926],[-81.94374,31.75975],[-81.94414,31.76092],[-81.94263,31.76425],[-81.94307,31.76667],[-81.94445,31.76775],[-81.94863,31.76893],[-81.95079,31.77054],[-81.95145,31.77837],[-81.95079,31.7852],[-81.95336,31.78896],[-81.95732,31.78972],[-81.96315,31.78938],[-81.9656,31.78706],[-81.97621,31.78266],[-81.98289,31.78498],[-81.9989,31.79397],[-81.99894,31.79531],[-81.99639,31.79652],[-81.99559,31.79756],[-81.99573,31.79897],[-81.99691,31.80032],[-81.99931,31.80089],[-82.00424,31.79963],[-82.00642,31.8],[-82.00699,31.802],[-82.00593,31.80538],[-82.00624,31.80758],[-82.00721,31.80872],[-82.01106,31.80992],[-82.01252,31.81144],[-82.0144,31.82165],[-82.01594,31.82384],[-82.01875,31.82453],[-82.02035,31.82397],[-82.02118,31.82233],[-82.02123,31.81864],[-82.02182,31.81663],[-82.0229,31.81544],[-82.02487,31.81483],[-82.02725,31.81534],[-82.0303,31.81911],[-82.03347,31.82085],[-82.03503,31.82095],[-82.03865,31.82005],[-82.04185,31.82051],[-82.04439,31.82224],[-82.0485,31.82744],[-82.05797,31.83219],[-82.06103,31.83515],[-82.06446,31.83744],[-82.06838,31.83946],[-82.08109,31.84295],[-82.08236,31.84419],[-82.08275,31.84603],[-82.0843,31.84839],[-82.09261,31.85281],[-82.09655,31.85771],[-82.10306,31.86122],[-82.10624,31.86379],[-82.10793,31.86431],[-82.11286,31.86288],[-82.11533,31.86331],[-82.11627,31.86502],[-82.11537,31.86667],[-82.1115,31.86778],[-82.10931,31.86995],[-82.10903,31.87296],[-82.10958,31.8789],[-82.10763,31.88313],[-82.10835,31.88595],[-82.1122,31.89177],[-82.11056,31.89502],[-82.11032,31.89646],[-82.11056,31.8995],[-82.11157,31.90062],[-82.11442,31.9014],[-82.11568,31.90071],[-82.11656,31.8995],[-82.11675,31.89851],[-82.11598,31.89573],[-82.11599,31.89143],[-82.11534,31.88986],[-82.11553,31.8882],[-82.11808,31.88656],[-82.12081,31.88618],[-82.12522,31.88955],[-82.13412,31.89071],[-82.13576,31.89222],[-82.13616,31.89432],[-82.13367,31.89753],[-82.13122,31.90316],[-82.13221,31.90644],[-82.13422,31.90782],[-82.1369,31.90757],[-82.14008,31.90552],[-82.14248,31.89958],[-82.14488,31.89821],[-82.14814,31.89836],[-82.1492,31.89878],[-82.15234,31.90171],[-82.1562,31.90329],[-82.15994,31.90406],[-82.16462,31.90375],[-82.17553,31.90201],[-82.1905,31.90042],[-82.19176,31.90063],[-82.19225,31.90161],[-82.19199,31.90238],[-82.19054,31.90409],[-82.19087,31.90512],[-82.19247,31.90663],[-82.20019,31.90611],[-82.20719,31.91024],[-82.20903,31.91013],[-82.21149,31.90926],[-82.21539,31.90989],[-82.21837,31.9095],[-82.21957,31.91015],[-82.22047,31.91279],[-82.22285,31.9136],[-82.2244,31.91345],[-82.22775,31.91191],[-82.22981,31.912],[-82.23102,31.91352],[-82.23178,31.91776],[-82.23512,31.9203],[-82.23679,31.92041],[-82.23829,31.91978],[-82.24082,31.91637],[-82.24233,31.91526],[-82.24404,31.91485],[-82.2461,31.91517],[-82.24735,31.91645],[-82.24818,31.92133],[-82.25357,31.92673],[-82.25549,31.93225],[-82.25716,31.93278],[-82.25871,31.93262],[-82.25962,31.93189],[-82.26021,31.9299],[-82.26129,31.92858],[-82.26285,31.92806],[-82.26526,31.92809],[-82.26617,31.92881],[-82.26817,31.93365],[-82.26987,31.93603],[-82.278,31.93763],[-82.28421,31.94223],[-82.2858,31.94292],[-82.29011,31.9429],[-82.29262,31.94179],[-82.29476,31.93935],[-82.29685,31.93464],[-82.29831,31.9335],[-82.30017,31.93323],[-82.30179,31.93382],[-82.3027,31.93502],[-82.30304,31.93795],[-82.30417,31.93857],[-82.30564,31.9386],[-82.30715,31.93733],[-82.30761,31.93432],[-82.30831,31.93321],[-82.31091,31.9317],[-82.31378,31.93114],[-82.31656,31.93161],[-82.32218,31.93425],[-82.33066,31.93519],[-82.33808,31.93781],[-82.35671,31.93976],[-82.35875,31.94086],[-82.36075,31.94348],[-82.36303,31.94418],[-82.36448,31.94408],[-82.36875,31.94231],[-82.37702,31.94165],[-82.37804,31.94228],[-82.37873,31.94349],[-82.37875,31.94588],[-82.37687,31.94826],[-82.37199,31.95152],[-82.37191,31.95366],[-82.37308,31.95448],[-82.3756,31.95437],[-82.37942,31.95502],[-82.38164,31.95706],[-82.38307,31.95956],[-82.38496,31.96047],[-82.38697,31.96008],[-82.38892,31.95765],[-82.38872,31.95597],[-82.38603,31.95269],[-82.38519,31.95067],[-82.38619,31.94876],[-82.38848,31.9482],[-82.38987,31.94857],[-82.39163,31.95018],[-82.39194,31.9539],[-82.3932,31.95588],[-82.39653,31.95777],[-82.3981,31.95933],[-82.40035,31.96033],[-82.40247,31.96001],[-82.40438,31.95838],[-82.40454,31.9568],[-82.4023,31.95409],[-82.402,31.95215],[-82.40372,31.94953],[-82.40498,31.94889],[-82.40634,31.94886],[-82.40775,31.94947],[-82.40837,31.95047],[-82.40768,31.95399],[-82.40895,31.95621],[-82.41752,31.95918],[-82.42361,31.9635],[-82.42653,31.96475],[-82.44092,31.96763],[-82.44498,31.96703],[-82.4541,31.96382],[-82.45598,31.96367],[-82.46965,31.96798],[-82.47814,31.9716],[-82.47946,31.97138],[-82.48396,31.96865],[-82.49107,31.96881],[-82.49388,31.96806],[-82.49619,31.96624],[-82.49912,31.96149],[-82.50014,31.95886],[-82.49986,31.95801],[-82.49909,31.95756],[-82.49375,31.95939],[-82.48821,31.95733],[-82.4818,31.95826],[-82.4801,31.95685],[-82.47993,31.95597],[-82.48051,31.95472],[-82.48305,31.95232],[-82.48672,31.95019],[-82.49119,31.94868],[-82.49551,31.94863],[-82.50377,31.95022],[-82.50752,31.95188],[-82.51647,31.95766],[-82.52739,31.95868],[-82.52929,31.95946],[-82.53254,31.96175],[-82.53455,31.96114],[-82.53611,31.95813],[-82.53749,31.95735],[-82.53957,31.95744],[-82.54369,31.95925]],[[-82.54369,31.95925],[-82.54463,31.95843],[-82.54434,31.95632],[-82.5458,31.95568],[-82.55129,31.95719],[-82.55431,31.95963],[-82.5557,31.95877],[-82.55517,31.9566],[-82.55618,31.95554],[-82.55774,31.9556],[-82.56054,31.9572],[-82.56237,31.95762],[-82.56466,31.95738],[-82.56739,31.9562],[-82.57067,31.95407],[-82.57684,31.94888],[-82.58068,31.94203],[-82.58607,31.93988],[-82.58686,31.93852],[-82.58625,31.93682],[-82.58673,31.93585],[-82.58888,31.93528],[-82.59164,31.93706],[-82.5926,31.93687],[-82.59326,31.93576],[-82.59346,31.93289],[-82.59453,31.93183],[-82.59577,31.93173],[-82.59673,31.93239],[-82.59797,31.93635],[-82.59896,31.93773],[-82.60059,31.93853],[-82.60236,31.93853],[-82.60388,31.9376],[-82.60637,31.93387],[-82.6099,31.93071],[-82.61279,31.92919],[-82.61433,31.9271],[-82.61951,31.927],[-82.6215,31.929],[-82.62293,31.92905],[-82.62358,31.92812],[-82.6225,31.92625],[-82.62408,31.92393],[-82.62865,31.92308],[-82.63058,31.92558],[-82.63328,31.92483],[-82.63524,31.92497],[-82.63822,31.92169],[-82.6396,31.92128],[-82.64193,31.92153],[-82.6429,31.92072],[-82.64367,31.91913],[-82.64665,31.91866],[-82.64777,31.91715],[-82.64928,31.91635],[-82.65052,31.91644],[-82.65123,31.91719],[-82.65075,31.91978],[-82.65145,31.92096],[-82.6523,31.92126],[-82.65473,31.92041],[-82.6563,31.92053],[-82.65677,31.923],[-82.65785,31.92378],[-82.65909,31.92322],[-82.66029,31.92064],[-82.66191,31.92004],[-82.66305,31.92009],[-82.66535,31.92117],[-82.66873,31.92154],[-82.67593,31.91957],[-82.68218,31.92076],[-82.68289,31.91949],[-82.68269,31.91708],[-82.68177,31.91639],[-82.67921,31.91639],[-82.67663,31.91415],[-82.67603,31.91219],[-82.67695,31.91032],[-82.67916,31.9093],[-82.68395,31.90879],[-82.68491,31.90649],[-82.6887,31.90491],[-82.68888,31.90252],[-82.68942,31.90155],[-82.69383,31.8986],[-82.69591,31.89875],[-82.69662,31.90243],[-82.69819,31.90376],[-82.6993,31.90372],[-82.70138,31.89974],[-82.70268,31.89917],[-82.70551,31.89894],[-82.70627,31.89834],[-82.70725,31.89323],[-82.70893,31.89177],[-82.71017,31.88962],[-82.71189,31.88921],[-82.71355,31.88972],[-82.71479,31.88955],[-82.71563,31.88878],[-82.71559,31.88663],[-82.71619,31.88604],[-82.71753,31.88591],[-82.71951,31.88706],[-82.72064,31.88714],[-82.72294,31.884],[-82.72601,31.88206],[-82.72703,31.88193],[-82.72969,31.88318],[-82.7305,31.88311],[-82.73126,31.88264],[-82.732,31.88093],[-82.73432,31.8799],[-82.73614,31.87807],[-82.74047,31.87751],[-82.74297,31.87635],[-82.7454,31.87322],[-82.74992,31.87059],[-82.75383,31.86645],[-82.75427,31.86518],[-82.75321,31.86147],[-82.7565,31.85904],[-82.75698,31.85723],[-82.76183,31.85782],[-82.7624,31.85981],[-82.76317,31.86066],[-82.76537,31.86056],[-82.76703,31.86163],[-82.76876,31.86196],[-82.77001,31.86133],[-82.77022,31.86048],[-82.76968,31.85941],[-82.76797,31.85823],[-82.76775,31.857],[-82.76852,31.85608],[-82.7699,31.85577],[-82.77326,31.85808],[-82.77257,31.86072],[-82.77273,31.86222],[-82.77566,31.863],[-82.7767,31.86259],[-82.77714,31.8617],[-82.77587,31.86034],[-82.77582,31.85885],[-82.77649,31.85831],[-82.77868,31.85809],[-82.78094,31.85656],[-82.78152,31.85504],[-82.78129,31.85344],[-82.78199,31.85278],[-82.78317,31.85249],[-82.78596,31.85388],[-82.78988,31.85418],[-82.79201,31.84825],[-82.79204,31.84655],[-82.79057,31.84411],[-82.78521,31.84224],[-82.78444,31.83991],[-82.78539,31.83795],[-82.78944,31.83588],[-82.79131,31.83434],[-82.79275,31.83453],[-82.79427,31.83559],[-82.79578,31.83533],[-82.80283,31.82909],[-82.80354,31.82932],[-82.8038,31.83126],[-82.80524,31.83116],[-82.80692,31.82932],[-82.80938,31.82812],[-82.80988,31.82735],[-82.8097,31.82642],[-82.80727,31.82526],[-82.80751,31.82365],[-82.81047,31.82249],[-82.81316,31.82071],[-82.81385,31.81917],[-82.81469,31.81864],[-82.81683,31.82016],[-82.81855,31.82027],[-82.81981,31.81741],[-82.82353,31.8155],[-82.8245,31.8136],[-82.82638,31.81351],[-82.82759,31.81418],[-82.82817,31.81538],[-82.82684,31.8165],[-82.82672,31.81727],[-82.82953,31.81843],[-82.83224,31.81825],[-82.83595,31.81643],[-82.83857,31.81603],[-82.83917,31.81519],[-82.83919,31.81413],[-82.83689,31.81263],[-82.83647,31.81087],[-82.83753,31.81053],[-82.84003,31.81225],[-82.84166,31.81227],[-82.84222,31.81126],[-82.84183,31.80869],[-82.84417,31.80607],[-82.84558,31.80254],[-82.8485,31.80061],[-82.84986,31.79819],[-82.85102,31.79783],[-82.85249,31.79887],[-82.85371,31.79911],[-82.85575,31.79846],[-82.85616,31.7976],[-82.85616,31.79467],[-82.85864,31.79323],[-82.85864,31.79245],[-82.85755,31.79152],[-82.85741,31.79059],[-82.86088,31.78893],[-82.86238,31.78691],[-82.86231,31.78381],[-82.86335,31.78316],[-82.86475,31.78348],[-82.86687,31.78552],[-82.86852,31.78584],[-82.86924,31.78502],[-82.86784,31.78358],[-82.8682,31.78259],[-82.87168,31.7833],[-82.87468,31.78123],[-82.87741,31.7811],[-82.87797,31.78159],[-82.87777,31.78229],[-82.87609,31.78346],[-82.87407,31.78397],[-82.87362,31.78462],[-82.87504,31.78576],[-82.87567,31.78692],[-82.87651,31.78725],[-82.87785,31.78519],[-82.88072,31.78603],[-82.88241,31.78557],[-82.88238,31.78467],[-82.88065,31.78367],[-82.88101,31.78247],[-82.8861,31.78183],[-82.88654,31.78134],[-82.8865,31.78013],[-82.887,31.77975],[-82.88861,31.7804],[-82.8903,31.78041],[-82.89244,31.78246],[-82.89642,31.78363],[-82.89839,31.78286],[-82.89939,31.7832],[-82.89874,31.78527],[-82.89957,31.78644],[-82.89957,31.78734],[-82.89658,31.79],[-82.89731,31.79117],[-82.89902,31.79142],[-82.90029,31.79092],[-82.90458,31.78732],[-82.90644,31.78649],[-82.90763,31.78498],[-82.91064,31.78499],[-82.91262,31.78414],[-82.91485,31.78414],[-82.9162,31.78332],[-82.91898,31.78458],[-82.92275,31.78464],[-82.92887,31.78566],[-82.93078,31.78643],[-82.93381,31.78591],[-82.93474,31.78771],[-82.93699,31.78638],[-82.93962,31.78759],[-82.94055,31.78756],[-82.9411,31.78695],[-82.94111,31.78473],[-82.94269,31.7842],[-82.94347,31.78477],[-82.94457,31.78733],[-82.94595,31.78786],[-82.947,31.78714],[-82.94582,31.78486],[-82.94646,31.78372],[-82.94726,31.78376],[-82.94806,31.78485],[-82.9491,31.78535],[-82.95196,31.78376],[-82.95648,31.78304],[-82.95844,31.78376],[-82.95984,31.78586],[-82.96107,31.78587],[-82.96266,31.7847],[-82.96402,31.7847],[-82.96484,31.78534],[-82.96605,31.78795],[-82.96958,31.78836],[-82.96987,31.78938],[-82.9687,31.79146],[-82.96955,31.79271],[-82.97117,31.79273],[-82.97256,31.79127],[-82.97347,31.79096],[-82.97544,31.7927],[-82.97759,31.79338],[-82.97904,31.79288],[-82.98062,31.79119],[-82.98316,31.78969],[-82.98326,31.78858],[-82.98239,31.7872],[-82.98182,31.78491],[-82.98251,31.78391],[-82.98406,31.78421],[-82.98405,31.78615],[-82.98473,31.78687],[-82.98873,31.78812],[-82.99047,31.78733],[-82.99173,31.78445],[-82.99186,31.78301],[-82.9916,31.78154],[-82.99001,31.77959],[-82.98973,31.77749],[-82.99058,31.77654],[-82.9916,31.77684],[-82.99296,31.77955],[-82.99669,31.78152],[-82.99841,31.78192],[-82.99996,31.78101],[-83.0,31.77827],[-83.00046,31.77732],[-83.00247,31.77566],[-83.00508,31.77454],[-83.00686,31.77496],[-83.00972,31.77752],[-83.01528,31.77947],[-83.02178,31.77919],[-83.02726,31.77798],[-83.03039,31.78039],[-83.0308,31.78299],[-83.03153,31.78388],[-83.0333,31.78456],[-83.03551,31.78635],[-83.03902,31.78599],[-83.04006,31.78635],[-83.04013,31.78738],[-83.03823,31.78912],[-83.03903,31.79048],[-83.04604,31.79157],[-83.04653,31.79092],[-83.04617,31.78944],[-83.0468,31.78882],[-83.04803,31.78887],[-83.05025,31.7902],[-83.05284,31.78915],[-83.05418,31.78983],[-83.05503,31.79161],[-83.05609,31.79244],[-83.05701,31.7922],[-83.05815,31.79103],[-83.05939,31.79096],[-83.05983,31.79152],[-83.05981,31.7936],[-83.06456,31.79456],[-83.06524,31.79517],[-83.06549,31.79634],[-83.06624,31.79684],[-83.06706,31.79683],[-83.06806,31.79607],[-83.06995,31.79635],[-83.07133,31.79808],[-83.07192,31.80098],[-83.07263,31.80162],[-83.07633,31.80153],[-83.07728,31.80098],[-83.07807,31.79957],[-83.07921,31.79943],[-83.08403,31.80294],[-83.08431,31.80532],[-83.08584,31.80707],[-83.08455,31.80949],[-83.08456,31.81041],[-83.08533,31.81208],[-83.08636,31.81291],[-83.08772,31.81295],[-83.08897,31.81219],[-83.0886,31.80957],[-83.08997,31.80748],[-83.09054,31.80755],[-83.09089,31.80869],[-83.09157,31.80896],[-83.09452,31.80771],[-83.09713,31.80822],[-83.09908,31.80804],[-83.10002,31.8087],[-83.10058,31.81078],[-83.10284,31.81367],[-83.10389,31.81405],[-83.10635,31.81392],[-83.10742,31.81452],[-83.10744,31.81538],[-83.1059,31.81661],[-83.10545,31.81765],[-83.10587,31.81877],[-83.10702,31.81907],[-83.11122,31.81676],[-83.11279,31.81322],[-83.11246,31.81227],[-83.11175,31.81195],[-83.11,31.8133],[-83.10825,31.81319],[-83.10746,31.81171],[-83.10847,31.81008],[-83.1118,31.80897],[-83.11436,31.8114],[-83.11642,31.81177],[-83.12297,31.81142],[-83.12955,31.80989],[-83.13519,31.8133],[-83.13913,31.81465],[-83.14097,31.81777],[-83.14083,31.81841],[-83.14002,31.81847],[-83.13829,31.8176],[-83.1371,31.81603],[-83.13481,31.81585],[-83.13314,31.81496],[-83.1322,31.81532],[-83.13232,31.81596],[-83.13389,31.81715],[-83.13243,31.82027],[-83.13466,31.82431],[-83.13802,31.82559],[-83.14314,31.82508],[-83.14601,31.82424],[-83.14872,31.82461],[-83.15036,31.82428],[-83.15223,31.82508],[-83.15335,31.82632],[-83.15314,31.82692],[-83.15146,31.82752],[-83.15084,31.82837],[-83.1506,31.82951],[-83.1516,31.83118],[-83.15739,31.83264],[-83.16097,31.83483],[-83.16033,31.83627],[-83.16076,31.83744],[-83.16822,31.83934],[-83.17307,31.84294],[-83.17716,31.84763],[-83.17689,31.84977],[-83.1773,31.85256],[-83.17988,31.85309],[-83.17999,31.85393],[-83.17906,31.85507],[-83.17904,31.8559],[-83.18313,31.85823],[-83.18363,31.85924],[-83.18338,31.85991],[-83.18119,31.86119],[-83.18069,31.86355],[-83.17705,31.86731],[-83.17678,31.86817],[-83.17756,31.86967],[-83.17957,31.87016],[-83.18036,31.87096],[-83.18016,31.87159],[-83.17872,31.8726],[-83.17846,31.87368],[-83.18151,31.87601],[-83.18091,31.87808],[-83.18115,31.87906],[-83.18284,31.87955],[-83.18358,31.87765],[-83.18655,31.87683],[-83.18936,31.87451],[-83.1906,31.87457],[-83.19257,31.87556],[-83.19275,31.87668],[-83.19202,31.87877],[-83.19259,31.87976],[-83.19369,31.8797],[-83.19446,31.87832],[-83.19523,31.87798],[-83.1996,31.87981],[-83.19991,31.8807],[-83.19811,31.88188],[-83.1975,31.88323],[-83.19774,31.884],[-83.2,31.88384],[-83.20416,31.88459],[-83.2041,31.88536],[-83.20177,31.88556],[-83.20111,31.88673],[-83.20152,31.88747],[-83.20397,31.88851],[-83.20443,31.88944],[-83.20421,31.89037],[-83.20291,31.89152],[-83.20049,31.89144],[-83.19987,31.89239],[-83.20142,31.89357],[-83.20522,31.89353],[-83.20768,31.89563],[-83.20765,31.89649],[-83.20575,31.89807],[-83.2055,31.90275],[-83.20455,31.90538],[-83.20619,31.90587],[-83.2078,31.90464],[-83.21008,31.90442],[-83.21134,31.90708],[-83.21374,31.90786],[-83.21518,31.90945],[-83.21565,31.91082],[-83.21527,31.91315],[-83.21728,31.91407],[-83.21822,31.91514],[-83.21837,31.91846],[-83.21402,31.9202],[-83.21368,31.92119],[-83.2145,31.92161],[-83.21741,31.92135],[-83.22012,31.92234],[-83.22033,31.92332],[-83.21871,31.92523],[-83.2191,31.92659],[-83.2213,31.92758],[-83.22419,31.93],[-83.22833,31.93161],[-83.22826,31.93413],[-83.22689,31.93535],[-83.22617,31.93679],[-83.22663,31.93848],[-83.23026,31.93804],[-83.23451,31.94053],[-83.23951,31.94092],[-83.24082,31.94185],[-83.24073,31.94249],[-83.23873,31.94422],[-83.23919,31.94788],[-83.23729,31.9481],[-83.23641,31.94866],[-83.23555,31.95079],[-83.23647,31.95098],[-83.23913,31.9502],[-83.24023,31.95244],[-83.24184,31.95247],[-83.2433,31.94754],[-83.24304,31.94573],[-83.2443,31.94503],[-83.24534,31.94551],[-83.24661,31.94747],[-83.24799,31.94843],[-83.26223,31.95255],[-83.26367,31.95402],[-83.265,31.9583],[-83.26929,31.9599],[-83.27039,31.96099],[-83.27249,31.96486],[-83.27926,31.96856],[-83.28006,31.96971],[-83.28087,31.97303],[-83.28214,31.97429],[-83.28504,31.97586],[-83.28511,31.97642],[-83.28436,31.97724],[-83.28417,31.97995],[-83.28329,31.98161],[-83.28446,31.98424],[-83.28609,31.98476],[-83.29043,31.98284],[-83.29205,31.98345],[-83.29196,31.9845],[-83.28952,31.98821],[-83.28929,31.99153],[-83.2875,31.99176],[-83.2869,31.99349],[-83.28584,31.99403],[-83.28545,31.99358],[-83.28545,31.99185],[-83.28224,31.98946],[-83.28076,31.98922],[-83.28021,31.98994],[-83.28036,31.99233],[-83.27837,31.99403],[-83.27811,31.9952],[-83.27967,31.99764],[-83.28121,31.99863],[-83.2827,31.99879],[-83.28417,31.99758],[-83.28566,31.99787],[-83.28572,31.9992],[-83.28298,32.00105],[-83.28297,32.00221],[-83.28387,32.00293],[-83.29032,32.00265],[-83.29161,32.00156],[-83.29303,32.0011],[-83.29569,32.00152],[-83.2955,32.00221],[-83.29334,32.0025],[-83.29135,32.00414],[-83.29174,32.00481],[-83.29343,32.00555],[-83.2968,32.01048],[-83.29685,32.01177],[-83.29548,32.01452],[-83.2961,32.01552],[-83.29605,32.01678],[-83.29439,32.02013],[-83.29331,32.02094],[-83.29202,32.02064],[-83.2912,32.01834],[-83.29021,32.01797],[-83.28945,32.0184],[-83.29,32.02121],[-83.28949,32.02658],[-83.29035,32.02768],[-83.29206,32.02809],[-83.29475,32.02819],[-83.29591,32.02684],[-83.29716,32.02729],[-83.29774,32.02964],[-83.29946,32.03105],[-83.29985,32.03252],[-83.29782,32.03512],[-83.29479,32.03673],[-83.29455,32.03834],[-83.29512,32.03878],[-83.29718,32.03885],[-83.29878,32.04201],[-83.3,32.04243]],[[-83.3,32.06667],[-83.29961,32.06779],[-83.29981,32.07017],[-83.3,32.07032]],[[-83.3,32.07407],[-83.2999,32.07379],[-83.29857,32.07353],[-83.29744,32.07387],[-83.29591,32.07527],[-83.29488,32.07873],[-83.29747,32.07953],[-83.29882,32.0785],[-83.29953,32.07675],[-83.3,32.07672]],[[-82.54369,31.95925],[-82.54013,31.96323],[-82.53914,31.96788],[-82.54081,31.97306],[-82.54467,31.97752],[-82.54621,31.98102],[-82.54721,31.9816],[-82.55055,31.98181],[-82.55218,31.98135],[-82.5546,31.97983],[-82.55568,31.98003],[-82.55622,31.9814],[-82.55575,31.9846],[-82.55602,31.98619],[-82.55865,31.99034],[-82.55899,31.99261],[-82.56021,31.99259],[-82.56108,31.99052],[-82.56226,31.98953],[-82.5638,31.98932],[-82.56552,31.98998],[-82.57065,31.99599],[-82.57816,32.00002],[-82.58755,32.0069],[-82.5918,32.00868],[-82.59252,32.01137],[-82.59476,32.01161],[-82.59815,32.01439],[-82.59783,32.01587],[-82.59549,32.01613],[-82.59487,32.01743],[-82.59547,32.01812],[-82.59803,32.01843],[-82.60029,32.01953],[-82.60138,32.02137],[-82.60071,32.02652],[-82.59784,32.0284],[-82.59762,32.02988],[-82.60113,32.03238],[-82.60233,32.03269],[-82.60512,32.03075],[-82.60697,32.03118],[-82.60748,32.03213],[-82.60623,32.03364],[-82.60601,32.03491],[-82.60866,32.03677],[-82.60914,32.03839],[-82.60873,32.03966],[-82.60505,32.03997],[-82.60359,32.04087],[-82.6026,32.04289],[-82.60228,32.04752],[-82.60514,32.04873],[-82.60641,32.05066],[-82.6093,32.05119],[-82.60992,32.05169],[-82.61037,32.05503],[-82.60958,32.05674],[-82.60965,32.05767],[-82.61271,32.05867],[-82.61397,32.06033],[-82.61344,32.06225],[-82.61106,32.06582],[-82.61152,32.06713],[-82.6131,32.06892],[-82.61318,32.07074],[-82.61254,32.07134],[-82.60877,32.07141],[-82.60828,32.07265],[-82.61104,32.07601],[-82.61335,32.07694],[-82.6147,32.07936],[-82.61586,32.07943],[-82.61716,32.07873],[-82.61844,32.07889],[-82.62065,32.08078],[-82.62278,32.08139],[-82.62343,32.08251],[-82.62302,32.08371],[-82.62,32.0843],[-82.61834,32.08589],[-82.61739,32.08616],[-82.61646,32.08582],[-82.61498,32.08368],[-82.61384,32.08372],[-82.61327,32.08427],[-82.61143,32.08843],[-82.61267,32.09148],[-82.61277,32.09558],[-82.613,32.09642],[-82.61743,32.10076],[-82.61685,32.1015],[-82.61453,32.10035],[-82.61337,32.10066],[-82.61438,32.10233],[-82.61433,32.10361],[-82.61238,32.10411],[-82.61108,32.10639],[-82.61134,32.10709],[-82.61233,32.10731],[-82.61346,32.10564],[-82.61669,32.10488],[-82.61779,32.10534],[-82.6171,32.10785],[-82.62078,32.10967],[-82.62045,32.11235],[-82.62352,32.11345],[-82.62367,32.11469],[-82.62266,32.11695],[-82.62269,32.11787],[-82.6253,32.1199],[-82.62494,32.12295],[-82.62601,32.12557],[-82.6272,32.12721],[-82.6298,32.12877],[-82.63048,32.13156],[-82.62991,32.13259],[-82.62671,32.13249],[-82.62533,32.13326],[-82.6246,32.1363],[-82.62173,32.1387],[-82.61909,32.14191],[-82.61901,32.14571],[-82.61438,32.14859],[-82.61356,32.14958],[-82.61386,32.15166],[-82.61328,32.15397],[-82.61288,32.16155],[-82.61376,32.16242],[-82.61713,32.16358],[-82.61843,32.16456],[-82.61871,32.16732],[-82.62217,32.16719],[-82.62655,32.16924],[-82.62614,32.17047],[-82.62371,32.1713],[-82.62344,32.17415],[-82.62405,32.17493],[-82.62738,32.17549],[-82.62777,32.1773],[-82.62378,32.1797],[-82.6235,32.18178],[-82.62453,32.18278],[-82.62708,32.18242],[-82.62793,32.18295],[-82.62824,32.18592],[-82.63132,32.19155],[-82.63219,32.1953],[-82.63048,32.19973],[-82.63002,32.20278],[-82.62887,32.2037],[-82.62603,32.20465],[-82.62536,32.20542],[-82.62538,32.20653],[-82.62844,32.20994],[-82.63589,32.22093],[-82.63573,32.22325],[-82.63323,32.22434],[-82.63233,32.22528],[-82.63307,32.22709],[-82.63367,32.23234],[-82.63622,32.23328],[-82.63861,32.23565],[-82.64164,32.23687],[-82.64215,32.23757],[-82.64231,32.24042],[-82.64312,32.24172],[-82.64518,32.2433],[-82.64757,32.24384],[-82.64897,32.24531],[-82.64902,32.24633],[-82.64815,32.24773],[-82.648,32.25007],[-82.64472,32.25097],[-82.64447,32.25336],[-82.64349,32.25438],[-82.64497,32.25842],[-82.64393,32.25903],[-82.64192,32.258],[-82.64045,32.2583],[-82.63866,32.26415],[-82.63753,32.26605],[-82.63753,32.26924],[-82.63954,32.27069],[-82.64129,32.27504],[-82.64594,32.27567],[-82.64822,32.27712],[-82.64797,32.27974],[-82.64892,32.28241],[-82.64626,32.28379],[-82.64654,32.28607],[-82.64807,32.28651],[-82.65021,32.28572],[-82.65122,32.28641],[-82.65026,32.28938],[-82.64386,32.29092],[-82.64442,32.29573],[-82.64538,32.29617],[-82.64667,32.29576],[-82.64681,32.295],[-82.64561,32.29284],[-82.64678,32.29243],[-82.64854,32.29464],[-82.6506,32.29623],[-82.65352,32.2975],[-82.65649,32.29811],[-82.65721,32.29957],[-82.65703,32.30205],[-82.65809,32.30286],[-82.65876,32.30132],[-82.66111,32.30076],[-82.66228,32.29945],[-82.66306,32.29698],[-82.66373,32.2963],[-82.66642,32.29473],[-82.67428,32.29354],[-82.67624,32.29553],[-82.67835,32.29591],[-82.68172,32.2951],[-82.68651,32.29556],[-82.69416,32.29444],[-82.69803,32.29564],[-82.69911,32.29694],[-82.70218,32.29879],[-82.70665,32.29785],[-82.70831,32.29828],[-82.70875,32.29897],[-82.70838,32.29983],[-82.70501,32.30071],[-82.70499,32.30155],[-82.70673,32.30321],[-82.70981,32.30434],[-82.71166,32.30744],[-82.71245,32.3073],[-82.71382,32.30535],[-82.7189,32.30531],[-82.72001,32.3059],[-82.72036,32.30794],[-82.72165,32.30878],[-82.72267,32.3106],[-82.72358,32.31067],[-82.72435,32.30907],[-82.72512,32.30861],[-82.72765,32.31001],[-82.72998,32.31037],[-82.73047,32.31096],[-82.73036,32.31179],[-82.7263,32.31385],[-82.72532,32.31479],[-82.72524,32.31558],[-82.72632,32.31594],[-82.72782,32.31518],[-82.729,32.31522],[-82.73223,32.3178],[-82.73546,32.31918],[-82.73592,32.31996],[-82.73564,32.32053],[-82.73309,32.32087],[-82.73273,32.32371],[-82.73394,32.32406],[-82.73559,32.3225],[-82.73692,32.32246],[-82.73739,32.32479],[-82.73977,32.32663],[-82.73976,32.32783],[-82.73869,32.3292],[-82.73894,32.33012],[-82.74068,32.3308],[-82.74387,32.33029],[-82.74539,32.33056],[-82.74614,32.33186],[-82.74573,32.33264],[-82.74469,32.33327],[-82.74268,32.3333],[-82.74191,32.33442],[-82.74268,32.33547],[-82.74478,32.33605],[-82.7457,32.33706],[-82.74464,32.34115],[-82.74389,32.34174],[-82.74271,32.34166],[-82.74222,32.34083],[-82.74268,32.3379],[-82.74195,32.33807],[-82.74029,32.3373],[-82.73692,32.33814],[-82.7346,32.34084],[-82.73072,32.34953],[-82.72765,32.35457],[-82.72778,32.35598],[-82.72855,32.35663],[-82.72968,32.35691],[-82.7308,32.3562],[-82.73178,32.3564],[-82.73162,32.35756],[-82.73071,32.35867],[-82.72848,32.35904],[-82.72792,32.3599],[-82.72831,32.36074],[-82.73047,32.36147],[-82.7309,32.36281],[-82.72965,32.36321],[-82.72755,32.36208],[-82.72552,32.36194],[-82.72444,32.36361],[-82.72425,32.36498],[-82.7247,32.36593],[-82.72825,32.36663],[-82.73137,32.37002],[-82.73602,32.37095],[-82.73666,32.37182],[-82.73708,32.3748],[-82.73842,32.37599],[-82.74275,32.3755],[-82.74473,32.37594],[-82.74502,32.37653],[-82.74415,32.37847],[-82.74423,32.38022],[-82.74472,32.38083],[-82.74545,32.38073],[-82.74684,32.37929],[-82.74785,32.37918],[-82.74851,32.37974],[-82.74914,32.3819],[-82.75062,32.38314],[-82.7514,32.38326],[-82.7525,32.38252],[-82.75232,32.38051],[-82.75374,32.38002],[-82.75464,32.3806],[-82.75501,32.3825],[-82.75586,32.3835],[-82.75812,32.38238],[-82.75996,32.38216],[-82.76422,32.38474],[-82.77223,32.38721],[-82.77653,32.38797],[-82.78013,32.38961],[-82.78058,32.39028],[-82.78064,32.39267],[-82.78546,32.39689],[-82.78693,32.39685],[-82.78894,32.39578],[-82.78952,32.39484],[-82.78958,32.39316],[-82.79018,32.39262],[-82.79263,32.39351],[-82.79564,32.39361],[-82.79864,32.39513],[-82.80016,32.39694],[-82.79876,32.39914],[-82.79907,32.40028],[-82.80295,32.40086],[-82.80594,32.40212],[-82.80617,32.4038],[-82.80576,32.40582],[-82.80647,32.40715],[-82.80749,32.4074],[-82.80842,32.40656],[-82.80762,32.40487],[-82.80796,32.40403],[-82.80928,32.40384],[-82.81084,32.40484],[-82.811,32.40579],[-82.80961,32.40798],[-82.81005,32.40951],[-82.81096,32.40948],[-82.81238,32.40826],[-82.81314,32.40818],[-82.81513,32.41004],[-82.81705,32.41038],[-82.81721,32.41161],[-82.81782,32.41199],[-82.81874,32.41159],[-82.81932,32.40978],[-82.82016,32.4094],[-82.82431,32.4101],[-82.82507,32.41085],[-82.82586,32.41301],[-82.82739,32.41482],[-82.82966,32.41901],[-82.82988,32.42052],[-82.82948,32.42527],[-82.82876,32.42795],[-82.82726,32.42911],[-82.82411,32.42938],[-82.82358,32.43134],[-82.82404,32.43209],[-82.8257,32.43298],[-82.82838,32.43672],[-82.8277,32.43943],[-82.82808,32.44162],[-82.82639,32.44331],[-82.82633,32.44453],[-82.82744,32.44524],[-82.83019,32.44542],[-82.83231,32.44719],[-82.83091,32.45209],[-82.83143,32.45463],[-82.83224,32.45589],[-82.83405,32.45664],[-82.83698,32.45511],[-82.83892,32.45506],[-82.84257,32.45814],[-82.84675,32.45858],[-82.84739,32.45973],[-82.84707,32.46145],[-82.84746,32.46364],[-82.85306,32.46658],[-82.85965,32.47496],[-82.8598,32.476],[-82.85835,32.47865],[-82.85825,32.48449],[-82.86178,32.48805],[-82.86636,32.48995],[-82.86782,32.49103],[-82.8711,32.49546],[-82.87484,32.49941],[-82.87887,32.50788],[-82.88463,32.51739],[-82.88812,32.52894],[-82.88806,32.53363],[-82.88879,32.53671],[-82.89011,32.53994],[-82.89365,32.54513],[-82.89348,32.5473],[-82.89212,32.54896],[-82.89016,32.55025],[-82.88616,32.55164],[-82.88317,32.55474],[-82.8747,32.56827],[-82.87538,32.57017],[-82.87856,32.57529],[-82.87982,32.57639],[-82.88352,32.57819],[-82.88634,32.58046],[-82.89038,32.58809],[-82.89181,32.59679],[-82.88776,32.60221],[-82.88424,32.60381],[-82.88472,32.60687],[-82.88696,32.61066],[-82.8895,32.61148],[-82.89596,32.61081],[-82.89871,32.6099],[-82.90385,32.60656],[-82.90585,32.60655],[-82.90784,32.60729],[-82.91049,32.60941],[-82.91301,32.61489],[-82.91418,32.62112],[-82.91834,32.62451],[-82.92159,32.62646],[-82.92283,32.63021],[-82.92214,32.63448],[-82.92465,32.63571],[-82.92485,32.63913],[-82.9272,32.64065],[-82.927,32.6416],[-82.92555,32.64248],[-82.9255,32.64326],[-82.92759,32.64446],[-82.92874,32.64611],[-82.93095,32.64617],[-82.93236,32.64679],[-82.93282,32.65008],[-82.93468,32.65136],[-82.93524,32.65227],[-82.93518,32.65346],[-82.93322,32.65619],[-82.93456,32.65915],[-82.933,32.66241],[-82.9333,32.66336],[-82.93506,32.66518],[-82.93512,32.66623],[-82.93375,32.6673],[-82.92974,32.66718],[-82.9287,32.66792],[-82.92845,32.66901],[-82.93027,32.67265],[-82.93112,32.67646],[-82.93684,32.68734],[-82.93778,32.69203],[-82.94106,32.7002],[-82.94221,32.70092],[-82.94508,32.70051],[-82.94669,32.70087],[-82.94814,32.70203],[-82.94962,32.70499],[-82.95429,32.70523],[-82.95632,32.70645],[-82.95684,32.70731],[-82.95701,32.70891],[-82.95449,32.71929],[-82.95298,32.72249],[-82.9502,32.72539],[-82.94933,32.72808],[-82.94639,32.74159],[-82.94632,32.74879],[-82.94499,32.75209],[-82.94708,32.75494],[-82.94736,32.75685],[-82.94685,32.75926],[-82.9494,32.7617],[-82.9503,32.76163],[-82.95082,32.76101],[-82.94845,32.75913],[-82.94838,32.75765],[-82.95159,32.75847],[-82.95385,32.75607],[-82.95503,32.75624],[-82.95551,32.75682],[-82.95401,32.75852],[-82.95433,32.75951],[-82.95554,32.75983],[-82.95831,32.75883],[-82.95991,32.75967],[-82.95899,32.76309],[-82.96033,32.76701],[-82.96074,32.77404],[-82.95739,32.78532],[-82.95643,32.79042],[-82.95667,32.7947],[-82.95818,32.79659],[-82.95641,32.79765],[-82.95448,32.79994],[-82.95414,32.80143],[-82.95582,32.80374],[-82.95752,32.80386],[-82.95813,32.80433],[-82.95809,32.80513],[-82.95736,32.80586],[-82.95758,32.80733],[-82.96093,32.80787],[-82.9616,32.80851],[-82.96394,32.8148],[-82.96671,32.81531],[-82.96813,32.81628],[-82.96833,32.81733],[-82.96689,32.81838],[-82.96676,32.81931],[-82.97194,32.82252],[-82.97189,32.8237],[-82.97142,32.82417],[-82.96764,32.82565],[-82.96682,32.82712],[-82.96751,32.82845],[-82.9716,32.82891],[-82.97373,32.83043],[-82.97353,32.83139],[-82.97024,32.83228],[-82.96983,32.83343],[-82.97007,32.83457],[-82.97275,32.83555],[-82.97279,32.83779],[-82.97348,32.83891],[-82.97728,32.83822],[-82.98,32.84003],[-82.98042,32.84086],[-82.97823,32.84316],[-82.979,32.84442],[-82.98185,32.84543],[-82.98232,32.84527],[-82.98291,32.8438],[-82.98452,32.8434],[-82.9859,32.84602],[-82.98668,32.84659],[-82.99083,32.84802],[-82.99097,32.84935],[-82.98922,32.85007],[-82.98854,32.85086],[-82.98851,32.85184],[-82.98913,32.85266],[-82.99076,32.85313],[-82.99399,32.85296],[-82.99571,32.85095],[-82.99758,32.85088],[-82.99811,32.8514],[-82.99781,32.85448],[-82.99849,32.85555],[-82.99952,32.85563],[-83.00287,32.8544],[-83.00582,32.85621],[-83.00931,32.85476],[-83.01105,32.85352],[-83.012,32.8536],[-83.01287,32.85445],[-83.01433,32.8575],[-83.01581,32.85779],[-83.01907,32.85755],[-83.02191,32.85541],[-83.02668,32.85606],[-83.02923,32.86002],[-83.02991,32.86711],[-83.03104,32.86861],[-83.03406,32.86893],[-83.03468,32.87016],[-83.03461,32.87354],[-83.0373,32.87548],[-83.03768,32.87783],[-83.03684,32.87955],[-83.03727,32.88054],[-83.03819,32.88065],[-83.0395,32.87861],[-83.04101,32.87886],[-83.04209,32.88105],[-83.04578,32.8831],[-83.04657,32.88535],[-83.04845,32.88736],[-83.04759,32.88996],[-83.04925,32.89102],[-83.05081,32.89329],[-83.05002,32.89589],[-83.04777,32.8968],[-83.04762,32.89809],[-83.05163,32.90017],[-83.05216,32.90112],[-83.0512,32.90219],[-83.04889,32.90113],[-83.04784,32.90138],[-83.04798,32.90233],[-83.05012,32.90304],[-83.05071,32.90444],[-83.04983,32.90681],[-83.04762,32.90765],[-83.04726,32.90882],[-83.0476,32.90937],[-83.04935,32.90964],[-83.05187,32.91155],[-83.05227,32.91384],[-83.05711,32.91612],[-83.05726,32.91726],[-83.05572,32.91896],[-83.0558,32.9199],[-83.05657,32.92007],[-83.0587,32.91911],[-83.0598,32.91951],[-83.06016,32.92405],[-83.05682,32.92559],[-83.05646,32.92665],[-83.05727,32.92718],[-83.06221,32.92761],[-83.06461,32.92996],[-83.06365,32.93112],[-83.06076,32.93019],[-83.05966,32.93054],[-83.05963,32.93158],[-83.06077,32.93282],[-83.06075,32.93452],[-83.06176,32.93489],[-83.06539,32.93395],[-83.06661,32.93276],[-83.06786,32.93277],[-83.06815,32.93345],[-83.06719,32.93537],[-83.06691,32.93715],[-83.067,32.94023],[-83.06758,32.942],[-83.06826,32.94231],[-83.06862,32.94109],[-83.0697,32.94107],[-83.07026,32.94229],[-83.07238,32.94362],[-83.073,32.94584],[-83.07474,32.94793],[-83.07557,32.94786],[-83.07734,32.94626],[-83.0791,32.94708],[-83.07867,32.94809],[-83.07562,32.94968],[-83.07555,32.9502],[-83.07623,32.95088],[-83.07976,32.95179],[-83.08152,32.95293],[-83.08242,32.95453],[-83.08539,32.95605],[-83.08618,32.95565],[-83.0862,32.95469],[-83.08359,32.952],[-83.08687,32.95078],[-83.08796,32.95123],[-83.08839,32.95241],[-83.08731,32.95494],[-83.08748,32.95562],[-83.08862,32.95599],[-83.08988,32.95522],[-83.0906,32.95529],[-83.09096,32.956],[-83.09026,32.95785],[-83.09168,32.95953],[-83.09283,32.95988],[-83.09465,32.95921],[-83.09549,32.95995],[-83.09505,32.96167],[-83.0953,32.96345],[-83.09422,32.96506],[-83.09413,32.9683],[-83.09528,32.96822],[-83.09593,32.96615],[-83.09825,32.96625],[-83.10018,32.96574],[-83.10375,32.96991],[-83.10815,32.96913],[-83.10876,32.96984],[-83.10869,32.97263],[-83.10911,32.97333],[-83.11075,32.97362],[-83.11354,32.97276],[-83.11522,32.9736],[-83.11501,32.97748],[-83.11654,32.98121],[-83.11918,32.98213],[-83.12126,32.98393],[-83.124,32.98331],[-83.12486,32.98357],[-83.12528,32.98486],[-83.12488,32.98577],[-83.12385,32.98622],[-83.12121,32.98627],[-83.12072,32.98673],[-83.12081,32.98743],[-83.12194,32.98833],[-83.12734,32.98931],[-83.12812,32.98978],[-83.12835,32.99054],[-83.12755,32.99175],[-83.12387,32.99223],[-83.12306,32.9929],[-83.12318,32.99394],[-83.12528,32.99544],[-83.12579,32.9966],[-83.12529,32.99767],[-83.1224,32.99984],[-83.12233,33.00072],[-83.12294,33.00166],[-83.12412,33.00179],[-83.12764,32.99946],[-83.12963,32.99945],[-83.13094,33.00078],[-83.13079,33.00489],[-83.1321,33.0071],[-83.13373,33.00748],[-83.13745,33.00726],[-83.14303,33.00881],[-83.14664,33.00886],[-83.1489,33.00812],[-83.14993,33.00647],[-83.14987,33.00522],[-83.14829,33.00132],[-83.1489,32.99852],[-83.15084,32.99692],[-83.1534,32.99726],[-83.15544,32.9987],[-83.16864,33.01262],[-83.17456,33.01629],[-83.17833,33.02106],[-83.18057,33.02259],[-83.18389,33.02402],[-83.18701,33.02722],[-83.19151,33.03082],[-83.20342,33.0378],[-83.20608,33.04015],[-83.20645,33.04127],[-83.20596,33.04224],[-83.20194,33.04487],[-83.19851,33.04609],[-83.19711,33.04796],[-83.19655,33.05314],[-83.19948,33.05959],[-83.19807,33.06455],[-83.1981,33.06662],[-83.19926,33.07005],[-83.20027,33.0712],[-83.20897,33.07433],[-83.21441,33.07795],[-83.21441,33.08828],[-83.21505,33.09202],[-83.21383,33.09459],[-83.21337,33.09734],[-83.21164,33.09937],[-83.21017,33.10425],[-83.2045,33.10928],[-83.20352,33.11239],[-83.20179,33.11496],[-83.20187,33.11854],[-83.20132,33.12274],[-83.20252,33.12659],[-83.20268,33.12984],[-83.20231,33.13142],[-83.20114,33.13229],[-83.20094,33.13381],[-83.20207,33.14028]]]}},{"type":"Feature","properties":{"layer":"habitat","species":"Atlantic sturgeon","status":"Endangered","stage":"final","unit":"Unit 6 Satilla River","source":"NOAA Fisheries"},"geometry":{"type":"MultiLineString","coordinates":[[[-82.83743,31.4],[-82.8379,31.40094],[-82.83964,31.40177],[-82.84225,31.40145],[-82.84414,31.4034],[-82.84501,31.40527],[-82.84576,31.40893],[-82.84545,31.41243],[-82.84592,31.41397],[-82.84679,31.41452],[-82.84983,31.41406],[-82.86251,31.4106],[-82.86643,31.41172],[-82.87102,31.41163],[-82.87881,31.41743],[-82.87808,31.41944],[-82.87894,31.42164],[-82.87833,31.42364],[-82.87911,31.42565],[-82.88041,31.42621],[-82.88335,31.42504],[-82.88556,31.42496],[-82.8886,31.4256],[-82.89182,31.4284],[-82.89248,31.43063],[-82.89832,31.4366],[-82.90039,31.43615],[-82.90157,31.43771],[-82.90555,31.43769],[-82.90977,31.4384],[-82.91242,31.43897],[-82.91393,31.44037],[-82.916,31.44067],[-82.92015,31.43936],[-82.92142,31.43734],[-82.92231,31.43691],[-82.9247,31.43763],[-82.92679,31.43699],[-82.92914,31.43705],[-82.93224,31.43604],[-82.93745,31.43618],[-82.93844,31.43561],[-82.94079,31.43588],[-82.94214,31.43524],[-82.94835,31.43739],[-82.94974,31.4372],[-82.9509,31.43771],[-82.95616,31.43725],[-82.9583,31.43658],[-82.96384,31.43789],[-82.96643,31.4398],[-82.96715,31.44147],[-82.96607,31.44396],[-82.96732,31.44623],[-82.96703,31.44679],[-82.96575,31.44709],[-82.96844,31.44891],[-82.97033,31.44893],[-82.97245,31.4498],[-82.97397,31.44931],[-82.9765,31.44946],[-82.97964,31.45059],[-82.98253,31.45103],[-82.98465,31.45037],[-82.98781,31.45069],[-82.9902,31.45026],[-82.99414,31.44818],[-82.99697,31.44793],[-82.99864,31.44731],[-82.99971,31.44624],[-83.00185,31.44579],[-83.0025,31.4442],[-83.00389,31.44398],[-83.00559,31.44258],[-83.00587,31.44102],[-83.00846,31.44003],[-83.01343,31.43493],[-83.01411,31.43355],[-83.01642,31.43145],[-83.01819,31.43057],[-83.02082,31.43106],[-83.02479,31.42831],[-83.02658,31.4279],[-83.02861,31.42873],[-83.03068,31.42858],[-83.03545,31.4305],[-83.03571,31.43162],[-83.03831,31.43322],[-83.03885,31.43515],[-83.03997,31.43594],[-83.03942,31.43929],[-83.04092,31.43972],[-83.04096,31.44141],[-83.04352,31.44272],[-83.04571,31.44253],[-83.04842,31.44369],[-83.05009,31.4455],[-83.05312,31.44653],[-83.05596,31.44926],[-83.06261,31.45287],[-83.06457,31.45302],[-83.06591,31.45182],[-83.06703,31.45153],[-83.07152,31.45224],[-83.07444,31.45436],[-83.07607,31.45467],[-83.07763,31.45576],[-83.08048,31.4608],[-83.08181,31.46157],[-83.08303,31.46317],[-83.08348,31.46656],[-83.08314,31.46795],[-83.07885,31.47122],[-83.07871,31.47228],[-83.0774,31.47263],[-83.07751,31.47425],[-83.07653,31.47645],[-83.07849,31.47742],[-83.07877,31.4794],[-83.08273,31.48074],[-83.08663,31.48338],[-83.08746,31.48595],[-83.08785,31.49082],[-83.0885,31.4926],[-83.08834,31.49391],[-83.08731,31.49508],[-83.08625,31.49543],[-83.08535,31.49639],[-83.08283,31.49661],[-83.08138,31.49778],[-83.08109,31.49899],[-83.0819,31.50254],[-83.0818,31.5041]]]}}]}